id,texto,classe
1,"Ressonância magnética de coluna lombar. Indicação: lombalgia crônica. Supradesnivelamento do segmento ST em parede anterior. Bloqueio de ramo direito incompleto. Conclusão: Resultado crítico, acionar protocolo de emergência.",urgente
2,Ultrassonografia de abdome total. Indicação: cefaleia intensa. Fígado de dimensões e ecotextura normais. Parênquima pulmonar com transparência preservada. Não há supradesnivelamento do segmento ST.,normal
3,Tomografia computadorizada de crânio sem contraste. Indicação: cefaleia intensa. Descolamento prematuro de placenta com sinais de sofrimento fetal. Fígado de dimensões e ecotextura normais.,urgente
4,Tomografia computadorizada de crânio sem contraste. Indicação: controle de rotina. Seios costofrênicos livres. Corpos vertebrais com altura e alinhamento preservados. Conclusão: Exame dentro dos limites da normalidade.,normal
5,"Tomografia computadorizada de crânio sem contraste. Indicação: síncope. Sistema ventricular de dimensões preservadas. Rins de forma, tamanho e contornos normais. Conclusão: Sem alterações significativas.",normal
6,"Ultrassonografia de abdome total. Indicação: síncope. Área cardíaca dentro dos limites da normalidade. Vesícula biliar de paredes finas, sem cálculos. Conclusão: Sem alterações significativas.",normal
7,Tomografia computadorizada de tórax. Indicação: cefaleia intensa. Não há sinais de perfuração. Esteatose hepática moderada. Seios costofrênicos livres. Conclusão: Recomenda-se acompanhamento ambulatorial.,atencao
8,"Ultrassonografia obstétrica. Indicação: síncope. Sem evidência de pneumotórax. Rins de forma, tamanho e contornos normais. Ritmo sinusal com frequência cardíaca normal.",normal
9,"Angiotomografia de artérias pulmonares. Indicação: dor abdominal. Protrusão discal L4-L5 com compressão radicular leve. Apendicite aguda com sinais de perfuração e abscesso. Conclusão: Resultado crítico, acionar protocolo de emergência.",urgente
10,Ultrassonografia de abdome total. Indicação: avaliação pré-operatória. Protrusão discal L4-L5 com compressão radicular leve. Área cardíaca dentro dos limites da normalidade. Conclusão: Achado que requer seguimento em consulta.,atencao
11,Ultrassonografia de abdome total. Indicação: dor abdominal. Bloqueio de ramo direito incompleto. Fígado de dimensões e ecotextura normais. Conclusão: Achado que requer seguimento em consulta.,atencao
12,Tomografia computadorizada de tórax. Indicação: lombalgia crônica. Aorta de calibre normal. Nódulo pulmonar sólido de 8 mm no lobo superior direito. Conclusão: Sugere-se correlação clínica e controle evolutivo.,atencao
13,"Tomografia computadorizada de crânio sem contraste. Indicação: febre persistente. Hematoma subdural agudo com efeito de massa. Esteatose hepática moderada. Conclusão: Resultado crítico, acionar protocolo de emergência.",urgente
14,Angiotomografia de artérias pulmonares. Indicação: febre persistente. Parênquima pulmonar com transparência preservada. Corpos vertebrais com altura e alinhamento preservados. Conclusão: Estudo sem achados relevantes.,normal
15,Angiotomografia de artérias pulmonares. Indicação: lombalgia crônica. Sistema ventricular de dimensões preservadas. Estruturas avaliadas com aspecto habitual. Conclusão: Exame dentro dos limites da normalidade.,normal
16,"Ressonância magnética de coluna lombar. Indicação: controle de rotina. Linfonodos mediastinais levemente aumentados. Rins de forma, tamanho e contornos normais. Não há supradesnivelamento do segmento ST.",atencao
17,Angiotomografia de artérias pulmonares. Indicação: cefaleia intensa. Parênquima pulmonar com transparência preservada. Estruturas avaliadas com aspecto habitual. Sem sinais de tromboembolismo. Conclusão: Sem alterações significativas.,normal
18,Tomografia computadorizada de tórax. Indicação: dor abdominal. Corpos vertebrais com altura e alinhamento preservados. Sem desvio da linha média. Nódulo pulmonar sólido de 8 mm no lobo superior direito.,atencao
19,Ressonância magnética de coluna lombar. Indicação: dispneia progressiva. Sistema ventricular de dimensões preservadas. Corpos vertebrais com altura e alinhamento preservados. Conclusão: Exame dentro dos limites da normalidade.,normal
20,Ultrassonografia obstétrica. Indicação: dor abdominal. Fígado de dimensões e ecotextura normais. Não há supradesnivelamento do segmento ST. Parênquima pulmonar com transparência preservada.,normal
21,"Tomografia computadorizada de tórax. Indicação: trauma após queda. Vesícula biliar de paredes finas, sem cálculos. Área cardíaca dentro dos limites da normalidade. Conclusão: Sem alterações significativas.",normal
22,Angiotomografia de artérias pulmonares. Indicação: controle de rotina. Esteatose hepática moderada. Traçado sem alterações da repolarização ventricular. Conclusão: Achado que requer seguimento em consulta.,atencao
23,Ultrassonografia obstétrica. Indicação: síncope. Sem evidência de pneumotórax. Seios costofrênicos livres. Bloqueio de ramo direito incompleto.,atencao
24,"Tomografia computadorizada de crânio sem contraste. Indicação: síncope. Não há sinais de perfuração. Vesícula biliar de paredes finas, sem cálculos. Pequeno derrame pleural à esquerda. Conclusão: Achado que requer seguimento em consulta.",atencao
25,"Ressonância magnética de coluna lombar. Indicação: síncope. Seios costofrênicos livres. Ausência de sinais de hemorragia. Rins de forma, tamanho e contornos normais.",normal
26,"Eletrocardiograma de repouso. Indicação: síncope. Rins de forma, tamanho e contornos normais. Parênquima pulmonar com transparência preservada. Conclusão: Sem alterações significativas.",normal
27,Ressonância magnética de coluna lombar. Indicação: controle de rotina. Seios costofrênicos livres. Opacidade em vidro fosco periférica de pequena extensão. Conclusão: Sugere-se correlação clínica e controle evolutivo.,atencao
28,Tomografia computadorizada de tórax. Indicação: lombalgia crônica. Esteatose hepática moderada. Sem evidência de pneumotórax. Corpos vertebrais com altura e alinhamento preservados. Conclusão: Sugere-se correlação clínica e controle evolutivo.,atencao
29,Ultrassonografia obstétrica. Indicação: controle de rotina. Fibrilação ventricular. Seios costofrênicos livres. Conclusão: Necessita avaliação médica imediata.,urgente
30,Ultrassonografia obstétrica. Indicação: avaliação pré-operatória. Parênquima pulmonar com transparência preservada. Área cardíaca dentro dos limites da normalidade. Conclusão: Sem alterações significativas.,normal
31,"Eletrocardiograma de repouso. Indicação: controle de rotina. Corpos vertebrais com altura e alinhamento preservados. Rins de forma, tamanho e contornos normais. Conclusão: Exame dentro dos limites da normalidade.",normal
32,"Eletrocardiograma de repouso. Indicação: lombalgia crônica. Vesícula biliar de paredes finas, sem cálculos. Sistema ventricular de dimensões preservadas.",normal
33,Ultrassonografia de abdome total. Indicação: febre persistente. Parênquima pulmonar com transparência preservada. Traçado sem alterações da repolarização ventricular.,normal
34,Eletrocardiograma de repouso. Indicação: dor abdominal. Corpos vertebrais com altura e alinhamento preservados. Pequeno derrame pleural à esquerda.,atencao
35,Ressonância magnética de coluna lombar. Indicação: síncope. Esteatose hepática moderada. Compressão medular aguda com sinais de mielopatia.,urgente
36,"Radiografia de tórax em PA e perfil. Indicação: síncope. Sem sinais de tromboembolismo. Vesícula biliar de paredes finas, sem cálculos. Protrusão discal L4-L5 com compressão radicular leve.",atencao
37,Eletrocardiograma de repouso. Indicação: lombalgia crônica. Sem desvio da linha média. Parênquima pulmonar com transparência preservada. Traçado sem alterações da repolarização ventricular.,normal
38,Tomografia computadorizada de tórax. Indicação: trauma após queda. Aorta de calibre normal. Esteatose hepática moderada.,atencao
39,Ultrassonografia obstétrica. Indicação: controle de rotina. Cisto ovariano complexo de 4 cm. Sem desvio da linha média. Traçado sem alterações da repolarização ventricular. Conclusão: Recomenda-se acompanhamento ambulatorial.,atencao
40,Eletrocardiograma de repouso. Indicação: dor abdominal. Corpos vertebrais com altura e alinhamento preservados. Espessamento parietal da vesícula biliar sem sinais de complicação.,atencao
41,Tomografia computadorizada de crânio sem contraste. Indicação: avaliação pré-operatória. Traçado sem alterações da repolarização ventricular. Linfonodos mediastinais levemente aumentados.,atencao
42,Angiotomografia de artérias pulmonares. Indicação: trauma após queda. Não há sinais de perfuração. Corpos vertebrais com altura e alinhamento preservados. Fígado de dimensões e ecotextura normais. Conclusão: Sem alterações significativas.,normal
43,Radiografia de tórax em PA e perfil. Indicação: dor torácica. Traçado sem alterações da repolarização ventricular. Descolamento prematuro de placenta com sinais de sofrimento fetal. Conclusão: Achado crítico: comunicado à equipe assistente.,urgente
44,Radiografia de tórax em PA e perfil. Indicação: febre persistente. Ritmo sinusal com frequência cardíaca normal. Área cardíaca dentro dos limites da normalidade. Conclusão: Sem alterações significativas.,normal
45,Ressonância magnética de coluna lombar. Indicação: dispneia progressiva. Sistema ventricular de dimensões preservadas. Parênquima pulmonar com transparência preservada. Conclusão: Estudo sem achados relevantes.,normal
46,Ultrassonografia de abdome total. Indicação: febre persistente. Parênquima pulmonar com transparência preservada. Linfonodos mediastinais levemente aumentados. Conclusão: Recomenda-se acompanhamento ambulatorial.,atencao
47,Ultrassonografia de abdome total. Indicação: lombalgia crônica. Não há supradesnivelamento do segmento ST. Linfonodos mediastinais levemente aumentados. Corpos vertebrais com altura e alinhamento preservados.,atencao
48,Tomografia computadorizada de tórax. Indicação: avaliação pré-operatória. Ritmo sinusal com frequência cardíaca normal. Apendicite aguda com sinais de perfuração e abscesso.,urgente
49,Ressonância magnética de coluna lombar. Indicação: dor abdominal. Área cardíaca dentro dos limites da normalidade. Cálculo renal não obstrutivo de 6 mm à direita. Conclusão: Achado que requer seguimento em consulta.,atencao
50,Radiografia de tórax em PA e perfil. Indicação: síncope. Área cardíaca dentro dos limites da normalidade. Não há supradesnivelamento do segmento ST. Traçado sem alterações da repolarização ventricular.,normal
51,Ultrassonografia obstétrica. Indicação: trauma após queda. Parênquima pulmonar com transparência preservada. Aorta de calibre normal. Ausência de sinais de hemorragia. Conclusão: Sem alterações significativas.,normal
52,"Tomografia computadorizada de tórax. Indicação: trauma após queda. Linfonodos mediastinais levemente aumentados. Pneumotórax hipertensivo à direita com desvio do mediastino. Conclusão: Resultado crítico, acionar protocolo de emergência.",urgente
53,Eletrocardiograma de repouso. Indicação: dor torácica. Fígado de dimensões e ecotextura normais. Linfonodos mediastinais levemente aumentados. Sem sinais de tromboembolismo.,atencao
54,Radiografia de tórax em PA e perfil. Indicação: trauma após queda. Seios costofrênicos livres. Corpos vertebrais com altura e alinhamento preservados. Sem desvio da linha média. Conclusão: Exame dentro dos limites da normalidade.,normal
55,"Ressonância magnética de coluna lombar. Indicação: controle de rotina. Rins de forma, tamanho e contornos normais. Seios costofrênicos livres. Sem sinais de tromboembolismo.",normal
56,Tomografia computadorizada de crânio sem contraste. Indicação: dor torácica. Estruturas avaliadas com aspecto habitual. Pneumoperitônio compatível com perfuração de víscera oca. Conclusão: Achado crítico: comunicado à equipe assistente.,urgente
57,Angiotomografia de artérias pulmonares. Indicação: lombalgia crônica. Fígado de dimensões e ecotextura normais. Traçado sem alterações da repolarização ventricular. Conclusão: Sem alterações significativas.,normal
58,Tomografia computadorizada de tórax. Indicação: dispneia progressiva. Fígado de dimensões e ecotextura normais. Pneumotórax hipertensivo à direita com desvio do mediastino.,urgente
59,"Ressonância magnética de coluna lombar. Indicação: febre persistente. Traçado sem alterações da repolarização ventricular. Rins de forma, tamanho e contornos normais. Conclusão: Sem alterações significativas.",normal
60,Ultrassonografia de abdome total. Indicação: dor torácica. Parênquima pulmonar com transparência preservada. Ritmo sinusal com frequência cardíaca normal. Conclusão: Estudo sem achados relevantes.,normal
61,Tomografia computadorizada de tórax. Indicação: cefaleia intensa. Ausência de sinais de hemorragia. Aorta de calibre normal. Nódulo pulmonar sólido de 8 mm no lobo superior direito.,atencao
62,Eletrocardiograma de repouso. Indicação: controle de rotina. Protrusão discal L4-L5 com compressão radicular leve. Área cardíaca dentro dos limites da normalidade.,atencao
63,Radiografia de tórax em PA e perfil. Indicação: dor abdominal. Bloqueio de ramo direito incompleto. Fígado de dimensões e ecotextura normais.,atencao
64,"Tomografia computadorizada de crânio sem contraste. Indicação: avaliação pré-operatória. Vesícula biliar de paredes finas, sem cálculos. Corpos vertebrais com altura e alinhamento preservados. Sem desvio da linha média. Conclusão: Sem alterações significativas.",normal
65,Tomografia computadorizada de crânio sem contraste. Indicação: trauma após queda. Estruturas avaliadas com aspecto habitual. Hemorragia intraparenquimatosa extensa com desvio da linha média. Conclusão: Necessita avaliação médica imediata.,urgente
66,"Tomografia computadorizada de tórax. Indicação: controle de rotina. Estruturas avaliadas com aspecto habitual. Vesícula biliar de paredes finas, sem cálculos. Conclusão: Exame dentro dos limites da normalidade.",normal
67,"Ressonância magnética de coluna lombar. Indicação: dispneia progressiva. Rins de forma, tamanho e contornos normais. Parênquima pulmonar com transparência preservada. Sem sinais de tromboembolismo. Conclusão: Estudo sem achados relevantes.",normal
68,Angiotomografia de artérias pulmonares. Indicação: cefaleia intensa. Espessamento parietal da vesícula biliar sem sinais de complicação. Fígado de dimensões e ecotextura normais. Conclusão: Achado que requer seguimento em consulta.,atencao
69,"Ressonância magnética de coluna lombar. Indicação: trauma após queda. Rins de forma, tamanho e contornos normais. Fígado de dimensões e ecotextura normais. Conclusão: Estudo sem achados relevantes.",normal
70,Ultrassonografia de abdome total. Indicação: lombalgia crônica. Área cardíaca dentro dos limites da normalidade. Sem desvio da linha média. Ritmo sinusal com frequência cardíaca normal. Conclusão: Estudo sem achados relevantes.,normal
71,Radiografia de tórax em PA e perfil. Indicação: dor abdominal. Estruturas avaliadas com aspecto habitual. Traçado sem alterações da repolarização ventricular. Não há supradesnivelamento do segmento ST. Conclusão: Estudo sem achados relevantes.,normal
72,Angiotomografia de artérias pulmonares. Indicação: avaliação pré-operatória. Área cardíaca dentro dos limites da normalidade. Estruturas avaliadas com aspecto habitual. Conclusão: Exame dentro dos limites da normalidade.,normal
73,Angiotomografia de artérias pulmonares. Indicação: dor abdominal. Aorta de calibre normal. Espessamento parietal da vesícula biliar sem sinais de complicação. Ausência de sinais de hemorragia. Conclusão: Sugere-se correlação clínica e controle evolutivo.,atencao
74,Radiografia de tórax em PA e perfil. Indicação: febre persistente. Linfonodos mediastinais levemente aumentados. Não há sinais de perfuração. Área cardíaca dentro dos limites da normalidade.,atencao
75,Ressonância magnética de coluna lombar. Indicação: avaliação pré-operatória. Ritmo sinusal com frequência cardíaca normal. Sem evidência de pneumotórax. Fígado de dimensões e ecotextura normais. Conclusão: Exame dentro dos limites da normalidade.,normal
76,"Ressonância magnética de coluna lombar. Indicação: febre persistente. Vesícula biliar de paredes finas, sem cálculos. Pequeno derrame pleural à esquerda. Conclusão: Sugere-se correlação clínica e controle evolutivo.",atencao
77,Tomografia computadorizada de crânio sem contraste. Indicação: cefaleia intensa. Traçado sem alterações da repolarização ventricular. Área cardíaca dentro dos limites da normalidade. Não há supradesnivelamento do segmento ST. Conclusão: Sem alterações significativas.,normal
78,"Ultrassonografia de abdome total. Indicação: dor abdominal. Não há sinais de perfuração. Seios costofrênicos livres. Vesícula biliar de paredes finas, sem cálculos. Conclusão: Sem alterações significativas.",normal
79,Ultrassonografia de abdome total. Indicação: cefaleia intensa. Parênquima pulmonar com transparência preservada. Corpos vertebrais com altura e alinhamento preservados. Conclusão: Exame dentro dos limites da normalidade.,normal
80,Ultrassonografia de abdome total. Indicação: controle de rotina. Seios costofrênicos livres. Ritmo sinusal com frequência cardíaca normal. Não há supradesnivelamento do segmento ST. Conclusão: Sem alterações significativas.,normal
81,Tomografia computadorizada de crânio sem contraste. Indicação: dor torácica. Pequeno derrame pleural à esquerda. Ritmo sinusal com frequência cardíaca normal.,atencao
82,Ressonância magnética de coluna lombar. Indicação: cefaleia intensa. Corpos vertebrais com altura e alinhamento preservados. Hemorragia intraparenquimatosa extensa com desvio da linha média.,urgente
83,Angiotomografia de artérias pulmonares. Indicação: avaliação pré-operatória. Seios costofrênicos livres. Nódulo pulmonar sólido de 8 mm no lobo superior direito. Conclusão: Recomenda-se acompanhamento ambulatorial.,atencao
84,"Ultrassonografia obstétrica. Indicação: controle de rotina. Rins de forma, tamanho e contornos normais. Nódulo pulmonar sólido de 8 mm no lobo superior direito. Conclusão: Sugere-se correlação clínica e controle evolutivo.",atencao
85,Ultrassonografia obstétrica. Indicação: dor torácica. Fígado de dimensões e ecotextura normais. Sem desvio da linha média. Parênquima pulmonar com transparência preservada. Conclusão: Estudo sem achados relevantes.,normal
86,"Angiotomografia de artérias pulmonares. Indicação: dor abdominal. Corpos vertebrais com altura e alinhamento preservados. Vesícula biliar de paredes finas, sem cálculos.",normal
87,Angiotomografia de artérias pulmonares. Indicação: dispneia progressiva. Sem evidência de pneumotórax. Estruturas avaliadas com aspecto habitual. Área cardíaca dentro dos limites da normalidade. Conclusão: Sem alterações significativas.,normal
88,Ultrassonografia de abdome total. Indicação: controle de rotina. Parênquima pulmonar com transparência preservada. Ritmo sinusal com frequência cardíaca normal. Conclusão: Estudo sem achados relevantes.,normal
89,Ultrassonografia de abdome total. Indicação: síncope. Sistema ventricular de dimensões preservadas. Bloqueio de ramo direito incompleto. Conclusão: Achado que requer seguimento em consulta.,atencao
90,Ressonância magnética de coluna lombar. Indicação: síncope. Aneurisma de aorta abdominal roto. Aorta de calibre normal.,urgente
91,"Ultrassonografia de abdome total. Indicação: avaliação pré-operatória. Fígado de dimensões e ecotextura normais. Ausência de sinais de hemorragia. Vesícula biliar de paredes finas, sem cálculos. Conclusão: Exame dentro dos limites da normalidade.",urgente
92,Radiografia de tórax em PA e perfil. Indicação: dor abdominal. Cisto ovariano complexo de 4 cm. Ritmo sinusal com frequência cardíaca normal.,atencao
93,Ressonância magnética de coluna lombar. Indicação: dor torácica. Área cardíaca dentro dos limites da normalidade. Compressão medular aguda com sinais de mielopatia.,urgente
94,Ressonância magnética de coluna lombar. Indicação: cefaleia intensa. Hematoma subdural agudo com efeito de massa. Extrassístoles ventriculares frequentes. Conclusão: Necessita avaliação médica imediata.,urgente
95,Tomografia computadorizada de tórax. Indicação: controle de rotina. Extrassístoles ventriculares frequentes. Seios costofrênicos livres. Conclusão: Recomenda-se acompanhamento ambulatorial.,atencao
96,"Ressonância magnética de coluna lombar. Indicação: trauma após queda. Traçado sem alterações da repolarização ventricular. Rins de forma, tamanho e contornos normais. Conclusão: Estudo sem achados relevantes.",normal
97,"Tomografia computadorizada de tórax. Indicação: dor torácica. Rins de forma, tamanho e contornos normais. Sem sinais de tromboembolismo. Aorta de calibre normal. Conclusão: Estudo sem achados relevantes.",normal
98,Tomografia computadorizada de crânio sem contraste. Indicação: avaliação pré-operatória. Sistema ventricular de dimensões preservadas. Aneurisma de aorta abdominal roto. Conclusão: Necessita avaliação médica imediata.,urgente
99,Tomografia computadorizada de crânio sem contraste. Indicação: dor abdominal. Estruturas avaliadas com aspecto habitual. Corpos vertebrais com altura e alinhamento preservados. Sem evidência de pneumotórax. Conclusão: Exame dentro dos limites da normalidade.,normal
100,Radiografia de tórax em PA e perfil. Indicação: febre persistente. Extrassístoles ventriculares frequentes. Apendicite aguda com sinais de perfuração e abscesso.,urgente
101,"Angiotomografia de artérias pulmonares. Indicação: dor abdominal. Seios costofrênicos livres. Vesícula biliar de paredes finas, sem cálculos. Sem desvio da linha média. Conclusão: Exame dentro dos limites da normalidade.",normal
102,Radiografia de tórax em PA e perfil. Indicação: dispneia progressiva. Ausência de sinais de hemorragia. Sistema ventricular de dimensões preservadas. Nódulo pulmonar sólido de 8 mm no lobo superior direito. Conclusão: Sugere-se correlação clínica e controle evolutivo.,atencao
103,Tomografia computadorizada de crânio sem contraste. Indicação: lombalgia crônica. Parênquima pulmonar com transparência preservada. Sistema ventricular de dimensões preservadas.,normal
104,Tomografia computadorizada de tórax. Indicação: síncope. Área cardíaca dentro dos limites da normalidade. Não há sinais de perfuração. Seios costofrênicos livres. Conclusão: Estudo sem achados relevantes.,normal
105,"Eletrocardiograma de repouso. Indicação: dispneia progressiva. Discreta cardiomegalia. Pneumotórax hipertensivo à direita com desvio do mediastino. Conclusão: Resultado crítico, acionar protocolo de emergência.",urgente
106,Tomografia computadorizada de tórax. Indicação: dor torácica. Sistema ventricular de dimensões preservadas. Estruturas avaliadas com aspecto habitual. Não há sinais de perfuração. Conclusão: Exame dentro dos limites da normalidade.,normal
107,"Eletrocardiograma de repouso. Indicação: cefaleia intensa. Pneumoperitônio compatível com perfuração de víscera oca. Pequeno derrame pleural à esquerda. Conclusão: Resultado crítico, acionar protocolo de emergência.",urgente
108,Angiotomografia de artérias pulmonares. Indicação: controle de rotina. Sem desvio da linha média. Seios costofrênicos livres. Sistema ventricular de dimensões preservadas. Conclusão: Sem alterações significativas.,normal
109,Eletrocardiograma de repouso. Indicação: síncope. Área cardíaca dentro dos limites da normalidade. Estruturas avaliadas com aspecto habitual. Conclusão: Sem alterações significativas.,normal
110,"Angiotomografia de artérias pulmonares. Indicação: síncope. Discreta cardiomegalia. Vesícula biliar de paredes finas, sem cálculos. Sem desvio da linha média.",atencao
111,Ultrassonografia obstétrica. Indicação: síncope. Corpos vertebrais com altura e alinhamento preservados. Discreta cardiomegalia. Sem desvio da linha média. Conclusão: Achado que requer seguimento em consulta.,atencao
112,Tomografia computadorizada de tórax. Indicação: cefaleia intensa. Área cardíaca dentro dos limites da normalidade. Espessamento parietal da vesícula biliar sem sinais de complicação.,atencao
113,Tomografia computadorizada de tórax. Indicação: dor torácica. Seios costofrênicos livres. Parênquima pulmonar com transparência preservada. Conclusão: Estudo sem achados relevantes.,normal
114,Eletrocardiograma de repouso. Indicação: dor abdominal. Aorta de calibre normal. Sem sinais de tromboembolismo. Parênquima pulmonar com transparência preservada.,normal
115,"Radiografia de tórax em PA e perfil. Indicação: síncope. Vesícula biliar de paredes finas, sem cálculos. Cisto ovariano complexo de 4 cm. Conclusão: Recomenda-se acompanhamento ambulatorial.",atencao
116,Tomografia computadorizada de crânio sem contraste. Indicação: cefaleia intensa. Cisto ovariano complexo de 4 cm. Parênquima pulmonar com transparência preservada.,atencao
117,"Ultrassonografia obstétrica. Indicação: síncope. Não há sinais de perfuração. Rins de forma, tamanho e contornos normais. Corpos vertebrais com altura e alinhamento preservados. Conclusão: Estudo sem achados relevantes.",normal
118,Radiografia de tórax em PA e perfil. Indicação: febre persistente. Extrassístoles ventriculares frequentes. Falha de enchimento em artéria pulmonar principal compatível com tromboembolismo.,urgente
119,Ressonância magnética de coluna lombar. Indicação: dor torácica. Protrusão discal L4-L5 com compressão radicular leve. Fígado de dimensões e ecotextura normais.,atencao
120,Ultrassonografia de abdome total. Indicação: controle de rotina. Descolamento prematuro de placenta com sinais de sofrimento fetal. Extrassístoles ventriculares frequentes. Conclusão: Necessita avaliação médica imediata.,urgente
121,Tomografia computadorizada de crânio sem contraste. Indicação: trauma após queda. Espessamento parietal da vesícula biliar sem sinais de complicação. Ritmo sinusal com frequência cardíaca normal.,atencao
122,"Ressonância magnética de coluna lombar. Indicação: dor torácica. Vesícula biliar de paredes finas, sem cálculos. Área cardíaca dentro dos limites da normalidade. Não há supradesnivelamento do segmento ST. Conclusão: Estudo sem achados relevantes.",normal
123,Radiografia de tórax em PA e perfil. Indicação: controle de rotina. Ritmo sinusal com frequência cardíaca normal. Hemorragia intraparenquimatosa extensa com desvio da linha média. Conclusão: Achado crítico: comunicado à equipe assistente.,urgente
124,Ultrassonografia de abdome total. Indicação: dispneia progressiva. Corpos vertebrais com altura e alinhamento preservados. Sistema ventricular de dimensões preservadas. Conclusão: Exame dentro dos limites da normalidade.,normal
125,"Ultrassonografia obstétrica. Indicação: controle de rotina. Corpos vertebrais com altura e alinhamento preservados. Rins de forma, tamanho e contornos normais. Conclusão: Sem alterações significativas.",normal
126,Tomografia computadorizada de crânio sem contraste. Indicação: dispneia progressiva. Seios costofrênicos livres. Sem sinais de tromboembolismo. Estruturas avaliadas com aspecto habitual. Conclusão: Estudo sem achados relevantes.,normal
127,Angiotomografia de artérias pulmonares. Indicação: lombalgia crônica. Traçado sem alterações da repolarização ventricular. Estruturas avaliadas com aspecto habitual. Sem evidência de pneumotórax. Conclusão: Exame dentro dos limites da normalidade.,normal
128,Eletrocardiograma de repouso. Indicação: dispneia progressiva. Dissecção de aorta torácica tipo A. Bloqueio de ramo direito incompleto. Conclusão: Necessita avaliação médica imediata.,urgente
129,Angiotomografia de artérias pulmonares. Indicação: síncope. Pequeno derrame pleural à esquerda. Estruturas avaliadas com aspecto habitual. Conclusão: Achado que requer seguimento em consulta.,atencao
130,Eletrocardiograma de repouso. Indicação: cefaleia intensa. Espessamento parietal da vesícula biliar sem sinais de complicação. Parênquima pulmonar com transparência preservada. Conclusão: Sugere-se correlação clínica e controle evolutivo.,atencao
131,"Eletrocardiograma de repouso. Indicação: trauma após queda. Vesícula biliar de paredes finas, sem cálculos. Esteatose hepática moderada.",atencao
132,Angiotomografia de artérias pulmonares. Indicação: dor abdominal. Traçado sem alterações da repolarização ventricular. Área cardíaca dentro dos limites da normalidade.,normal
133,Angiotomografia de artérias pulmonares. Indicação: febre persistente. Aorta de calibre normal. Bloqueio de ramo direito incompleto. Não há supradesnivelamento do segmento ST. Conclusão: Achado que requer seguimento em consulta.,atencao
134,Ultrassonografia obstétrica. Indicação: dor abdominal. Esteatose hepática moderada. Hematoma subdural agudo com efeito de massa. Conclusão: Necessita avaliação médica imediata.,urgente
135,Eletrocardiograma de repouso. Indicação: lombalgia crônica. Traçado sem alterações da repolarização ventricular. Esteatose hepática moderada. Conclusão: Recomenda-se acompanhamento ambulatorial.,atencao
136,Eletrocardiograma de repouso. Indicação: febre persistente. Não há sinais de perfuração. Protrusão discal L4-L5 com compressão radicular leve. Sistema ventricular de dimensões preservadas. Conclusão: Achado que requer seguimento em consulta.,atencao
137,"Tomografia computadorizada de crânio sem contraste. Indicação: avaliação pré-operatória. Discreta cardiomegalia. Não há supradesnivelamento do segmento ST. Vesícula biliar de paredes finas, sem cálculos. Conclusão: Recomenda-se acompanhamento ambulatorial.",atencao
138,"Ultrassonografia de abdome total. Indicação: dor abdominal. Bloqueio de ramo direito incompleto. Rins de forma, tamanho e contornos normais. Conclusão: Achado que requer seguimento em consulta.",atencao
139,Tomografia computadorizada de crânio sem contraste. Indicação: avaliação pré-operatória. Supradesnivelamento do segmento ST em parede anterior. Linfonodos mediastinais levemente aumentados. Conclusão: Achado crítico: comunicado à equipe assistente.,urgente
140,Ultrassonografia de abdome total. Indicação: controle de rotina. Área cardíaca dentro dos limites da normalidade. Cisto ovariano complexo de 4 cm. Conclusão: Sugere-se correlação clínica e controle evolutivo.,atencao
141,"Angiotomografia de artérias pulmonares. Indicação: febre persistente. Bloqueio de ramo direito incompleto. Hemorragia intraparenquimatosa extensa com desvio da linha média. Conclusão: Resultado crítico, acionar protocolo de emergência.",urgente
142,"Radiografia de tórax em PA e perfil. Indicação: dor abdominal. Ritmo sinusal com frequência cardíaca normal. Vesícula biliar de paredes finas, sem cálculos. Ausência de sinais de hemorragia. Conclusão: Sem alterações significativas.",normal
143,"Tomografia computadorizada de crânio sem contraste. Indicação: febre persistente. Rins de forma, tamanho e contornos normais. Opacidade em vidro fosco periférica de pequena extensão.",atencao
144,"Eletrocardiograma de repouso. Indicação: avaliação pré-operatória. Aorta de calibre normal. Vesícula biliar de paredes finas, sem cálculos. Conclusão: Estudo sem achados relevantes.",normal
145,Ressonância magnética de coluna lombar. Indicação: avaliação pré-operatória. Supradesnivelamento do segmento ST em parede anterior. Discreta cardiomegalia. Conclusão: Achado crítico: comunicado à equipe assistente.,urgente
146,Tomografia computadorizada de tórax. Indicação: trauma após queda. Estruturas avaliadas com aspecto habitual. Aorta de calibre normal. Conclusão: Estudo sem achados relevantes.,normal
147,Radiografia de tórax em PA e perfil. Indicação: febre persistente. Fígado de dimensões e ecotextura normais. Linfonodos mediastinais levemente aumentados. Conclusão: Recomenda-se acompanhamento ambulatorial.,atencao
148,Radiografia de tórax em PA e perfil. Indicação: dor torácica. Extrassístoles ventriculares frequentes. Parênquima pulmonar com transparência preservada. Conclusão: Sugere-se correlação clínica e controle evolutivo.,atencao
149,Tomografia computadorizada de tórax. Indicação: trauma após queda. Extrassístoles ventriculares frequentes. Traçado sem alterações da repolarização ventricular. Conclusão: Recomenda-se acompanhamento ambulatorial.,atencao
150,Eletrocardiograma de repouso. Indicação: síncope. Aorta de calibre normal. Cisto ovariano complexo de 4 cm. Ausência de sinais de hemorragia. Conclusão: Recomenda-se acompanhamento ambulatorial.,atencao
151,"Ultrassonografia de abdome total. Indicação: dispneia progressiva. Sem desvio da linha média. Vesícula biliar de paredes finas, sem cálculos. Ritmo sinusal com frequência cardíaca normal. Conclusão: Sem alterações significativas.",normal
152,Ultrassonografia obstétrica. Indicação: dor abdominal. Ausência de sinais de hemorragia. Estruturas avaliadas com aspecto habitual. Discreta cardiomegalia. Conclusão: Recomenda-se acompanhamento ambulatorial.,atencao
153,Tomografia computadorizada de crânio sem contraste. Indicação: cefaleia intensa. Falha de enchimento em artéria pulmonar principal compatível com tromboembolismo. Linfonodos mediastinais levemente aumentados.,urgente
154,"Ultrassonografia obstétrica. Indicação: dor torácica. Hemorragia intraparenquimatosa extensa com desvio da linha média. Área cardíaca dentro dos limites da normalidade. Conclusão: Resultado crítico, acionar protocolo de emergência.",urgente
155,Tomografia computadorizada de crânio sem contraste. Indicação: cefaleia intensa. Aorta de calibre normal. Estruturas avaliadas com aspecto habitual. Conclusão: Sem alterações significativas.,normal
156,Eletrocardiograma de repouso. Indicação: cefaleia intensa. Sistema ventricular de dimensões preservadas. Sem desvio da linha média. Aorta de calibre normal. Conclusão: Sem alterações significativas.,normal
157,Ultrassonografia obstétrica. Indicação: febre persistente. Área cardíaca dentro dos limites da normalidade. Traçado sem alterações da repolarização ventricular. Não há supradesnivelamento do segmento ST.,normal
158,Tomografia computadorizada de crânio sem contraste. Indicação: febre persistente. Cisto ovariano complexo de 4 cm. Corpos vertebrais com altura e alinhamento preservados. Conclusão: Sugere-se correlação clínica e controle evolutivo.,atencao
159,Radiografia de tórax em PA e perfil. Indicação: controle de rotina. Pneumotórax hipertensivo à direita com desvio do mediastino. Espessamento parietal da vesícula biliar sem sinais de complicação. Conclusão: Achado crítico: comunicado à equipe assistente.,urgente
160,Ressonância magnética de coluna lombar. Indicação: dor torácica. Traçado sem alterações da repolarização ventricular. Extrassístoles ventriculares frequentes.,atencao
161,"Ressonância magnética de coluna lombar. Indicação: lombalgia crônica. Rins de forma, tamanho e contornos normais. Vesícula biliar de paredes finas, sem cálculos. Não há supradesnivelamento do segmento ST. Conclusão: Estudo sem achados relevantes.",normal
162,"Angiotomografia de artérias pulmonares. Indicação: controle de rotina. Não há supradesnivelamento do segmento ST. Rins de forma, tamanho e contornos normais. Vesícula biliar de paredes finas, sem cálculos.",normal
163,Tomografia computadorizada de crânio sem contraste. Indicação: avaliação pré-operatória. Dissecção de aorta torácica tipo A. Discreta cardiomegalia. Conclusão: Achado crítico: comunicado à equipe assistente.,urgente
164,Angiotomografia de artérias pulmonares. Indicação: febre persistente. Descolamento prematuro de placenta com sinais de sofrimento fetal. Parênquima pulmonar com transparência preservada.,urgente
165,Ultrassonografia obstétrica. Indicação: avaliação pré-operatória. Parênquima pulmonar com transparência preservada. Sistema ventricular de dimensões preservadas. Conclusão: Sem alterações significativas.,normal
166,"Radiografia de tórax em PA e perfil. Indicação: cefaleia intensa. Aorta de calibre normal. Rins de forma, tamanho e contornos normais. Conclusão: Sem alterações significativas.",normal
167,Ressonância magnética de coluna lombar. Indicação: dor torácica. Ritmo sinusal com frequência cardíaca normal. Corpos vertebrais com altura e alinhamento preservados. Sem sinais de tromboembolismo.,normal
168,Ultrassonografia obstétrica. Indicação: cefaleia intensa. Pequeno derrame pleural à esquerda. Não há sinais de perfuração. Traçado sem alterações da repolarização ventricular. Conclusão: Sugere-se correlação clínica e controle evolutivo.,atencao
169,Radiografia de tórax em PA e perfil. Indicação: controle de rotina. Espessamento parietal da vesícula biliar sem sinais de complicação. Área cardíaca dentro dos limites da normalidade. Conclusão: Achado que requer seguimento em consulta.,atencao
170,Tomografia computadorizada de crânio sem contraste. Indicação: febre persistente. Corpos vertebrais com altura e alinhamento preservados. Ritmo sinusal com frequência cardíaca normal.,normal
171,Angiotomografia de artérias pulmonares. Indicação: dor torácica. Linfonodos mediastinais levemente aumentados. Traçado sem alterações da repolarização ventricular. Conclusão: Achado que requer seguimento em consulta.,atencao
172,"Tomografia computadorizada de tórax. Indicação: avaliação pré-operatória. Vesícula biliar de paredes finas, sem cálculos. Aneurisma de aorta abdominal roto. Conclusão: Necessita avaliação médica imediata.",urgente
173,"Ultrassonografia obstétrica. Indicação: lombalgia crônica. Sem evidência de pneumotórax. Rins de forma, tamanho e contornos normais. Área cardíaca dentro dos limites da normalidade. Conclusão: Estudo sem achados relevantes.",normal
174,"Angiotomografia de artérias pulmonares. Indicação: febre persistente. Rins de forma, tamanho e contornos normais. Não há sinais de perfuração. Ritmo sinusal com frequência cardíaca normal.",normal
175,"Eletrocardiograma de repouso. Indicação: lombalgia crônica. Extrassístoles ventriculares frequentes. Aneurisma de aorta abdominal roto. Conclusão: Resultado crítico, acionar protocolo de emergência.",urgente
176,Ressonância magnética de coluna lombar. Indicação: controle de rotina. Traçado sem alterações da repolarização ventricular. Extrassístoles ventriculares frequentes. Conclusão: Achado que requer seguimento em consulta.,atencao
177,"Tomografia computadorizada de crânio sem contraste. Indicação: dor abdominal. Compressão medular aguda com sinais de mielopatia. Cisto ovariano complexo de 4 cm. Conclusão: Resultado crítico, acionar protocolo de emergência.",urgente
178,Angiotomografia de artérias pulmonares. Indicação: dor torácica. Estruturas avaliadas com aspecto habitual. Apendicite aguda com sinais de perfuração e abscesso. Conclusão: Achado crítico: comunicado à equipe assistente.,urgente
179,Tomografia computadorizada de tórax. Indicação: dispneia progressiva. Traçado sem alterações da repolarização ventricular. Fígado de dimensões e ecotextura normais. Ausência de sinais de hemorragia. Conclusão: Estudo sem achados relevantes.,normal
180,"Ultrassonografia obstétrica. Indicação: cefaleia intensa. Traçado sem alterações da repolarização ventricular. Rins de forma, tamanho e contornos normais.",normal
181,Ultrassonografia de abdome total. Indicação: lombalgia crônica. Extrassístoles ventriculares frequentes. Hematoma subdural agudo com efeito de massa.,urgente
182,Ressonância magnética de coluna lombar. Indicação: lombalgia crônica. Aorta de calibre normal. Estruturas avaliadas com aspecto habitual. Conclusão: Sem alterações significativas.,normal
183,"Ressonância magnética de coluna lombar. Indicação: síncope. Não há supradesnivelamento do segmento ST. Rins de forma, tamanho e contornos normais. Vesícula biliar de paredes finas, sem cálculos. Conclusão: Estudo sem achados relevantes.",normal
184,Tomografia computadorizada de tórax. Indicação: lombalgia crônica. Parênquima pulmonar com transparência preservada. Seios costofrênicos livres. Não há sinais de perfuração. Conclusão: Estudo sem achados relevantes.,normal
185,Radiografia de tórax em PA e perfil. Indicação: dor abdominal. Área cardíaca dentro dos limites da normalidade. Corpos vertebrais com altura e alinhamento preservados. Não há sinais de perfuração.,normal
186,"Eletrocardiograma de repouso. Indicação: avaliação pré-operatória. Não há supradesnivelamento do segmento ST. Rins de forma, tamanho e contornos normais. Vesícula biliar de paredes finas, sem cálculos.",normal
187,"Tomografia computadorizada de tórax. Indicação: febre persistente. Aorta de calibre normal. Não há sinais de perfuração. Vesícula biliar de paredes finas, sem cálculos. Conclusão: Sem alterações significativas.",normal
188,Ultrassonografia de abdome total. Indicação: síncope. Corpos vertebrais com altura e alinhamento preservados. Opacidade em vidro fosco periférica de pequena extensão. Conclusão: Sugere-se correlação clínica e controle evolutivo.,atencao
189,Ultrassonografia de abdome total. Indicação: dor torácica. Sistema ventricular de dimensões preservadas. Linfonodos mediastinais levemente aumentados. Conclusão: Achado que requer seguimento em consulta.,atencao
190,"Radiografia de tórax em PA e perfil. Indicação: lombalgia crônica. Sistema ventricular de dimensões preservadas. Vesícula biliar de paredes finas, sem cálculos. Conclusão: Sem alterações significativas.",normal
191,"Ultrassonografia de abdome total. Indicação: dor abdominal. Parênquima pulmonar com transparência preservada. Vesícula biliar de paredes finas, sem cálculos.",normal
192,Radiografia de tórax em PA e perfil. Indicação: cefaleia intensa. Traçado sem alterações da repolarização ventricular. Ritmo sinusal com frequência cardíaca normal.,normal
193,Tomografia computadorizada de crânio sem contraste. Indicação: trauma após queda. Opacidade em vidro fosco periférica de pequena extensão. Aorta de calibre normal. Conclusão: Recomenda-se acompanhamento ambulatorial.,atencao
194,Tomografia computadorizada de tórax. Indicação: dor torácica. Extrassístoles ventriculares frequentes. Dissecção de aorta torácica tipo A. Conclusão: Achado crítico: comunicado à equipe assistente.,urgente
195,"Eletrocardiograma de repouso. Indicação: lombalgia crônica. Pequeno derrame pleural à esquerda. Rins de forma, tamanho e contornos normais. Conclusão: Sugere-se correlação clínica e controle evolutivo.",atencao
196,"Angiotomografia de artérias pulmonares. Indicação: dor abdominal. Seios costofrênicos livres. Hematoma subdural agudo com efeito de massa. Conclusão: Resultado crítico, acionar protocolo de emergência.",urgente
197,Tomografia computadorizada de crânio sem contraste. Indicação: síncope. Nódulo pulmonar sólido de 8 mm no lobo superior direito. Aorta de calibre normal.,atencao
198,Eletrocardiograma de repouso. Indicação: síncope. Pequeno derrame pleural à esquerda. Fígado de dimensões e ecotextura normais. Conclusão: Achado que requer seguimento em consulta.,atencao
199,Tomografia computadorizada de tórax. Indicação: lombalgia crônica. Discreta cardiomegalia. Área cardíaca dentro dos limites da normalidade.,atencao
200,"Ressonância magnética de coluna lombar. Indicação: dor torácica. Ausência de sinais de hemorragia. Vesícula biliar de paredes finas, sem cálculos. Opacidade em vidro fosco periférica de pequena extensão. Conclusão: Recomenda-se acompanhamento ambulatorial.",atencao
201,Ressonância magnética de coluna lombar. Indicação: trauma após queda. Linfonodos mediastinais levemente aumentados. Fibrilação ventricular. Conclusão: Achado crítico: comunicado à equipe assistente.,urgente
202,Eletrocardiograma de repouso. Indicação: trauma após queda. Área cardíaca dentro dos limites da normalidade. Hematoma subdural agudo com efeito de massa.,urgente
203,Ultrassonografia obstétrica. Indicação: lombalgia crônica. Parênquima pulmonar com transparência preservada. Fígado de dimensões e ecotextura normais. Conclusão: Estudo sem achados relevantes.,normal
204,"Ressonância magnética de coluna lombar. Indicação: dor abdominal. Traçado sem alterações da repolarização ventricular. Hematoma subdural agudo com efeito de massa. Conclusão: Resultado crítico, acionar protocolo de emergência.",urgente
205,Ultrassonografia de abdome total. Indicação: dor abdominal. Dissecção de aorta torácica tipo A. Espessamento parietal da vesícula biliar sem sinais de complicação. Conclusão: Achado crítico: comunicado à equipe assistente.,urgente
206,Ressonância magnética de coluna lombar. Indicação: dor abdominal. Sem evidência de pneumotórax. Área cardíaca dentro dos limites da normalidade. Bloqueio de ramo direito incompleto. Conclusão: Sugere-se correlação clínica e controle evolutivo.,atencao
207,Ressonância magnética de coluna lombar. Indicação: avaliação pré-operatória. Espessamento parietal da vesícula biliar sem sinais de complicação. Corpos vertebrais com altura e alinhamento preservados. Conclusão: Recomenda-se acompanhamento ambulatorial.,atencao
208,"Tomografia computadorizada de crânio sem contraste. Indicação: dispneia progressiva. Falha de enchimento em artéria pulmonar principal compatível com tromboembolismo. Vesícula biliar de paredes finas, sem cálculos.",urgente
209,Tomografia computadorizada de crânio sem contraste. Indicação: dor torácica. Opacidade em vidro fosco periférica de pequena extensão. Traçado sem alterações da repolarização ventricular. Sem sinais de tromboembolismo.,atencao
210,"Radiografia de tórax em PA e perfil. Indicação: lombalgia crônica. Cálculo renal não obstrutivo de 6 mm à direita. Vesícula biliar de paredes finas, sem cálculos. Conclusão: Recomenda-se acompanhamento ambulatorial.",atencao
211,Ultrassonografia de abdome total. Indicação: síncope. Fígado de dimensões e ecotextura normais. Extrassístoles ventriculares frequentes. Sem sinais de tromboembolismo. Conclusão: Achado que requer seguimento em consulta.,normal
212,"Tomografia computadorizada de tórax. Indicação: lombalgia crônica. Corpos vertebrais com altura e alinhamento preservados. Supradesnivelamento do segmento ST em parede anterior. Conclusão: Resultado crítico, acionar protocolo de emergência.",urgente
213,Tomografia computadorizada de tórax. Indicação: avaliação pré-operatória. Estruturas avaliadas com aspecto habitual. Sem desvio da linha média. Sistema ventricular de dimensões preservadas. Conclusão: Exame dentro dos limites da normalidade.,normal
214,Ultrassonografia de abdome total. Indicação: lombalgia crônica. Seios costofrênicos livres. Sem desvio da linha média. Sistema ventricular de dimensões preservadas.,normal
215,"Eletrocardiograma de repouso. Indicação: dispneia progressiva. Cisto ovariano complexo de 4 cm. Vesícula biliar de paredes finas, sem cálculos. Conclusão: Sugere-se correlação clínica e controle evolutivo.",atencao
216,Tomografia computadorizada de crânio sem contraste. Indicação: lombalgia crônica. Falha de enchimento em artéria pulmonar principal compatível com tromboembolismo. Bloqueio de ramo direito incompleto. Conclusão: Necessita avaliação médica imediata.,urgente
217,"Ultrassonografia obstétrica. Indicação: síncope. Supradesnivelamento do segmento ST em parede anterior. Vesícula biliar de paredes finas, sem cálculos. Conclusão: Achado crítico: comunicado à equipe assistente.",urgente
218,Eletrocardiograma de repouso. Indicação: trauma após queda. Supradesnivelamento do segmento ST em parede anterior. Área cardíaca dentro dos limites da normalidade. Conclusão: Achado crítico: comunicado à equipe assistente.,urgente
219,Angiotomografia de artérias pulmonares. Indicação: dor abdominal. Extrassístoles ventriculares frequentes. Parênquima pulmonar com transparência preservada. Conclusão: Achado que requer seguimento em consulta.,atencao
220,Angiotomografia de artérias pulmonares. Indicação: dor torácica. Estruturas avaliadas com aspecto habitual. Sem sinais de tromboembolismo. Discreta cardiomegalia. Conclusão: Recomenda-se acompanhamento ambulatorial.,atencao
221,Tomografia computadorizada de tórax. Indicação: dor torácica. Área cardíaca dentro dos limites da normalidade. Fígado de dimensões e ecotextura normais. Conclusão: Estudo sem achados relevantes.,normal
222,Eletrocardiograma de repouso. Indicação: cefaleia intensa. Ritmo sinusal com frequência cardíaca normal. Corpos vertebrais com altura e alinhamento preservados.,normal
223,"Angiotomografia de artérias pulmonares. Indicação: síncope. Rins de forma, tamanho e contornos normais. Esteatose hepática moderada. Conclusão: Achado que requer seguimento em consulta.",atencao
224,Ressonância magnética de coluna lombar. Indicação: avaliação pré-operatória. Apendicite aguda com sinais de perfuração e abscesso. Ritmo sinusal com frequência cardíaca normal. Conclusão: Achado crítico: comunicado à equipe assistente.,urgente
225,Angiotomografia de artérias pulmonares. Indicação: controle de rotina. Parênquima pulmonar com transparência preservada. Cisto ovariano complexo de 4 cm. Sem sinais de tromboembolismo.,atencao
226,Tomografia computadorizada de crânio sem contraste. Indicação: cefaleia intensa. Traçado sem alterações da repolarização ventricular. Espessamento parietal da vesícula biliar sem sinais de complicação. Sem sinais de tromboembolismo.,atencao
227,Angiotomografia de artérias pulmonares. Indicação: lombalgia crônica. Seios costofrênicos livres. Sistema ventricular de dimensões preservadas. Conclusão: Sem alterações significativas.,normal
228,Angiotomografia de artérias pulmonares. Indicação: dor abdominal. Supradesnivelamento do segmento ST em parede anterior. Seios costofrênicos livres. Conclusão: Achado crítico: comunicado à equipe assistente.,urgente
229,"Tomografia computadorizada de crânio sem contraste. Indicação: dispneia progressiva. Vesícula biliar de paredes finas, sem cálculos. Sem evidência de pneumotórax. Rins de forma, tamanho e contornos normais. Conclusão: Exame dentro dos limites da normalidade.",normal
230,Angiotomografia de artérias pulmonares. Indicação: trauma após queda. Sistema ventricular de dimensões preservadas. Extrassístoles ventriculares frequentes. Conclusão: Achado que requer seguimento em consulta.,atencao
231,"Eletrocardiograma de repouso. Indicação: lombalgia crônica. Bloqueio de ramo direito incompleto. Rins de forma, tamanho e contornos normais.",atencao
232,"Ultrassonografia de abdome total. Indicação: febre persistente. Vesícula biliar de paredes finas, sem cálculos. Aorta de calibre normal. Não há sinais de perfuração. Conclusão: Sem alterações significativas.",normal
233,Angiotomografia de artérias pulmonares. Indicação: controle de rotina. Traçado sem alterações da repolarização ventricular. Parênquima pulmonar com transparência preservada.,normal
234,"Tomografia computadorizada de crânio sem contraste. Indicação: trauma após queda. Protrusão discal L4-L5 com compressão radicular leve. Fibrilação ventricular. Conclusão: Resultado crítico, acionar protocolo de emergência.",normal
235,"Tomografia computadorizada de tórax. Indicação: avaliação pré-operatória. Não há sinais de perfuração. Seios costofrênicos livres. Rins de forma, tamanho e contornos normais. Conclusão: Exame dentro dos limites da normalidade.",normal
236,"Angiotomografia de artérias pulmonares. Indicação: síncope. Vesícula biliar de paredes finas, sem cálculos. Sem sinais de tromboembolismo. Traçado sem alterações da repolarização ventricular. Conclusão: Sem alterações significativas.",urgente
237,"Ultrassonografia de abdome total. Indicação: dor torácica. Vesícula biliar de paredes finas, sem cálculos. Rins de forma, tamanho e contornos normais. Conclusão: Estudo sem achados relevantes.",normal
238,Ultrassonografia de abdome total. Indicação: dor torácica. Área cardíaca dentro dos limites da normalidade. Parênquima pulmonar com transparência preservada. Conclusão: Sem alterações significativas.,normal
239,Ultrassonografia de abdome total. Indicação: lombalgia crônica. Aorta de calibre normal. Aneurisma de aorta abdominal roto.,urgente
240,Ressonância magnética de coluna lombar. Indicação: dor abdominal. Discreta cardiomegalia. Compressão medular aguda com sinais de mielopatia. Conclusão: Necessita avaliação médica imediata.,urgente
241,"Eletrocardiograma de repouso. Indicação: controle de rotina. Seios costofrênicos livres. Vesícula biliar de paredes finas, sem cálculos. Ausência de sinais de hemorragia. Conclusão: Exame dentro dos limites da normalidade.",normal
242,Eletrocardiograma de repouso. Indicação: lombalgia crônica. Cisto ovariano complexo de 4 cm. Fígado de dimensões e ecotextura normais. Conclusão: Recomenda-se acompanhamento ambulatorial.,atencao
243,Ultrassonografia obstétrica. Indicação: avaliação pré-operatória. Cisto ovariano complexo de 4 cm. Estruturas avaliadas com aspecto habitual. Conclusão: Achado que requer seguimento em consulta.,atencao
244,Ultrassonografia de abdome total. Indicação: trauma após queda. Seios costofrênicos livres. Protrusão discal L4-L5 com compressão radicular leve.,atencao
245,Eletrocardiograma de repouso. Indicação: cefaleia intensa. Aneurisma de aorta abdominal roto. Linfonodos mediastinais levemente aumentados. Conclusão: Achado crítico: comunicado à equipe assistente.,urgente
246,"Ressonância magnética de coluna lombar. Indicação: trauma após queda. Fígado de dimensões e ecotextura normais. Rins de forma, tamanho e contornos normais. Não há supradesnivelamento do segmento ST. Conclusão: Exame dentro dos limites da normalidade.",normal
247,Ultrassonografia de abdome total. Indicação: dispneia progressiva. Ritmo sinusal com frequência cardíaca normal. Falha de enchimento em artéria pulmonar principal compatível com tromboembolismo.,urgente
248,"Tomografia computadorizada de crânio sem contraste. Indicação: cefaleia intensa. Hematoma subdural agudo com efeito de massa. Traçado sem alterações da repolarização ventricular. Conclusão: Resultado crítico, acionar protocolo de emergência.",urgente
249,Ultrassonografia obstétrica. Indicação: dor abdominal. Cisto ovariano complexo de 4 cm. Sistema ventricular de dimensões preservadas. Conclusão: Achado que requer seguimento em consulta.,atencao
250,"Ultrassonografia de abdome total. Indicação: síncope. Fibrilação ventricular. Estruturas avaliadas com aspecto habitual. Conclusão: Resultado crítico, acionar protocolo de emergência.",urgente
251,Ressonância magnética de coluna lombar. Indicação: febre persistente. Área cardíaca dentro dos limites da normalidade. Linfonodos mediastinais levemente aumentados. Conclusão: Sugere-se correlação clínica e controle evolutivo.,atencao
252,"Radiografia de tórax em PA e perfil. Indicação: dor torácica. Seios costofrênicos livres. Compressão medular aguda com sinais de mielopatia. Conclusão: Resultado crítico, acionar protocolo de emergência.",urgente
253,Tomografia computadorizada de tórax. Indicação: lombalgia crônica. Pneumoperitônio compatível com perfuração de víscera oca. Discreta cardiomegalia.,urgente
254,Tomografia computadorizada de tórax. Indicação: avaliação pré-operatória. Bloqueio de ramo direito incompleto. Ritmo sinusal com frequência cardíaca normal. Conclusão: Sugere-se correlação clínica e controle evolutivo.,atencao
255,"Tomografia computadorizada de tórax. Indicação: síncope. Rins de forma, tamanho e contornos normais. Esteatose hepática moderada.",atencao
256,Angiotomografia de artérias pulmonares. Indicação: febre persistente. Área cardíaca dentro dos limites da normalidade. Discreta cardiomegalia. Conclusão: Recomenda-se acompanhamento ambulatorial.,atencao
257,"Ultrassonografia obstétrica. Indicação: controle de rotina. Pneumoperitônio compatível com perfuração de víscera oca. Espessamento parietal da vesícula biliar sem sinais de complicação. Conclusão: Resultado crítico, acionar protocolo de emergência.",urgente
258,Tomografia computadorizada de crânio sem contraste. Indicação: controle de rotina. Pneumoperitônio compatível com perfuração de víscera oca. Ritmo sinusal com frequência cardíaca normal.,urgente
259,Ressonância magnética de coluna lombar. Indicação: dispneia progressiva. Fibrilação ventricular. Protrusão discal L4-L5 com compressão radicular leve. Conclusão: Necessita avaliação médica imediata.,urgente
260,Ultrassonografia de abdome total. Indicação: síncope. Traçado sem alterações da repolarização ventricular. Cisto ovariano complexo de 4 cm.,atencao
261,Ressonância magnética de coluna lombar. Indicação: lombalgia crônica. Aorta de calibre normal. Espessamento parietal da vesícula biliar sem sinais de complicação. Conclusão: Sugere-se correlação clínica e controle evolutivo.,atencao
262,Tomografia computadorizada de tórax. Indicação: controle de rotina. Traçado sem alterações da repolarização ventricular. Sistema ventricular de dimensões preservadas. Sem sinais de tromboembolismo.,normal
263,Tomografia computadorizada de tórax. Indicação: dor abdominal. Ritmo sinusal com frequência cardíaca normal. Sistema ventricular de dimensões preservadas. Não há sinais de perfuração. Conclusão: Sem alterações significativas.,normal
264,Ultrassonografia obstétrica. Indicação: dor abdominal. Bloqueio de ramo direito incompleto. Supradesnivelamento do segmento ST em parede anterior.,urgente
265,Ultrassonografia de abdome total. Indicação: dispneia progressiva. Parênquima pulmonar com transparência preservada. Sem desvio da linha média. Aorta de calibre normal. Conclusão: Sem alterações significativas.,normal
266,Radiografia de tórax em PA e perfil. Indicação: febre persistente. Parênquima pulmonar com transparência preservada. Pneumoperitônio compatível com perfuração de víscera oca. Conclusão: Necessita avaliação médica imediata.,urgente
267,Ultrassonografia de abdome total. Indicação: dispneia progressiva. Traçado sem alterações da repolarização ventricular. Sem sinais de tromboembolismo. Corpos vertebrais com altura e alinhamento preservados. Conclusão: Sem alterações significativas.,normal
268,"Ressonância magnética de coluna lombar. Indicação: avaliação pré-operatória. Pneumoperitônio compatível com perfuração de víscera oca. Opacidade em vidro fosco periférica de pequena extensão. Conclusão: Resultado crítico, acionar protocolo de emergência.",urgente
269,Ultrassonografia obstétrica. Indicação: síncope. Hematoma subdural agudo com efeito de massa. Opacidade em vidro fosco periférica de pequena extensão.,urgente
270,Ultrassonografia de abdome total. Indicação: cefaleia intensa. Espessamento parietal da vesícula biliar sem sinais de complicação. Fígado de dimensões e ecotextura normais. Conclusão: Recomenda-se acompanhamento ambulatorial.,normal
271,"Ressonância magnética de coluna lombar. Indicação: dispneia progressiva. Corpos vertebrais com altura e alinhamento preservados. Sem desvio da linha média. Vesícula biliar de paredes finas, sem cálculos. Conclusão: Sem alterações significativas.",normal
272,Ultrassonografia de abdome total. Indicação: dor torácica. Opacidade em vidro fosco periférica de pequena extensão. Sem sinais de tromboembolismo. Sistema ventricular de dimensões preservadas. Conclusão: Achado que requer seguimento em consulta.,atencao
273,Angiotomografia de artérias pulmonares. Indicação: febre persistente. Não há supradesnivelamento do segmento ST. Fígado de dimensões e ecotextura normais. Ritmo sinusal com frequência cardíaca normal. Conclusão: Estudo sem achados relevantes.,normal
274,Eletrocardiograma de repouso. Indicação: febre persistente. Não há sinais de perfuração. Parênquima pulmonar com transparência preservada. Discreta cardiomegalia. Conclusão: Sugere-se correlação clínica e controle evolutivo.,atencao
275,Ultrassonografia obstétrica. Indicação: trauma após queda. Estruturas avaliadas com aspecto habitual. Sem sinais de tromboembolismo. Sistema ventricular de dimensões preservadas.,normal
276,Tomografia computadorizada de tórax. Indicação: avaliação pré-operatória. Sem evidência de pneumotórax. Estruturas avaliadas com aspecto habitual. Extrassístoles ventriculares frequentes. Conclusão: Sugere-se correlação clínica e controle evolutivo.,atencao
277,Ultrassonografia obstétrica. Indicação: dor abdominal. Sem evidência de pneumotórax. Estruturas avaliadas com aspecto habitual. Corpos vertebrais com altura e alinhamento preservados.,normal
278,"Ultrassonografia obstétrica. Indicação: controle de rotina. Fígado de dimensões e ecotextura normais. Apendicite aguda com sinais de perfuração e abscesso. Conclusão: Resultado crítico, acionar protocolo de emergência.",urgente
279,Ultrassonografia obstétrica. Indicação: trauma após queda. Estruturas avaliadas com aspecto habitual. Não há supradesnivelamento do segmento ST. Aorta de calibre normal. Conclusão: Estudo sem achados relevantes.,normal
280,Ressonância magnética de coluna lombar. Indicação: controle de rotina. Aorta de calibre normal. Linfonodos mediastinais levemente aumentados. Sem sinais de tromboembolismo. Conclusão: Achado que requer seguimento em consulta.,atencao
281,Ressonância magnética de coluna lombar. Indicação: dor torácica. Ritmo sinusal com frequência cardíaca normal. Traçado sem alterações da repolarização ventricular. Conclusão: Sem alterações significativas.,urgente
282,Tomografia computadorizada de crânio sem contraste. Indicação: febre persistente. Ritmo sinusal com frequência cardíaca normal. Estruturas avaliadas com aspecto habitual. Conclusão: Exame dentro dos limites da normalidade.,normal
283,Tomografia computadorizada de crânio sem contraste. Indicação: trauma após queda. Sem sinais de tromboembolismo. Esteatose hepática moderada. Corpos vertebrais com altura e alinhamento preservados. Conclusão: Achado que requer seguimento em consulta.,atencao
284,Tomografia computadorizada de crânio sem contraste. Indicação: controle de rotina. Espessamento parietal da vesícula biliar sem sinais de complicação. Ritmo sinusal com frequência cardíaca normal.,atencao
285,Ultrassonografia de abdome total. Indicação: dor torácica. Seios costofrênicos livres. Extrassístoles ventriculares frequentes. Conclusão: Recomenda-se acompanhamento ambulatorial.,atencao
286,"Ultrassonografia obstétrica. Indicação: lombalgia crônica. Vesícula biliar de paredes finas, sem cálculos. Fígado de dimensões e ecotextura normais. Conclusão: Estudo sem achados relevantes.",normal
287,"Ultrassonografia obstétrica. Indicação: dispneia progressiva. Sem sinais de tromboembolismo. Vesícula biliar de paredes finas, sem cálculos. Rins de forma, tamanho e contornos normais. Conclusão: Sem alterações significativas.",normal
288,"Ultrassonografia obstétrica. Indicação: dor torácica. Sem evidência de pneumotórax. Vesícula biliar de paredes finas, sem cálculos. Traçado sem alterações da repolarização ventricular.",normal
289,Tomografia computadorizada de crânio sem contraste. Indicação: lombalgia crônica. Seios costofrênicos livres. Ritmo sinusal com frequência cardíaca normal.,normal
290,Eletrocardiograma de repouso. Indicação: dor abdominal. Traçado sem alterações da repolarização ventricular. Bloqueio de ramo direito incompleto. Conclusão: Recomenda-se acompanhamento ambulatorial.,atencao
291,Tomografia computadorizada de tórax. Indicação: controle de rotina. Ritmo sinusal com frequência cardíaca normal. Sem evidência de pneumotórax. Nódulo pulmonar sólido de 8 mm no lobo superior direito. Conclusão: Sugere-se correlação clínica e controle evolutivo.,atencao
292,Eletrocardiograma de repouso. Indicação: dor torácica. Ritmo sinusal com frequência cardíaca normal. Sistema ventricular de dimensões preservadas. Conclusão: Exame dentro dos limites da normalidade.,normal
293,Tomografia computadorizada de crânio sem contraste. Indicação: avaliação pré-operatória. Traçado sem alterações da repolarização ventricular. Não há supradesnivelamento do segmento ST. Estruturas avaliadas com aspecto habitual.,normal
294,Eletrocardiograma de repouso. Indicação: lombalgia crônica. Aorta de calibre normal. Não há sinais de perfuração. Nódulo pulmonar sólido de 8 mm no lobo superior direito.,atencao
295,Ultrassonografia de abdome total. Indicação: lombalgia crônica. Discreta cardiomegalia. Falha de enchimento em artéria pulmonar principal compatível com tromboembolismo. Conclusão: Achado crítico: comunicado à equipe assistente.,urgente
296,"Angiotomografia de artérias pulmonares. Indicação: cefaleia intensa. Linfonodos mediastinais levemente aumentados. Rins de forma, tamanho e contornos normais.",atencao
297,"Tomografia computadorizada de crânio sem contraste. Indicação: controle de rotina. Esteatose hepática moderada. Vesícula biliar de paredes finas, sem cálculos. Conclusão: Achado que requer seguimento em consulta.",atencao
298,"Ultrassonografia obstétrica. Indicação: dor abdominal. Protrusão discal L4-L5 com compressão radicular leve. Vesícula biliar de paredes finas, sem cálculos.",atencao
299,"Angiotomografia de artérias pulmonares. Indicação: dor abdominal. Rins de forma, tamanho e contornos normais. Fibrilação ventricular. Conclusão: Resultado crítico, acionar protocolo de emergência.",urgente
300,Eletrocardiograma de repouso. Indicação: dor abdominal. Espessamento parietal da vesícula biliar sem sinais de complicação. Apendicite aguda com sinais de perfuração e abscesso.,urgente
301,Radiografia de tórax em PA e perfil. Indicação: lombalgia crônica. Sem evidência de pneumotórax. Fígado de dimensões e ecotextura normais. Área cardíaca dentro dos limites da normalidade. Conclusão: Estudo sem achados relevantes.,normal
302,Tomografia computadorizada de tórax. Indicação: cefaleia intensa. Estruturas avaliadas com aspecto habitual. Sem evidência de pneumotórax. Corpos vertebrais com altura e alinhamento preservados.,normal
303,"Eletrocardiograma de repouso. Indicação: dispneia progressiva. Rins de forma, tamanho e contornos normais. Parênquima pulmonar com transparência preservada. Sem evidência de pneumotórax.",normal
304,"Tomografia computadorizada de tórax. Indicação: avaliação pré-operatória. Rins de forma, tamanho e contornos normais. Aorta de calibre normal. Conclusão: Sem alterações significativas.",normal
305,Angiotomografia de artérias pulmonares. Indicação: cefaleia intensa. Sem desvio da linha média. Estruturas avaliadas com aspecto habitual. Sistema ventricular de dimensões preservadas.,normal
306,"Radiografia de tórax em PA e perfil. Indicação: febre persistente. Fígado de dimensões e ecotextura normais. Fibrilação ventricular. Conclusão: Resultado crítico, acionar protocolo de emergência.",urgente
307,Ultrassonografia de abdome total. Indicação: controle de rotina. Estruturas avaliadas com aspecto habitual. Traçado sem alterações da repolarização ventricular.,normal
308,Tomografia computadorizada de crânio sem contraste. Indicação: trauma após queda. Cálculo renal não obstrutivo de 6 mm à direita. Apendicite aguda com sinais de perfuração e abscesso. Conclusão: Achado crítico: comunicado à equipe assistente.,urgente
309,Radiografia de tórax em PA e perfil. Indicação: lombalgia crônica. Sem sinais de tromboembolismo. Seios costofrênicos livres. Fígado de dimensões e ecotextura normais.,normal
310,"Ultrassonografia de abdome total. Indicação: avaliação pré-operatória. Linfonodos mediastinais levemente aumentados. Compressão medular aguda com sinais de mielopatia. Conclusão: Resultado crítico, acionar protocolo de emergência.",urgente
311,Ultrassonografia de abdome total. Indicação: cefaleia intensa. Seios costofrênicos livres. Cálculo renal não obstrutivo de 6 mm à direita. Conclusão: Sugere-se correlação clínica e controle evolutivo.,atencao
312,Ressonância magnética de coluna lombar. Indicação: trauma após queda. Sistema ventricular de dimensões preservadas. Protrusão discal L4-L5 com compressão radicular leve.,atencao
313,"Ressonância magnética de coluna lombar. Indicação: síncope. Rins de forma, tamanho e contornos normais. Ausência de sinais de hemorragia. Corpos vertebrais com altura e alinhamento preservados. Conclusão: Exame dentro dos limites da normalidade.",normal
314,Tomografia computadorizada de crânio sem contraste. Indicação: cefaleia intensa. Ritmo sinusal com frequência cardíaca normal. Compressão medular aguda com sinais de mielopatia.,urgente
315,Radiografia de tórax em PA e perfil. Indicação: dor abdominal. Descolamento prematuro de placenta com sinais de sofrimento fetal. Fígado de dimensões e ecotextura normais. Conclusão: Achado crítico: comunicado à equipe assistente.,urgente
316,"Ultrassonografia de abdome total. Indicação: trauma após queda. Vesícula biliar de paredes finas, sem cálculos. Aorta de calibre normal. Conclusão: Exame dentro dos limites da normalidade.",normal
317,"Radiografia de tórax em PA e perfil. Indicação: febre persistente. Rins de forma, tamanho e contornos normais. Traçado sem alterações da repolarização ventricular. Conclusão: Sem alterações significativas.",normal
318,Eletrocardiograma de repouso. Indicação: dor torácica. Traçado sem alterações da repolarização ventricular. Corpos vertebrais com altura e alinhamento preservados. Conclusão: Sem alterações significativas.,normal
319,Ressonância magnética de coluna lombar. Indicação: cefaleia intensa. Estruturas avaliadas com aspecto habitual. Fígado de dimensões e ecotextura normais. Conclusão: Sem alterações significativas.,normal
320,"Tomografia computadorizada de crânio sem contraste. Indicação: dor abdominal. Rins de forma, tamanho e contornos normais. Corpos vertebrais com altura e alinhamento preservados. Conclusão: Sem alterações significativas.",normal
321,"Radiografia de tórax em PA e perfil. Indicação: dor torácica. Sem desvio da linha média. Ritmo sinusal com frequência cardíaca normal. Vesícula biliar de paredes finas, sem cálculos. Conclusão: Estudo sem achados relevantes.",normal
322,"Eletrocardiograma de repouso. Indicação: trauma após queda. Vesícula biliar de paredes finas, sem cálculos. Fígado de dimensões e ecotextura normais.",normal
323,Radiografia de tórax em PA e perfil. Indicação: lombalgia crônica. Ritmo sinusal com frequência cardíaca normal. Cálculo renal não obstrutivo de 6 mm à direita. Sem desvio da linha média. Conclusão: Sugere-se correlação clínica e controle evolutivo.,atencao
324,"Ultrassonografia de abdome total. Indicação: febre persistente. Ritmo sinusal com frequência cardíaca normal. Rins de forma, tamanho e contornos normais. Não há sinais de perfuração. Conclusão: Exame dentro dos limites da normalidade.",normal
325,"Tomografia computadorizada de tórax. Indicação: síncope. Traçado sem alterações da repolarização ventricular. Vesícula biliar de paredes finas, sem cálculos. Conclusão: Estudo sem achados relevantes.",normal
326,Tomografia computadorizada de tórax. Indicação: febre persistente. Traçado sem alterações da repolarização ventricular. Área cardíaca dentro dos limites da normalidade. Conclusão: Estudo sem achados relevantes.,normal
327,Tomografia computadorizada de crânio sem contraste. Indicação: controle de rotina. Esteatose hepática moderada. Aneurisma de aorta abdominal roto.,urgente
328,Angiotomografia de artérias pulmonares. Indicação: febre persistente. Fígado de dimensões e ecotextura normais. Corpos vertebrais com altura e alinhamento preservados. Conclusão: Exame dentro dos limites da normalidade.,normal
329,Tomografia computadorizada de tórax. Indicação: dor torácica. Cisto ovariano complexo de 4 cm. Compressão medular aguda com sinais de mielopatia. Conclusão: Achado crítico: comunicado à equipe assistente.,urgente
330,Ressonância magnética de coluna lombar. Indicação: cefaleia intensa. Extrassístoles ventriculares frequentes. Sem sinais de tromboembolismo. Corpos vertebrais com altura e alinhamento preservados. Conclusão: Sugere-se correlação clínica e controle evolutivo.,atencao
331,Tomografia computadorizada de tórax. Indicação: controle de rotina. Hemorragia intraparenquimatosa extensa com desvio da linha média. Ritmo sinusal com frequência cardíaca normal.,atencao
332,Angiotomografia de artérias pulmonares. Indicação: trauma após queda. Traçado sem alterações da repolarização ventricular. Aorta de calibre normal. Conclusão: Sem alterações significativas.,normal
333,Ultrassonografia obstétrica. Indicação: dor abdominal. Apendicite aguda com sinais de perfuração e abscesso. Discreta cardiomegalia.,urgente
334,Angiotomografia de artérias pulmonares. Indicação: dor abdominal. Cisto ovariano complexo de 4 cm. Aneurisma de aorta abdominal roto. Conclusão: Necessita avaliação médica imediata.,urgente
335,"Radiografia de tórax em PA e perfil. Indicação: trauma após queda. Não há supradesnivelamento do segmento ST. Aorta de calibre normal. Vesícula biliar de paredes finas, sem cálculos. Conclusão: Estudo sem achados relevantes.",normal
336,Ultrassonografia de abdome total. Indicação: dispneia progressiva. Corpos vertebrais com altura e alinhamento preservados. Seios costofrênicos livres. Conclusão: Sem alterações significativas.,normal
337,"Radiografia de tórax em PA e perfil. Indicação: lombalgia crônica. Hematoma subdural agudo com efeito de massa. Corpos vertebrais com altura e alinhamento preservados. Conclusão: Resultado crítico, acionar protocolo de emergência.",urgente
338,"Tomografia computadorizada de tórax. Indicação: febre persistente. Protrusão discal L4-L5 com compressão radicular leve. Descolamento prematuro de placenta com sinais de sofrimento fetal. Conclusão: Resultado crítico, acionar protocolo de emergência.",urgente
339,Ultrassonografia de abdome total. Indicação: avaliação pré-operatória. Fígado de dimensões e ecotextura normais. Parênquima pulmonar com transparência preservada. Não há supradesnivelamento do segmento ST.,normal
340,Tomografia computadorizada de crânio sem contraste. Indicação: avaliação pré-operatória. Não há supradesnivelamento do segmento ST. Traçado sem alterações da repolarização ventricular. Sistema ventricular de dimensões preservadas. Conclusão: Sem alterações significativas.,normal
341,"Tomografia computadorizada de tórax. Indicação: dor abdominal. Traçado sem alterações da repolarização ventricular. Rins de forma, tamanho e contornos normais.",normal
342,Radiografia de tórax em PA e perfil. Indicação: febre persistente. Fígado de dimensões e ecotextura normais. Aorta de calibre normal. Conclusão: Exame dentro dos limites da normalidade.,normal
343,"Tomografia computadorizada de tórax. Indicação: trauma após queda. Rins de forma, tamanho e contornos normais. Estruturas avaliadas com aspecto habitual. Conclusão: Sem alterações significativas.",normal
344,Radiografia de tórax em PA e perfil. Indicação: síncope. Corpos vertebrais com altura e alinhamento preservados. Não há supradesnivelamento do segmento ST. Ritmo sinusal com frequência cardíaca normal. Conclusão: Exame dentro dos limites da normalidade.,normal
345,"Radiografia de tórax em PA e perfil. Indicação: trauma após queda. Fígado de dimensões e ecotextura normais. Vesícula biliar de paredes finas, sem cálculos. Conclusão: Exame dentro dos limites da normalidade.",normal
346,Ressonância magnética de coluna lombar. Indicação: dor torácica. Esteatose hepática moderada. Estruturas avaliadas com aspecto habitual. Conclusão: Recomenda-se acompanhamento ambulatorial.,atencao
347,Angiotomografia de artérias pulmonares. Indicação: controle de rotina. Traçado sem alterações da repolarização ventricular. Pneumoperitônio compatível com perfuração de víscera oca.,urgente
348,Ressonância magnética de coluna lombar. Indicação: dor torácica. Dissecção de aorta torácica tipo A. Fígado de dimensões e ecotextura normais.,urgente
349,Angiotomografia de artérias pulmonares. Indicação: lombalgia crônica. Fígado de dimensões e ecotextura normais. Pequeno derrame pleural à esquerda. Conclusão: Sugere-se correlação clínica e controle evolutivo.,atencao
350,Angiotomografia de artérias pulmonares. Indicação: lombalgia crônica. Aorta de calibre normal. Ausência de sinais de hemorragia. Discreta cardiomegalia. Conclusão: Achado que requer seguimento em consulta.,atencao
351,"Eletrocardiograma de repouso. Indicação: febre persistente. Rins de forma, tamanho e contornos normais. Sistema ventricular de dimensões preservadas. Sem sinais de tromboembolismo.",normal
352,Ultrassonografia obstétrica. Indicação: lombalgia crônica. Traçado sem alterações da repolarização ventricular. Extrassístoles ventriculares frequentes.,atencao
353,Eletrocardiograma de repouso. Indicação: trauma após queda. Hemorragia intraparenquimatosa extensa com desvio da linha média. Parênquima pulmonar com transparência preservada. Conclusão: Achado crítico: comunicado à equipe assistente.,urgente
354,Ultrassonografia de abdome total. Indicação: síncope. Seios costofrênicos livres. Bloqueio de ramo direito incompleto. Não há sinais de perfuração. Conclusão: Recomenda-se acompanhamento ambulatorial.,atencao
355,Eletrocardiograma de repouso. Indicação: cefaleia intensa. Cálculo renal não obstrutivo de 6 mm à direita. Fígado de dimensões e ecotextura normais.,atencao
356,"Ressonância magnética de coluna lombar. Indicação: dor abdominal. Rins de forma, tamanho e contornos normais. Seios costofrênicos livres.",normal
357,Ressonância magnética de coluna lombar. Indicação: avaliação pré-operatória. Espessamento parietal da vesícula biliar sem sinais de complicação. Estruturas avaliadas com aspecto habitual. Conclusão: Sugere-se correlação clínica e controle evolutivo.,atencao
358,"Ressonância magnética de coluna lombar. Indicação: avaliação pré-operatória. Hemorragia intraparenquimatosa extensa com desvio da linha média. Extrassístoles ventriculares frequentes. Conclusão: Resultado crítico, acionar protocolo de emergência.",urgente
359,Radiografia de tórax em PA e perfil. Indicação: trauma após queda. Cisto ovariano complexo de 4 cm. Traçado sem alterações da repolarização ventricular. Conclusão: Recomenda-se acompanhamento ambulatorial.,atencao
360,Radiografia de tórax em PA e perfil. Indicação: dor abdominal. Traçado sem alterações da repolarização ventricular. Bloqueio de ramo direito incompleto. Conclusão: Sugere-se correlação clínica e controle evolutivo.,atencao
361,Tomografia computadorizada de crânio sem contraste. Indicação: dispneia progressiva. Aorta de calibre normal. Sistema ventricular de dimensões preservadas. Conclusão: Sem alterações significativas.,normal
362,Ressonância magnética de coluna lombar. Indicação: avaliação pré-operatória. Ritmo sinusal com frequência cardíaca normal. Fígado de dimensões e ecotextura normais. Conclusão: Exame dentro dos limites da normalidade.,normal
363,Tomografia computadorizada de crânio sem contraste. Indicação: avaliação pré-operatória. Estruturas avaliadas com aspecto habitual. Opacidade em vidro fosco periférica de pequena extensão. Conclusão: Sugere-se correlação clínica e controle evolutivo.,atencao
364,Eletrocardiograma de repouso. Indicação: dor abdominal. Parênquima pulmonar com transparência preservada. Área cardíaca dentro dos limites da normalidade. Conclusão: Exame dentro dos limites da normalidade.,normal
365,Tomografia computadorizada de crânio sem contraste. Indicação: dor torácica. Estruturas avaliadas com aspecto habitual. Cálculo renal não obstrutivo de 6 mm à direita. Conclusão: Recomenda-se acompanhamento ambulatorial.,atencao
366,"Eletrocardiograma de repouso. Indicação: dor torácica. Fígado de dimensões e ecotextura normais. Rins de forma, tamanho e contornos normais. Conclusão: Exame dentro dos limites da normalidade.",normal
367,Ressonância magnética de coluna lombar. Indicação: avaliação pré-operatória. Sem evidência de pneumotórax. Traçado sem alterações da repolarização ventricular. Parênquima pulmonar com transparência preservada. Conclusão: Estudo sem achados relevantes.,normal
368,"Tomografia computadorizada de crânio sem contraste. Indicação: trauma após queda. Dissecção de aorta torácica tipo A. Opacidade em vidro fosco periférica de pequena extensão. Conclusão: Resultado crítico, acionar protocolo de emergência.",urgente
369,Ultrassonografia de abdome total. Indicação: controle de rotina. Pequeno derrame pleural à esquerda. Fígado de dimensões e ecotextura normais. Conclusão: Recomenda-se acompanhamento ambulatorial.,atencao
370,Ultrassonografia obstétrica. Indicação: dor torácica. Sem desvio da linha média. Parênquima pulmonar com transparência preservada. Seios costofrênicos livres.,normal
371,Ultrassonografia obstétrica. Indicação: síncope. Fígado de dimensões e ecotextura normais. Protrusão discal L4-L5 com compressão radicular leve.,atencao
372,Tomografia computadorizada de crânio sem contraste. Indicação: avaliação pré-operatória. Não há supradesnivelamento do segmento ST. Cisto ovariano complexo de 4 cm. Área cardíaca dentro dos limites da normalidade. Conclusão: Achado que requer seguimento em consulta.,atencao
373,Ultrassonografia obstétrica. Indicação: avaliação pré-operatória. Discreta cardiomegalia. Sem sinais de tromboembolismo. Ritmo sinusal com frequência cardíaca normal. Conclusão: Achado que requer seguimento em consulta.,atencao
374,Ressonância magnética de coluna lombar. Indicação: dor abdominal. Sem desvio da linha média. Aorta de calibre normal. Corpos vertebrais com altura e alinhamento preservados. Conclusão: Exame dentro dos limites da normalidade.,normal
375,"Ressonância magnética de coluna lombar. Indicação: síncope. Rins de forma, tamanho e contornos normais. Área cardíaca dentro dos limites da normalidade.",normal
376,Ressonância magnética de coluna lombar. Indicação: lombalgia crônica. Traçado sem alterações da repolarização ventricular. Parênquima pulmonar com transparência preservada. Conclusão: Sem alterações significativas.,normal
377,Ultrassonografia de abdome total. Indicação: lombalgia crônica. Esteatose hepática moderada. Corpos vertebrais com altura e alinhamento preservados. Conclusão: Achado que requer seguimento em consulta.,atencao
378,"Angiotomografia de artérias pulmonares. Indicação: síncope. Vesícula biliar de paredes finas, sem cálculos. Sistema ventricular de dimensões preservadas. Conclusão: Exame dentro dos limites da normalidade.",normal
379,"Ultrassonografia obstétrica. Indicação: cefaleia intensa. Sem sinais de tromboembolismo. Aorta de calibre normal. Rins de forma, tamanho e contornos normais. Conclusão: Sem alterações significativas.",normal
380,Tomografia computadorizada de crânio sem contraste. Indicação: síncope. Sistema ventricular de dimensões preservadas. Bloqueio de ramo direito incompleto. Conclusão: Recomenda-se acompanhamento ambulatorial.,atencao
381,Radiografia de tórax em PA e perfil. Indicação: controle de rotina. Traçado sem alterações da repolarização ventricular. Não há sinais de perfuração. Área cardíaca dentro dos limites da normalidade. Conclusão: Estudo sem achados relevantes.,normal
382,Eletrocardiograma de repouso. Indicação: síncope. Linfonodos mediastinais levemente aumentados. Fígado de dimensões e ecotextura normais.,atencao
383,"Tomografia computadorizada de crânio sem contraste. Indicação: síncope. Estruturas avaliadas com aspecto habitual. Rins de forma, tamanho e contornos normais.",normal
384,Radiografia de tórax em PA e perfil. Indicação: dor abdominal. Sem sinais de tromboembolismo. Opacidade em vidro fosco periférica de pequena extensão. Estruturas avaliadas com aspecto habitual.,atencao
385,"Ultrassonografia de abdome total. Indicação: febre persistente. Extrassístoles ventriculares frequentes. Rins de forma, tamanho e contornos normais.",atencao
386,Angiotomografia de artérias pulmonares. Indicação: lombalgia crônica. Sem evidência de pneumotórax. Traçado sem alterações da repolarização ventricular. Ritmo sinusal com frequência cardíaca normal.,normal
387,Angiotomografia de artérias pulmonares. Indicação: controle de rotina. Traçado sem alterações da repolarização ventricular. Ausência de sinais de hemorragia. Fígado de dimensões e ecotextura normais. Conclusão: Sem alterações significativas.,normal
388,Tomografia computadorizada de tórax. Indicação: cefaleia intensa. Área cardíaca dentro dos limites da normalidade. Traçado sem alterações da repolarização ventricular.,normal
389,Angiotomografia de artérias pulmonares. Indicação: síncope. Área cardíaca dentro dos limites da normalidade. Corpos vertebrais com altura e alinhamento preservados. Conclusão: Exame dentro dos limites da normalidade.,normal
390,Radiografia de tórax em PA e perfil. Indicação: síncope. Espessamento parietal da vesícula biliar sem sinais de complicação. Sem sinais de tromboembolismo. Aorta de calibre normal.,atencao
391,Radiografia de tórax em PA e perfil. Indicação: dor torácica. Corpos vertebrais com altura e alinhamento preservados. Cisto ovariano complexo de 4 cm. Conclusão: Achado que requer seguimento em consulta.,atencao
392,"Eletrocardiograma de repouso. Indicação: avaliação pré-operatória. Parênquima pulmonar com transparência preservada. Vesícula biliar de paredes finas, sem cálculos. Conclusão: Estudo sem achados relevantes.",normal
393,Tomografia computadorizada de crânio sem contraste. Indicação: lombalgia crônica. Cisto ovariano complexo de 4 cm. Fígado de dimensões e ecotextura normais. Conclusão: Recomenda-se acompanhamento ambulatorial.,atencao
394,Ultrassonografia obstétrica. Indicação: síncope. Não há sinais de perfuração. Aorta de calibre normal. Sistema ventricular de dimensões preservadas. Conclusão: Estudo sem achados relevantes.,normal
395,Eletrocardiograma de repouso. Indicação: dor torácica. Corpos vertebrais com altura e alinhamento preservados. Linfonodos mediastinais levemente aumentados. Conclusão: Sugere-se correlação clínica e controle evolutivo.,atencao
396,Radiografia de tórax em PA e perfil. Indicação: dispneia progressiva. Corpos vertebrais com altura e alinhamento preservados. Ausência de sinais de hemorragia. Parênquima pulmonar com transparência preservada. Conclusão: Sem alterações significativas.,normal
397,"Eletrocardiograma de repouso. Indicação: dor torácica. Rins de forma, tamanho e contornos normais. Supradesnivelamento do segmento ST em parede anterior. Conclusão: Necessita avaliação médica imediata.",urgente
398,Eletrocardiograma de repouso. Indicação: trauma após queda. Área cardíaca dentro dos limites da normalidade. Espessamento parietal da vesícula biliar sem sinais de complicação. Conclusão: Recomenda-se acompanhamento ambulatorial.,atencao
399,Tomografia computadorizada de tórax. Indicação: avaliação pré-operatória. Aorta de calibre normal. Seios costofrênicos livres. Sem desvio da linha média. Conclusão: Estudo sem achados relevantes.,normal
400,Radiografia de tórax em PA e perfil. Indicação: dispneia progressiva. Parênquima pulmonar com transparência preservada. Sem desvio da linha média. Estruturas avaliadas com aspecto habitual. Conclusão: Estudo sem achados relevantes.,normal
401,Angiotomografia de artérias pulmonares. Indicação: avaliação pré-operatória. Cálculo renal não obstrutivo de 6 mm à direita. Área cardíaca dentro dos limites da normalidade. Conclusão: Sugere-se correlação clínica e controle evolutivo.,atencao
402,Ressonância magnética de coluna lombar. Indicação: lombalgia crônica. Linfonodos mediastinais levemente aumentados. Estruturas avaliadas com aspecto habitual. Sem sinais de tromboembolismo.,atencao
403,Eletrocardiograma de repouso. Indicação: dor abdominal. Pneumotórax hipertensivo à direita com desvio do mediastino. Cálculo renal não obstrutivo de 6 mm à direita. Conclusão: Necessita avaliação médica imediata.,urgente
404,"Ultrassonografia de abdome total. Indicação: síncope. Vesícula biliar de paredes finas, sem cálculos. Dissecção de aorta torácica tipo A. Conclusão: Achado crítico: comunicado à equipe assistente.",urgente
405,Tomografia computadorizada de crânio sem contraste. Indicação: dor torácica. Pequeno derrame pleural à esquerda. Fibrilação ventricular. Conclusão: Necessita avaliação médica imediata.,urgente
406,"Eletrocardiograma de repouso. Indicação: dispneia progressiva. Estruturas avaliadas com aspecto habitual. Hemorragia intraparenquimatosa extensa com desvio da linha média. Conclusão: Resultado crítico, acionar protocolo de emergência.",urgente
407,Ultrassonografia de abdome total. Indicação: síncope. Parênquima pulmonar com transparência preservada. Linfonodos mediastinais levemente aumentados. Conclusão: Achado que requer seguimento em consulta.,atencao
408,Tomografia computadorizada de tórax. Indicação: cefaleia intensa. Área cardíaca dentro dos limites da normalidade. Aorta de calibre normal. Sem desvio da linha média. Conclusão: Sem alterações significativas.,normal
409,Ressonância magnética de coluna lombar. Indicação: dispneia progressiva. Esteatose hepática moderada. Ausência de sinais de hemorragia. Parênquima pulmonar com transparência preservada. Conclusão: Recomenda-se acompanhamento ambulatorial.,atencao
410,Eletrocardiograma de repouso. Indicação: controle de rotina. Corpos vertebrais com altura e alinhamento preservados. Parênquima pulmonar com transparência preservada. Sem evidência de pneumotórax. Conclusão: Sem alterações significativas.,normal
411,"Angiotomografia de artérias pulmonares. Indicação: trauma após queda. Rins de forma, tamanho e contornos normais. Traçado sem alterações da repolarização ventricular. Sem desvio da linha média. Conclusão: Exame dentro dos limites da normalidade.",normal
412,Eletrocardiograma de repouso. Indicação: avaliação pré-operatória. Corpos vertebrais com altura e alinhamento preservados. Não há supradesnivelamento do segmento ST. Estruturas avaliadas com aspecto habitual. Conclusão: Sem alterações significativas.,normal
413,"Ressonância magnética de coluna lombar. Indicação: febre persistente. Rins de forma, tamanho e contornos normais. Estruturas avaliadas com aspecto habitual. Conclusão: Sem alterações significativas.",normal
414,Tomografia computadorizada de crânio sem contraste. Indicação: lombalgia crônica. Não há supradesnivelamento do segmento ST. Ritmo sinusal com frequência cardíaca normal. Estruturas avaliadas com aspecto habitual. Conclusão: Sem alterações significativas.,normal
415,Eletrocardiograma de repouso. Indicação: febre persistente. Traçado sem alterações da repolarização ventricular. Nódulo pulmonar sólido de 8 mm no lobo superior direito. Conclusão: Sugere-se correlação clínica e controle evolutivo.,atencao
416,Ultrassonografia obstétrica. Indicação: dispneia progressiva. Ausência de sinais de hemorragia. Linfonodos mediastinais levemente aumentados. Ritmo sinusal com frequência cardíaca normal. Conclusão: Sugere-se correlação clínica e controle evolutivo.,atencao
417,Ressonância magnética de coluna lombar. Indicação: avaliação pré-operatória. Traçado sem alterações da repolarização ventricular. Sem evidência de pneumotórax. Parênquima pulmonar com transparência preservada. Conclusão: Estudo sem achados relevantes.,normal
418,Ultrassonografia de abdome total. Indicação: avaliação pré-operatória. Seios costofrênicos livres. Parênquima pulmonar com transparência preservada. Conclusão: Sem alterações significativas.,normal
419,Radiografia de tórax em PA e perfil. Indicação: dor torácica. Estruturas avaliadas com aspecto habitual. Protrusão discal L4-L5 com compressão radicular leve. Conclusão: Recomenda-se acompanhamento ambulatorial.,atencao
420,"Ultrassonografia obstétrica. Indicação: lombalgia crônica. Rins de forma, tamanho e contornos normais. Ausência de sinais de hemorragia. Área cardíaca dentro dos limites da normalidade. Conclusão: Exame dentro dos limites da normalidade.",normal
421,Radiografia de tórax em PA e perfil. Indicação: trauma após queda. Estruturas avaliadas com aspecto habitual. Supradesnivelamento do segmento ST em parede anterior.,urgente
422,"Tomografia computadorizada de crânio sem contraste. Indicação: avaliação pré-operatória. Área cardíaca dentro dos limites da normalidade. Rins de forma, tamanho e contornos normais.",normal
423,Ultrassonografia obstétrica. Indicação: síncope. Cisto ovariano complexo de 4 cm. Sem evidência de pneumotórax. Ritmo sinusal com frequência cardíaca normal.,atencao
424,Angiotomografia de artérias pulmonares. Indicação: dor abdominal. Traçado sem alterações da repolarização ventricular. Compressão medular aguda com sinais de mielopatia. Conclusão: Achado crítico: comunicado à equipe assistente.,urgente
425,Tomografia computadorizada de tórax. Indicação: dor abdominal. Sem desvio da linha média. Aorta de calibre normal. Parênquima pulmonar com transparência preservada. Conclusão: Sem alterações significativas.,normal
426,Radiografia de tórax em PA e perfil. Indicação: controle de rotina. Traçado sem alterações da repolarização ventricular. Parênquima pulmonar com transparência preservada. Conclusão: Sem alterações significativas.,normal
427,Radiografia de tórax em PA e perfil. Indicação: controle de rotina. Pequeno derrame pleural à esquerda. Aorta de calibre normal. Conclusão: Sugere-se correlação clínica e controle evolutivo.,atencao
428,Ultrassonografia de abdome total. Indicação: controle de rotina. Linfonodos mediastinais levemente aumentados. Fígado de dimensões e ecotextura normais. Conclusão: Recomenda-se acompanhamento ambulatorial.,atencao
429,Radiografia de tórax em PA e perfil. Indicação: síncope. Corpos vertebrais com altura e alinhamento preservados. Área cardíaca dentro dos limites da normalidade. Conclusão: Sem alterações significativas.,normal
430,Radiografia de tórax em PA e perfil. Indicação: lombalgia crônica. Sem sinais de tromboembolismo. Aorta de calibre normal. Ritmo sinusal com frequência cardíaca normal.,normal
431,Ultrassonografia de abdome total. Indicação: avaliação pré-operatória. Fígado de dimensões e ecotextura normais. Hemorragia intraparenquimatosa extensa com desvio da linha média. Conclusão: Achado crítico: comunicado à equipe assistente.,urgente
432,Ultrassonografia obstétrica. Indicação: avaliação pré-operatória. Aorta de calibre normal. Área cardíaca dentro dos limites da normalidade. Conclusão: Sem alterações significativas.,normal
433,"Angiotomografia de artérias pulmonares. Indicação: dispneia progressiva. Protrusão discal L4-L5 com compressão radicular leve. Rins de forma, tamanho e contornos normais. Conclusão: Achado que requer seguimento em consulta.",atencao
434,Tomografia computadorizada de tórax. Indicação: controle de rotina. Corpos vertebrais com altura e alinhamento preservados. Nódulo pulmonar sólido de 8 mm no lobo superior direito.,atencao
435,Ressonância magnética de coluna lombar. Indicação: febre persistente. Discreta cardiomegalia. Aorta de calibre normal. Conclusão: Recomenda-se acompanhamento ambulatorial.,atencao
436,"Tomografia computadorizada de crânio sem contraste. Indicação: trauma após queda. Discreta cardiomegalia. Apendicite aguda com sinais de perfuração e abscesso. Conclusão: Resultado crítico, acionar protocolo de emergência.",urgente
437,"Angiotomografia de artérias pulmonares. Indicação: controle de rotina. Sem desvio da linha média. Ritmo sinusal com frequência cardíaca normal. Rins de forma, tamanho e contornos normais. Conclusão: Exame dentro dos limites da normalidade.",normal
438,Eletrocardiograma de repouso. Indicação: trauma após queda. Sem sinais de tromboembolismo. Área cardíaca dentro dos limites da normalidade. Sistema ventricular de dimensões preservadas. Conclusão: Sem alterações significativas.,normal
439,Tomografia computadorizada de tórax. Indicação: dor abdominal. Fígado de dimensões e ecotextura normais. Ritmo sinusal com frequência cardíaca normal. Conclusão: Estudo sem achados relevantes.,normal
440,Tomografia computadorizada de crânio sem contraste. Indicação: febre persistente. Corpos vertebrais com altura e alinhamento preservados. Opacidade em vidro fosco periférica de pequena extensão. Conclusão: Sugere-se correlação clínica e controle evolutivo.,atencao
441,Angiotomografia de artérias pulmonares. Indicação: trauma após queda. Sistema ventricular de dimensões preservadas. Apendicite aguda com sinais de perfuração e abscesso.,urgente
442,Tomografia computadorizada de tórax. Indicação: síncope. Seios costofrênicos livres. Estruturas avaliadas com aspecto habitual.,normal
443,Radiografia de tórax em PA e perfil. Indicação: febre persistente. Seios costofrênicos livres. Opacidade em vidro fosco periférica de pequena extensão. Conclusão: Recomenda-se acompanhamento ambulatorial.,atencao
444,Radiografia de tórax em PA e perfil. Indicação: febre persistente. Área cardíaca dentro dos limites da normalidade. Discreta cardiomegalia. Conclusão: Recomenda-se acompanhamento ambulatorial.,urgente
445,"Tomografia computadorizada de tórax. Indicação: avaliação pré-operatória. Sem desvio da linha média. Rins de forma, tamanho e contornos normais. Aorta de calibre normal.",normal
446,Ressonância magnética de coluna lombar. Indicação: avaliação pré-operatória. Não há supradesnivelamento do segmento ST. Traçado sem alterações da repolarização ventricular. Aorta de calibre normal.,normal
447,Radiografia de tórax em PA e perfil. Indicação: dispneia progressiva. Cálculo renal não obstrutivo de 6 mm à direita. Aneurisma de aorta abdominal roto.,urgente
448,"Ressonância magnética de coluna lombar. Indicação: dor torácica. Ausência de sinais de hemorragia. Traçado sem alterações da repolarização ventricular. Vesícula biliar de paredes finas, sem cálculos. Conclusão: Estudo sem achados relevantes.",normal
449,"Ressonância magnética de coluna lombar. Indicação: controle de rotina. Vesícula biliar de paredes finas, sem cálculos. Linfonodos mediastinais levemente aumentados. Conclusão: Sugere-se correlação clínica e controle evolutivo.",atencao
450,Tomografia computadorizada de crânio sem contraste. Indicação: avaliação pré-operatória. Falha de enchimento em artéria pulmonar principal compatível com tromboembolismo. Aorta de calibre normal. Conclusão: Necessita avaliação médica imediata.,urgente
451,Angiotomografia de artérias pulmonares. Indicação: dispneia progressiva. Nódulo pulmonar sólido de 8 mm no lobo superior direito. Parênquima pulmonar com transparência preservada. Conclusão: Achado que requer seguimento em consulta.,atencao
452,"Ultrassonografia obstétrica. Indicação: lombalgia crônica. Linfonodos mediastinais levemente aumentados. Vesícula biliar de paredes finas, sem cálculos. Conclusão: Achado que requer seguimento em consulta.",atencao
453,Tomografia computadorizada de crânio sem contraste. Indicação: trauma após queda. Sem evidência de pneumotórax. Corpos vertebrais com altura e alinhamento preservados. Parênquima pulmonar com transparência preservada. Conclusão: Sem alterações significativas.,normal
454,Tomografia computadorizada de tórax. Indicação: avaliação pré-operatória. Ritmo sinusal com frequência cardíaca normal. Área cardíaca dentro dos limites da normalidade. Conclusão: Estudo sem achados relevantes.,normal
455,Tomografia computadorizada de tórax. Indicação: avaliação pré-operatória. Não há supradesnivelamento do segmento ST. Seios costofrênicos livres. Sistema ventricular de dimensões preservadas. Conclusão: Exame dentro dos limites da normalidade.,normal
456,Ultrassonografia de abdome total. Indicação: lombalgia crônica. Traçado sem alterações da repolarização ventricular. Sistema ventricular de dimensões preservadas. Não há sinais de perfuração. Conclusão: Estudo sem achados relevantes.,normal
457,"Ultrassonografia obstétrica. Indicação: avaliação pré-operatória. Não há sinais de perfuração. Rins de forma, tamanho e contornos normais. Cálculo renal não obstrutivo de 6 mm à direita. Conclusão: Sugere-se correlação clínica e controle evolutivo.",atencao
458,Radiografia de tórax em PA e perfil. Indicação: controle de rotina. Fígado de dimensões e ecotextura normais. Protrusão discal L4-L5 com compressão radicular leve. Conclusão: Recomenda-se acompanhamento ambulatorial.,atencao
459,Eletrocardiograma de repouso. Indicação: controle de rotina. Aorta de calibre normal. Aneurisma de aorta abdominal roto. Conclusão: Achado crítico: comunicado à equipe assistente.,urgente
460,Ressonância magnética de coluna lombar. Indicação: síncope. Corpos vertebrais com altura e alinhamento preservados. Sem evidência de pneumotórax. Esteatose hepática moderada. Conclusão: Sugere-se correlação clínica e controle evolutivo.,atencao
461,"Ultrassonografia obstétrica. Indicação: lombalgia crônica. Área cardíaca dentro dos limites da normalidade. Ausência de sinais de hemorragia. Vesícula biliar de paredes finas, sem cálculos.",normal
462,Ressonância magnética de coluna lombar. Indicação: controle de rotina. Fibrilação ventricular. Aorta de calibre normal. Conclusão: Necessita avaliação médica imediata.,urgente
463,Eletrocardiograma de repouso. Indicação: síncope. Linfonodos mediastinais levemente aumentados. Área cardíaca dentro dos limites da normalidade. Conclusão: Recomenda-se acompanhamento ambulatorial.,atencao
464,"Radiografia de tórax em PA e perfil. Indicação: controle de rotina. Ausência de sinais de hemorragia. Traçado sem alterações da repolarização ventricular. Vesícula biliar de paredes finas, sem cálculos. Conclusão: Exame dentro dos limites da normalidade.",normal
465,Ultrassonografia de abdome total. Indicação: síncope. Opacidade em vidro fosco periférica de pequena extensão. Ritmo sinusal com frequência cardíaca normal. Conclusão: Recomenda-se acompanhamento ambulatorial.,atencao
466,"Ultrassonografia obstétrica. Indicação: cefaleia intensa. Seios costofrênicos livres. Vesícula biliar de paredes finas, sem cálculos. Não há sinais de perfuração.",normal
467,Tomografia computadorizada de tórax. Indicação: febre persistente. Sistema ventricular de dimensões preservadas. Não há sinais de perfuração. Seios costofrênicos livres. Conclusão: Sem alterações significativas.,normal
468,Tomografia computadorizada de crânio sem contraste. Indicação: trauma após queda. Aorta de calibre normal. Corpos vertebrais com altura e alinhamento preservados.,normal
469,"Angiotomografia de artérias pulmonares. Indicação: febre persistente. Rins de forma, tamanho e contornos normais. Esteatose hepática moderada. Conclusão: Sugere-se correlação clínica e controle evolutivo.",atencao
470,Ressonância magnética de coluna lombar. Indicação: cefaleia intensa. Cisto ovariano complexo de 4 cm. Seios costofrênicos livres. Sem desvio da linha média. Conclusão: Achado que requer seguimento em consulta.,atencao
471,Tomografia computadorizada de tórax. Indicação: trauma após queda. Pneumoperitônio compatível com perfuração de víscera oca. Seios costofrênicos livres. Conclusão: Necessita avaliação médica imediata.,urgente
472,Eletrocardiograma de repouso. Indicação: avaliação pré-operatória. Aorta de calibre normal. Opacidade em vidro fosco periférica de pequena extensão.,atencao
473,Eletrocardiograma de repouso. Indicação: avaliação pré-operatória. Parênquima pulmonar com transparência preservada. Traçado sem alterações da repolarização ventricular. Conclusão: Sem alterações significativas.,normal
474,Ultrassonografia de abdome total. Indicação: dor torácica. Fígado de dimensões e ecotextura normais. Descolamento prematuro de placenta com sinais de sofrimento fetal. Conclusão: Necessita avaliação médica imediata.,urgente
475,"Angiotomografia de artérias pulmonares. Indicação: dispneia progressiva. Pneumotórax hipertensivo à direita com desvio do mediastino. Extrassístoles ventriculares frequentes. Conclusão: Resultado crítico, acionar protocolo de emergência.",atencao
476,Tomografia computadorizada de tórax. Indicação: síncope. Não há supradesnivelamento do segmento ST. Área cardíaca dentro dos limites da normalidade. Estruturas avaliadas com aspecto habitual. Conclusão: Sem alterações significativas.,normal
477,Ressonância magnética de coluna lombar. Indicação: dor torácica. Fígado de dimensões e ecotextura normais. Cálculo renal não obstrutivo de 6 mm à direita. Conclusão: Achado que requer seguimento em consulta.,atencao
478,"Tomografia computadorizada de crânio sem contraste. Indicação: síncope. Esteatose hepática moderada. Vesícula biliar de paredes finas, sem cálculos.",atencao
479,Eletrocardiograma de repouso. Indicação: dispneia progressiva. Aorta de calibre normal. Linfonodos mediastinais levemente aumentados. Conclusão: Sugere-se correlação clínica e controle evolutivo.,atencao
480,Radiografia de tórax em PA e perfil. Indicação: controle de rotina. Opacidade em vidro fosco periférica de pequena extensão. Fígado de dimensões e ecotextura normais. Conclusão: Recomenda-se acompanhamento ambulatorial.,atencao
481,Tomografia computadorizada de tórax. Indicação: lombalgia crônica. Aorta de calibre normal. Ritmo sinusal com frequência cardíaca normal. Conclusão: Exame dentro dos limites da normalidade.,normal
482,Tomografia computadorizada de tórax. Indicação: dor torácica. Pneumoperitônio compatível com perfuração de víscera oca. Protrusão discal L4-L5 com compressão radicular leve. Conclusão: Necessita avaliação médica imediata.,urgente
483,"Ressonância magnética de coluna lombar. Indicação: controle de rotina. Nódulo pulmonar sólido de 8 mm no lobo superior direito. Aneurisma de aorta abdominal roto. Conclusão: Resultado crítico, acionar protocolo de emergência.",urgente
484,Ultrassonografia de abdome total. Indicação: dispneia progressiva. Ausência de sinais de hemorragia. Área cardíaca dentro dos limites da normalidade. Ritmo sinusal com frequência cardíaca normal. Conclusão: Sem alterações significativas.,normal
485,Radiografia de tórax em PA e perfil. Indicação: trauma após queda. Estruturas avaliadas com aspecto habitual. Parênquima pulmonar com transparência preservada. Conclusão: Sem alterações significativas.,normal
486,Eletrocardiograma de repouso. Indicação: dor torácica. Aorta de calibre normal. Parênquima pulmonar com transparência preservada. Conclusão: Exame dentro dos limites da normalidade.,normal
487,Ressonância magnética de coluna lombar. Indicação: dor torácica. Pequeno derrame pleural à esquerda. Área cardíaca dentro dos limites da normalidade.,atencao
488,"Tomografia computadorizada de tórax. Indicação: lombalgia crônica. Rins de forma, tamanho e contornos normais. Sem sinais de tromboembolismo. Aorta de calibre normal.",normal
489,Ultrassonografia de abdome total. Indicação: trauma após queda. Área cardíaca dentro dos limites da normalidade. Fígado de dimensões e ecotextura normais.,normal
490,Ultrassonografia de abdome total. Indicação: lombalgia crônica. Sem sinais de tromboembolismo. Corpos vertebrais com altura e alinhamento preservados. Aorta de calibre normal. Conclusão: Exame dentro dos limites da normalidade.,normal
491,Ressonância magnética de coluna lombar. Indicação: febre persistente. Seios costofrênicos livres. Ritmo sinusal com frequência cardíaca normal. Conclusão: Sem alterações significativas.,normal
492,Tomografia computadorizada de crânio sem contraste. Indicação: lombalgia crônica. Esteatose hepática moderada. Corpos vertebrais com altura e alinhamento preservados. Conclusão: Recomenda-se acompanhamento ambulatorial.,atencao
493,Ultrassonografia obstétrica. Indicação: cefaleia intensa. Bloqueio de ramo direito incompleto. Fígado de dimensões e ecotextura normais. Conclusão: Sugere-se correlação clínica e controle evolutivo.,atencao
494,Angiotomografia de artérias pulmonares. Indicação: dispneia progressiva. Seios costofrênicos livres. Ritmo sinusal com frequência cardíaca normal.,normal
495,Radiografia de tórax em PA e perfil. Indicação: avaliação pré-operatória. Parênquima pulmonar com transparência preservada. Traçado sem alterações da repolarização ventricular. Sem sinais de tromboembolismo. Conclusão: Sem alterações significativas.,normal
496,Tomografia computadorizada de crânio sem contraste. Indicação: controle de rotina. Pequeno derrame pleural à esquerda. Sistema ventricular de dimensões preservadas. Conclusão: Sugere-se correlação clínica e controle evolutivo.,atencao
497,"Angiotomografia de artérias pulmonares. Indicação: avaliação pré-operatória. Fígado de dimensões e ecotextura normais. Rins de forma, tamanho e contornos normais. Conclusão: Estudo sem achados relevantes.",normal
498,"Angiotomografia de artérias pulmonares. Indicação: avaliação pré-operatória. Fígado de dimensões e ecotextura normais. Sem desvio da linha média. Vesícula biliar de paredes finas, sem cálculos. Conclusão: Sem alterações significativas.",normal
499,Tomografia computadorizada de tórax. Indicação: dor torácica. Parênquima pulmonar com transparência preservada. Estruturas avaliadas com aspecto habitual. Conclusão: Exame dentro dos limites da normalidade.,normal
500,Ressonância magnética de coluna lombar. Indicação: controle de rotina. Cisto ovariano complexo de 4 cm. Compressão medular aguda com sinais de mielopatia.,urgente
501,Ultrassonografia obstétrica. Indicação: avaliação pré-operatória. Hematoma subdural agudo com efeito de massa. Fígado de dimensões e ecotextura normais. Conclusão: Necessita avaliação médica imediata.,urgente
502,Radiografia de tórax em PA e perfil. Indicação: dor torácica. Apendicite aguda com sinais de perfuração e abscesso. Pequeno derrame pleural à esquerda. Conclusão: Necessita avaliação médica imediata.,urgente
503,"Radiografia de tórax em PA e perfil. Indicação: dor torácica. Hematoma subdural agudo com efeito de massa. Vesícula biliar de paredes finas, sem cálculos.",urgente
504,Angiotomografia de artérias pulmonares. Indicação: controle de rotina. Aorta de calibre normal. Cálculo renal não obstrutivo de 6 mm à direita. Conclusão: Sugere-se correlação clínica e controle evolutivo.,atencao
505,"Ultrassonografia obstétrica. Indicação: avaliação pré-operatória. Hemorragia intraparenquimatosa extensa com desvio da linha média. Vesícula biliar de paredes finas, sem cálculos. Conclusão: Resultado crítico, acionar protocolo de emergência.",urgente
506,Ressonância magnética de coluna lombar. Indicação: dispneia progressiva. Ausência de sinais de hemorragia. Estruturas avaliadas com aspecto habitual. Sistema ventricular de dimensões preservadas. Conclusão: Estudo sem achados relevantes.,normal
507,Ressonância magnética de coluna lombar. Indicação: febre persistente. Pequeno derrame pleural à esquerda. Seios costofrênicos livres. Conclusão: Recomenda-se acompanhamento ambulatorial.,atencao
508,Ultrassonografia de abdome total. Indicação: trauma após queda. Fígado de dimensões e ecotextura normais. Traçado sem alterações da repolarização ventricular.,normal
509,"Tomografia computadorizada de tórax. Indicação: dor torácica. Vesícula biliar de paredes finas, sem cálculos. Não há supradesnivelamento do segmento ST. Sistema ventricular de dimensões preservadas. Conclusão: Estudo sem achados relevantes.",normal
510,Radiografia de tórax em PA e perfil. Indicação: dor abdominal. Apendicite aguda com sinais de perfuração e abscesso. Cisto ovariano complexo de 4 cm. Conclusão: Necessita avaliação médica imediata.,urgente
511,Ultrassonografia de abdome total. Indicação: dor abdominal. Hematoma subdural agudo com efeito de massa. Opacidade em vidro fosco periférica de pequena extensão. Conclusão: Necessita avaliação médica imediata.,urgente
512,Angiotomografia de artérias pulmonares. Indicação: trauma após queda. Traçado sem alterações da repolarização ventricular. Espessamento parietal da vesícula biliar sem sinais de complicação.,atencao
513,Eletrocardiograma de repouso. Indicação: dispneia progressiva. Compressão medular aguda com sinais de mielopatia. Fígado de dimensões e ecotextura normais.,urgente
514,"Tomografia computadorizada de crânio sem contraste. Indicação: síncope. Rins de forma, tamanho e contornos normais. Pequeno derrame pleural à esquerda. Conclusão: Achado que requer seguimento em consulta.",atencao
515,Ultrassonografia de abdome total. Indicação: dor abdominal. Parênquima pulmonar com transparência preservada. Traçado sem alterações da repolarização ventricular. Conclusão: Estudo sem achados relevantes.,normal
516,"Angiotomografia de artérias pulmonares. Indicação: febre persistente. Rins de forma, tamanho e contornos normais. Fígado de dimensões e ecotextura normais.",normal
517,Tomografia computadorizada de tórax. Indicação: síncope. Corpos vertebrais com altura e alinhamento preservados. Ritmo sinusal com frequência cardíaca normal. Conclusão: Estudo sem achados relevantes.,normal
518,Angiotomografia de artérias pulmonares. Indicação: síncope. Extrassístoles ventriculares frequentes. Sem evidência de pneumotórax. Traçado sem alterações da repolarização ventricular. Conclusão: Recomenda-se acompanhamento ambulatorial.,atencao
519,Eletrocardiograma de repouso. Indicação: febre persistente. Sistema ventricular de dimensões preservadas. Bloqueio de ramo direito incompleto. Conclusão: Sugere-se correlação clínica e controle evolutivo.,atencao
520,Eletrocardiograma de repouso. Indicação: controle de rotina. Fígado de dimensões e ecotextura normais. Traçado sem alterações da repolarização ventricular. Conclusão: Exame dentro dos limites da normalidade.,normal
521,Ultrassonografia de abdome total. Indicação: dispneia progressiva. Espessamento parietal da vesícula biliar sem sinais de complicação. Corpos vertebrais com altura e alinhamento preservados. Conclusão: Recomenda-se acompanhamento ambulatorial.,atencao
522,Eletrocardiograma de repouso. Indicação: controle de rotina. Fígado de dimensões e ecotextura normais. Pneumoperitônio compatível com perfuração de víscera oca. Conclusão: Achado crítico: comunicado à equipe assistente.,urgente
523,Ultrassonografia obstétrica. Indicação: dor torácica. Não há sinais de perfuração. Parênquima pulmonar com transparência preservada. Estruturas avaliadas com aspecto habitual.,normal
524,Tomografia computadorizada de crânio sem contraste. Indicação: febre persistente. Área cardíaca dentro dos limites da normalidade. Extrassístoles ventriculares frequentes. Sem sinais de tromboembolismo. Conclusão: Achado que requer seguimento em consulta.,atencao
525,Eletrocardiograma de repouso. Indicação: avaliação pré-operatória. Parênquima pulmonar com transparência preservada. Ritmo sinusal com frequência cardíaca normal. Conclusão: Estudo sem achados relevantes.,normal
526,Ultrassonografia de abdome total. Indicação: febre persistente. Ritmo sinusal com frequência cardíaca normal. Sem evidência de pneumotórax. Área cardíaca dentro dos limites da normalidade. Conclusão: Estudo sem achados relevantes.,normal
527,"Ressonância magnética de coluna lombar. Indicação: cefaleia intensa. Vesícula biliar de paredes finas, sem cálculos. Protrusão discal L4-L5 com compressão radicular leve.",atencao
528,Tomografia computadorizada de tórax. Indicação: dor abdominal. Espessamento parietal da vesícula biliar sem sinais de complicação. Aorta de calibre normal. Conclusão: Achado que requer seguimento em consulta.,atencao
529,"Radiografia de tórax em PA e perfil. Indicação: trauma após queda. Fígado de dimensões e ecotextura normais. Vesícula biliar de paredes finas, sem cálculos. Não há supradesnivelamento do segmento ST.",normal
530,Ultrassonografia de abdome total. Indicação: avaliação pré-operatória. Apendicite aguda com sinais de perfuração e abscesso. Nódulo pulmonar sólido de 8 mm no lobo superior direito. Conclusão: Achado crítico: comunicado à equipe assistente.,urgente
531,Tomografia computadorizada de tórax. Indicação: avaliação pré-operatória. Linfonodos mediastinais levemente aumentados. Sistema ventricular de dimensões preservadas.,atencao
532,Tomografia computadorizada de crânio sem contraste. Indicação: avaliação pré-operatória. Espessamento parietal da vesícula biliar sem sinais de complicação. Aorta de calibre normal.,atencao
533,Tomografia computadorizada de crânio sem contraste. Indicação: controle de rotina. Extrassístoles ventriculares frequentes. Fígado de dimensões e ecotextura normais. Conclusão: Achado que requer seguimento em consulta.,atencao
534,Ressonância magnética de coluna lombar. Indicação: avaliação pré-operatória. Estruturas avaliadas com aspecto habitual. Aorta de calibre normal. Conclusão: Estudo sem achados relevantes.,normal
535,Angiotomografia de artérias pulmonares. Indicação: trauma após queda. Fígado de dimensões e ecotextura normais. Ausência de sinais de hemorragia. Traçado sem alterações da repolarização ventricular. Conclusão: Estudo sem achados relevantes.,normal
536,Tomografia computadorizada de tórax. Indicação: síncope. Linfonodos mediastinais levemente aumentados. Seios costofrênicos livres. Conclusão: Achado que requer seguimento em consulta.,atencao
537,Tomografia computadorizada de tórax. Indicação: síncope. Sem desvio da linha média. Sistema ventricular de dimensões preservadas. Fígado de dimensões e ecotextura normais. Conclusão: Sem alterações significativas.,normal
538,"Ultrassonografia de abdome total. Indicação: dor torácica. Vesícula biliar de paredes finas, sem cálculos. Estruturas avaliadas com aspecto habitual.",normal
539,Ultrassonografia de abdome total. Indicação: dispneia progressiva. Extrassístoles ventriculares frequentes. Sem sinais de tromboembolismo. Área cardíaca dentro dos limites da normalidade. Conclusão: Sugere-se correlação clínica e controle evolutivo.,atencao
540,"Tomografia computadorizada de crânio sem contraste. Indicação: dor torácica. Aorta de calibre normal. Vesícula biliar de paredes finas, sem cálculos. Sem desvio da linha média. Conclusão: Estudo sem achados relevantes.",normal
541,Eletrocardiograma de repouso. Indicação: dispneia progressiva. Corpos vertebrais com altura e alinhamento preservados. Sem desvio da linha média. Aorta de calibre normal.,normal
542,Ultrassonografia de abdome total. Indicação: febre persistente. Seios costofrênicos livres. Área cardíaca dentro dos limites da normalidade. Conclusão: Sem alterações significativas.,normal
543,"Ultrassonografia obstétrica. Indicação: trauma após queda. Sistema ventricular de dimensões preservadas. Rins de forma, tamanho e contornos normais. Conclusão: Sem alterações significativas.",normal
544,Ressonância magnética de coluna lombar. Indicação: febre persistente. Traçado sem alterações da repolarização ventricular. Ritmo sinusal com frequência cardíaca normal.,normal
545,Tomografia computadorizada de crânio sem contraste. Indicação: lombalgia crônica. Estruturas avaliadas com aspecto habitual. Dissecção de aorta torácica tipo A. Conclusão: Necessita avaliação médica imediata.,urgente
546,"Radiografia de tórax em PA e perfil. Indicação: dor torácica. Cálculo renal não obstrutivo de 6 mm à direita. Vesícula biliar de paredes finas, sem cálculos.",atencao
547,"Tomografia computadorizada de tórax. Indicação: lombalgia crônica. Nódulo pulmonar sólido de 8 mm no lobo superior direito. Rins de forma, tamanho e contornos normais. Sem evidência de pneumotórax.",atencao
548,"Tomografia computadorizada de tórax. Indicação: cefaleia intensa. Não há sinais de perfuração. Vesícula biliar de paredes finas, sem cálculos. Sistema ventricular de dimensões preservadas. Conclusão: Exame dentro dos limites da normalidade.",normal
549,Eletrocardiograma de repouso. Indicação: dor abdominal. Bloqueio de ramo direito incompleto. Fígado de dimensões e ecotextura normais. Conclusão: Sugere-se correlação clínica e controle evolutivo.,atencao
550,Angiotomografia de artérias pulmonares. Indicação: controle de rotina. Aorta de calibre normal. Protrusão discal L4-L5 com compressão radicular leve. Conclusão: Achado que requer seguimento em consulta.,atencao
551,Ultrassonografia obstétrica. Indicação: dor torácica. Sem evidência de pneumotórax. Área cardíaca dentro dos limites da normalidade. Ritmo sinusal com frequência cardíaca normal. Conclusão: Estudo sem achados relevantes.,normal
552,Tomografia computadorizada de crânio sem contraste. Indicação: avaliação pré-operatória. Nódulo pulmonar sólido de 8 mm no lobo superior direito. Corpos vertebrais com altura e alinhamento preservados. Conclusão: Recomenda-se acompanhamento ambulatorial.,atencao
553,Tomografia computadorizada de tórax. Indicação: cefaleia intensa. Parênquima pulmonar com transparência preservada. Não há sinais de perfuração. Protrusão discal L4-L5 com compressão radicular leve.,atencao
554,"Ultrassonografia de abdome total. Indicação: síncope. Vesícula biliar de paredes finas, sem cálculos. Estruturas avaliadas com aspecto habitual. Conclusão: Exame dentro dos limites da normalidade.",normal
555,"Ultrassonografia obstétrica. Indicação: cefaleia intensa. Nódulo pulmonar sólido de 8 mm no lobo superior direito. Pneumoperitônio compatível com perfuração de víscera oca. Conclusão: Resultado crítico, acionar protocolo de emergência.",urgente
556,Tomografia computadorizada de crânio sem contraste. Indicação: dor abdominal. Esteatose hepática moderada. Estruturas avaliadas com aspecto habitual. Não há supradesnivelamento do segmento ST. Conclusão: Sugere-se correlação clínica e controle evolutivo.,atencao
557,Radiografia de tórax em PA e perfil. Indicação: dor abdominal. Estruturas avaliadas com aspecto habitual. Traçado sem alterações da repolarização ventricular. Conclusão: Estudo sem achados relevantes.,normal
558,Tomografia computadorizada de tórax. Indicação: trauma após queda. Traçado sem alterações da repolarização ventricular. Estruturas avaliadas com aspecto habitual. Ausência de sinais de hemorragia. Conclusão: Estudo sem achados relevantes.,normal
559,Angiotomografia de artérias pulmonares. Indicação: dispneia progressiva. Área cardíaca dentro dos limites da normalidade. Ritmo sinusal com frequência cardíaca normal. Conclusão: Exame dentro dos limites da normalidade.,normal
560,Angiotomografia de artérias pulmonares. Indicação: dispneia progressiva. Traçado sem alterações da repolarização ventricular. Não há sinais de perfuração. Aorta de calibre normal.,normal
561,Tomografia computadorizada de tórax. Indicação: dor abdominal. Sistema ventricular de dimensões preservadas. Fibrilação ventricular. Conclusão: Necessita avaliação médica imediata.,urgente
562,Angiotomografia de artérias pulmonares. Indicação: cefaleia intensa. Seios costofrênicos livres. Sistema ventricular de dimensões preservadas. Conclusão: Exame dentro dos limites da normalidade.,normal
563,Ressonância magnética de coluna lombar. Indicação: avaliação pré-operatória. Ritmo sinusal com frequência cardíaca normal. Linfonodos mediastinais levemente aumentados.,atencao
564,Tomografia computadorizada de crânio sem contraste. Indicação: dispneia progressiva. Sem desvio da linha média. Corpos vertebrais com altura e alinhamento preservados. Seios costofrênicos livres.,normal
565,"Eletrocardiograma de repouso. Indicação: trauma após queda. Seios costofrênicos livres. Vesícula biliar de paredes finas, sem cálculos. Ausência de sinais de hemorragia.",normal
566,Angiotomografia de artérias pulmonares. Indicação: febre persistente. Parênquima pulmonar com transparência preservada. Corpos vertebrais com altura e alinhamento preservados. Conclusão: Estudo sem achados relevantes.,normal
567,Radiografia de tórax em PA e perfil. Indicação: cefaleia intensa. Sem evidência de pneumotórax. Aorta de calibre normal. Traçado sem alterações da repolarização ventricular. Conclusão: Estudo sem achados relevantes.,normal
568,"Ultrassonografia obstétrica. Indicação: avaliação pré-operatória. Fígado de dimensões e ecotextura normais. Sem evidência de pneumotórax. Rins de forma, tamanho e contornos normais. Conclusão: Estudo sem achados relevantes.",normal
569,Tomografia computadorizada de crânio sem contraste. Indicação: febre persistente. Estruturas avaliadas com aspecto habitual. Ausência de sinais de hemorragia. Opacidade em vidro fosco periférica de pequena extensão. Conclusão: Sugere-se correlação clínica e controle evolutivo.,atencao
570,Ultrassonografia obstétrica. Indicação: dispneia progressiva. Hematoma subdural agudo com efeito de massa. Extrassístoles ventriculares frequentes.,urgente
571,Tomografia computadorizada de tórax. Indicação: dor torácica. Parênquima pulmonar com transparência preservada. Discreta cardiomegalia.,atencao
572,Tomografia computadorizada de tórax. Indicação: trauma após queda. Traçado sem alterações da repolarização ventricular. Seios costofrênicos livres. Conclusão: Sem alterações significativas.,normal
573,Angiotomografia de artérias pulmonares. Indicação: dor torácica. Supradesnivelamento do segmento ST em parede anterior. Área cardíaca dentro dos limites da normalidade.,urgente
574,Ultrassonografia obstétrica. Indicação: síncope. Sem desvio da linha média. Aorta de calibre normal. Ritmo sinusal com frequência cardíaca normal. Conclusão: Estudo sem achados relevantes.,normal
575,Angiotomografia de artérias pulmonares. Indicação: febre persistente. Espessamento parietal da vesícula biliar sem sinais de complicação. Aorta de calibre normal. Conclusão: Sugere-se correlação clínica e controle evolutivo.,atencao
576,Ultrassonografia obstétrica. Indicação: trauma após queda. Aorta de calibre normal. Estruturas avaliadas com aspecto habitual. Conclusão: Estudo sem achados relevantes.,normal
577,Angiotomografia de artérias pulmonares. Indicação: avaliação pré-operatória. Pequeno derrame pleural à esquerda. Corpos vertebrais com altura e alinhamento preservados. Conclusão: Sugere-se correlação clínica e controle evolutivo.,urgente
578,Ultrassonografia de abdome total. Indicação: avaliação pré-operatória. Protrusão discal L4-L5 com compressão radicular leve. Corpos vertebrais com altura e alinhamento preservados. Sem evidência de pneumotórax.,atencao
579,Ultrassonografia obstétrica. Indicação: controle de rotina. Cálculo renal não obstrutivo de 6 mm à direita. Aorta de calibre normal.,atencao
580,"Ressonância magnética de coluna lombar. Indicação: avaliação pré-operatória. Rins de forma, tamanho e contornos normais. Esteatose hepática moderada. Não há supradesnivelamento do segmento ST. Conclusão: Recomenda-se acompanhamento ambulatorial.",atencao
581,Tomografia computadorizada de tórax. Indicação: síncope. Apendicite aguda com sinais de perfuração e abscesso. Pequeno derrame pleural à esquerda. Conclusão: Achado crítico: comunicado à equipe assistente.,urgente
582,"Radiografia de tórax em PA e perfil. Indicação: dor abdominal. Protrusão discal L4-L5 com compressão radicular leve. Hematoma subdural agudo com efeito de massa. Conclusão: Resultado crítico, acionar protocolo de emergência.",urgente
583,Tomografia computadorizada de crânio sem contraste. Indicação: dor abdominal. Parênquima pulmonar com transparência preservada. Bloqueio de ramo direito incompleto. Conclusão: Sugere-se correlação clínica e controle evolutivo.,atencao
584,"Ressonância magnética de coluna lombar. Indicação: dor abdominal. Vesícula biliar de paredes finas, sem cálculos. Nódulo pulmonar sólido de 8 mm no lobo superior direito. Sem evidência de pneumotórax.",atencao
585,Ultrassonografia obstétrica. Indicação: avaliação pré-operatória. Aorta de calibre normal. Parênquima pulmonar com transparência preservada.,normal
586,Tomografia computadorizada de crânio sem contraste. Indicação: controle de rotina. Traçado sem alterações da repolarização ventricular. Parênquima pulmonar com transparência preservada. Conclusão: Sem alterações significativas.,normal
587,Ultrassonografia obstétrica. Indicação: cefaleia intensa. Traçado sem alterações da repolarização ventricular. Esteatose hepática moderada. Conclusão: Recomenda-se acompanhamento ambulatorial.,atencao
588,Angiotomografia de artérias pulmonares. Indicação: dor torácica. Corpos vertebrais com altura e alinhamento preservados. Sem sinais de tromboembolismo. Ritmo sinusal com frequência cardíaca normal. Conclusão: Estudo sem achados relevantes.,normal
589,"Ressonância magnética de coluna lombar. Indicação: trauma após queda. Sem evidência de pneumotórax. Vesícula biliar de paredes finas, sem cálculos. Área cardíaca dentro dos limites da normalidade. Conclusão: Sem alterações significativas.",normal
590,Ressonância magnética de coluna lombar. Indicação: dor torácica. Área cardíaca dentro dos limites da normalidade. Corpos vertebrais com altura e alinhamento preservados. Conclusão: Sem alterações significativas.,normal
591,Tomografia computadorizada de tórax. Indicação: febre persistente. Seios costofrênicos livres. Nódulo pulmonar sólido de 8 mm no lobo superior direito.,atencao
592,Eletrocardiograma de repouso. Indicação: febre persistente. Bloqueio de ramo direito incompleto. Traçado sem alterações da repolarização ventricular.,atencao
593,"Ressonância magnética de coluna lombar. Indicação: dor torácica. Vesícula biliar de paredes finas, sem cálculos. Cálculo renal não obstrutivo de 6 mm à direita.",atencao
594,"Ultrassonografia de abdome total. Indicação: lombalgia crônica. Cisto ovariano complexo de 4 cm. Rins de forma, tamanho e contornos normais.",atencao
595,Angiotomografia de artérias pulmonares. Indicação: trauma após queda. Não há sinais de perfuração. Cálculo renal não obstrutivo de 6 mm à direita. Parênquima pulmonar com transparência preservada. Conclusão: Achado que requer seguimento em consulta.,atencao
596,Tomografia computadorizada de crânio sem contraste. Indicação: lombalgia crônica. Fígado de dimensões e ecotextura normais. Opacidade em vidro fosco periférica de pequena extensão. Conclusão: Achado que requer seguimento em consulta.,atencao
597,Ultrassonografia de abdome total. Indicação: dispneia progressiva. Opacidade em vidro fosco periférica de pequena extensão. Pneumotórax hipertensivo à direita com desvio do mediastino.,urgente
598,Ressonância magnética de coluna lombar. Indicação: cefaleia intensa. Estruturas avaliadas com aspecto habitual. Traçado sem alterações da repolarização ventricular. Conclusão: Estudo sem achados relevantes.,urgente
599,Ultrassonografia de abdome total. Indicação: síncope. Aorta de calibre normal. Cisto ovariano complexo de 4 cm. Conclusão: Sugere-se correlação clínica e controle evolutivo.,atencao
600,"Tomografia computadorizada de tórax. Indicação: febre persistente. Ritmo sinusal com frequência cardíaca normal. Vesícula biliar de paredes finas, sem cálculos. Sem sinais de tromboembolismo.",normal
601,Tomografia computadorizada de crânio sem contraste. Indicação: controle de rotina. Seios costofrênicos livres. Aorta de calibre normal. Conclusão: Sem alterações significativas.,normal
602,"Ultrassonografia obstétrica. Indicação: trauma após queda. Dissecção de aorta torácica tipo A. Pequeno derrame pleural à esquerda. Conclusão: Resultado crítico, acionar protocolo de emergência.",urgente
603,Eletrocardiograma de repouso. Indicação: síncope. Apendicite aguda com sinais de perfuração e abscesso. Linfonodos mediastinais levemente aumentados. Conclusão: Necessita avaliação médica imediata.,urgente
604,"Angiotomografia de artérias pulmonares. Indicação: controle de rotina. Não há supradesnivelamento do segmento ST. Área cardíaca dentro dos limites da normalidade. Vesícula biliar de paredes finas, sem cálculos.",normal
605,Tomografia computadorizada de crânio sem contraste. Indicação: trauma após queda. Espessamento parietal da vesícula biliar sem sinais de complicação. Corpos vertebrais com altura e alinhamento preservados. Sem evidência de pneumotórax.,atencao
606,Angiotomografia de artérias pulmonares. Indicação: cefaleia intensa. Sistema ventricular de dimensões preservadas. Parênquima pulmonar com transparência preservada. Conclusão: Exame dentro dos limites da normalidade.,normal
607,Ressonância magnética de coluna lombar. Indicação: dispneia progressiva. Sem evidência de pneumotórax. Corpos vertebrais com altura e alinhamento preservados. Cálculo renal não obstrutivo de 6 mm à direita. Conclusão: Sugere-se correlação clínica e controle evolutivo.,atencao
608,Ultrassonografia de abdome total. Indicação: controle de rotina. Sem sinais de tromboembolismo. Extrassístoles ventriculares frequentes. Corpos vertebrais com altura e alinhamento preservados.,atencao
609,Eletrocardiograma de repouso. Indicação: síncope. Apendicite aguda com sinais de perfuração e abscesso. Protrusão discal L4-L5 com compressão radicular leve.,urgente
610,"Tomografia computadorizada de tórax. Indicação: controle de rotina. Hematoma subdural agudo com efeito de massa. Espessamento parietal da vesícula biliar sem sinais de complicação. Conclusão: Resultado crítico, acionar protocolo de emergência.",urgente
611,Angiotomografia de artérias pulmonares. Indicação: febre persistente. Ritmo sinusal com frequência cardíaca normal. Seios costofrênicos livres. Ausência de sinais de hemorragia.,normal
612,"Tomografia computadorizada de tórax. Indicação: dor torácica. Rins de forma, tamanho e contornos normais. Traçado sem alterações da repolarização ventricular. Conclusão: Exame dentro dos limites da normalidade.",normal
613,"Tomografia computadorizada de crânio sem contraste. Indicação: trauma após queda. Vesícula biliar de paredes finas, sem cálculos. Rins de forma, tamanho e contornos normais.",normal
614,Ultrassonografia obstétrica. Indicação: lombalgia crônica. Parênquima pulmonar com transparência preservada. Nódulo pulmonar sólido de 8 mm no lobo superior direito.,atencao
615,"Ultrassonografia de abdome total. Indicação: trauma após queda. Aorta de calibre normal. Rins de forma, tamanho e contornos normais. Sem sinais de tromboembolismo. Conclusão: Exame dentro dos limites da normalidade.",normal
616,Radiografia de tórax em PA e perfil. Indicação: dor abdominal. Bloqueio de ramo direito incompleto. Área cardíaca dentro dos limites da normalidade. Conclusão: Recomenda-se acompanhamento ambulatorial.,atencao
617,Tomografia computadorizada de crânio sem contraste. Indicação: lombalgia crônica. Fígado de dimensões e ecotextura normais. Supradesnivelamento do segmento ST em parede anterior. Conclusão: Achado crítico: comunicado à equipe assistente.,urgente
618,"Angiotomografia de artérias pulmonares. Indicação: controle de rotina. Rins de forma, tamanho e contornos normais. Estruturas avaliadas com aspecto habitual. Conclusão: Exame dentro dos limites da normalidade.",normal
619,Tomografia computadorizada de crânio sem contraste. Indicação: dor abdominal. Esteatose hepática moderada. Seios costofrênicos livres. Conclusão: Recomenda-se acompanhamento ambulatorial.,atencao
620,Ultrassonografia de abdome total. Indicação: síncope. Cisto ovariano complexo de 4 cm. Ritmo sinusal com frequência cardíaca normal.,atencao
621,Ressonância magnética de coluna lombar. Indicação: avaliação pré-operatória. Pequeno derrame pleural à esquerda. Descolamento prematuro de placenta com sinais de sofrimento fetal. Conclusão: Achado crítico: comunicado à equipe assistente.,urgente
622,Radiografia de tórax em PA e perfil. Indicação: dispneia progressiva. Ritmo sinusal com frequência cardíaca normal. Fibrilação ventricular. Conclusão: Necessita avaliação médica imediata.,urgente
623,"Ultrassonografia de abdome total. Indicação: controle de rotina. Vesícula biliar de paredes finas, sem cálculos. Sistema ventricular de dimensões preservadas. Conclusão: Sem alterações significativas.",normal
624,Ultrassonografia obstétrica. Indicação: dor torácica. Nódulo pulmonar sólido de 8 mm no lobo superior direito. Corpos vertebrais com altura e alinhamento preservados. Conclusão: Recomenda-se acompanhamento ambulatorial.,urgente
625,Eletrocardiograma de repouso. Indicação: síncope. Cálculo renal não obstrutivo de 6 mm à direita. Traçado sem alterações da repolarização ventricular.,atencao
626,Eletrocardiograma de repouso. Indicação: dor torácica. Aorta de calibre normal. Esteatose hepática moderada. Conclusão: Sugere-se correlação clínica e controle evolutivo.,atencao
627,Tomografia computadorizada de tórax. Indicação: lombalgia crônica. Falha de enchimento em artéria pulmonar principal compatível com tromboembolismo. Bloqueio de ramo direito incompleto.,urgente
628,Eletrocardiograma de repouso. Indicação: avaliação pré-operatória. Fígado de dimensões e ecotextura normais. Ritmo sinusal com frequência cardíaca normal. Conclusão: Sem alterações significativas.,normal
629,Ressonância magnética de coluna lombar. Indicação: dor torácica. Área cardíaca dentro dos limites da normalidade. Extrassístoles ventriculares frequentes. Conclusão: Recomenda-se acompanhamento ambulatorial.,atencao
630,Tomografia computadorizada de tórax. Indicação: febre persistente. Opacidade em vidro fosco periférica de pequena extensão. Aorta de calibre normal. Conclusão: Achado que requer seguimento em consulta.,atencao
631,Radiografia de tórax em PA e perfil. Indicação: avaliação pré-operatória. Traçado sem alterações da repolarização ventricular. Parênquima pulmonar com transparência preservada. Sem desvio da linha média. Conclusão: Estudo sem achados relevantes.,normal
632,Tomografia computadorizada de crânio sem contraste. Indicação: avaliação pré-operatória. Ritmo sinusal com frequência cardíaca normal. Protrusão discal L4-L5 com compressão radicular leve.,atencao
633,"Ressonância magnética de coluna lombar. Indicação: trauma após queda. Rins de forma, tamanho e contornos normais. Parênquima pulmonar com transparência preservada. Conclusão: Sem alterações significativas.",normal
634,"Radiografia de tórax em PA e perfil. Indicação: dispneia progressiva. Extrassístoles ventriculares frequentes. Aneurisma de aorta abdominal roto. Conclusão: Resultado crítico, acionar protocolo de emergência.",urgente
635,"Eletrocardiograma de repouso. Indicação: síncope. Esteatose hepática moderada. Fibrilação ventricular. Conclusão: Resultado crítico, acionar protocolo de emergência.",urgente
636,"Tomografia computadorizada de tórax. Indicação: cefaleia intensa. Área cardíaca dentro dos limites da normalidade. Rins de forma, tamanho e contornos normais. Conclusão: Estudo sem achados relevantes.",normal
637,Eletrocardiograma de repouso. Indicação: trauma após queda. Linfonodos mediastinais levemente aumentados. Estruturas avaliadas com aspecto habitual. Conclusão: Sugere-se correlação clínica e controle evolutivo.,urgente
638,Radiografia de tórax em PA e perfil. Indicação: dor abdominal. Bloqueio de ramo direito incompleto. Seios costofrênicos livres. Não há supradesnivelamento do segmento ST. Conclusão: Achado que requer seguimento em consulta.,atencao
639,Ultrassonografia de abdome total. Indicação: dor torácica. Cálculo renal não obstrutivo de 6 mm à direita. Seios costofrênicos livres. Conclusão: Recomenda-se acompanhamento ambulatorial.,atencao
640,Radiografia de tórax em PA e perfil. Indicação: trauma após queda. Seios costofrênicos livres. Extrassístoles ventriculares frequentes. Conclusão: Sugere-se correlação clínica e controle evolutivo.,atencao
641,Tomografia computadorizada de crânio sem contraste. Indicação: dor torácica. Espessamento parietal da vesícula biliar sem sinais de complicação. Seios costofrênicos livres.,atencao
642,Ultrassonografia obstétrica. Indicação: trauma após queda. Estruturas avaliadas com aspecto habitual. Sistema ventricular de dimensões preservadas.,normal
643,Ultrassonografia obstétrica. Indicação: cefaleia intensa. Corpos vertebrais com altura e alinhamento preservados. Traçado sem alterações da repolarização ventricular.,normal
644,Angiotomografia de artérias pulmonares. Indicação: dor abdominal. Parênquima pulmonar com transparência preservada. Extrassístoles ventriculares frequentes.,atencao
645,Eletrocardiograma de repouso. Indicação: síncope. Pequeno derrame pleural à esquerda. Pneumotórax hipertensivo à direita com desvio do mediastino. Conclusão: Necessita avaliação médica imediata.,urgente
646,"Angiotomografia de artérias pulmonares. Indicação: cefaleia intensa. Seios costofrênicos livres. Rins de forma, tamanho e contornos normais. Sem sinais de tromboembolismo. Conclusão: Sem alterações significativas.",normal
647,Tomografia computadorizada de crânio sem contraste. Indicação: dor abdominal. Traçado sem alterações da repolarização ventricular. Aorta de calibre normal. Conclusão: Estudo sem achados relevantes.,normal
648,"Tomografia computadorizada de crânio sem contraste. Indicação: dor torácica. Parênquima pulmonar com transparência preservada. Rins de forma, tamanho e contornos normais.",normal
649,Eletrocardiograma de repouso. Indicação: dor abdominal. Seios costofrênicos livres. Corpos vertebrais com altura e alinhamento preservados. Conclusão: Exame dentro dos limites da normalidade.,normal
650,"Radiografia de tórax em PA e perfil. Indicação: controle de rotina. Cálculo renal não obstrutivo de 6 mm à direita. Rins de forma, tamanho e contornos normais. Conclusão: Achado que requer seguimento em consulta.",atencao
651,Tomografia computadorizada de tórax. Indicação: avaliação pré-operatória. Dissecção de aorta torácica tipo A. Cisto ovariano complexo de 4 cm. Conclusão: Achado crítico: comunicado à equipe assistente.,urgente
652,"Tomografia computadorizada de tórax. Indicação: dor torácica. Vesícula biliar de paredes finas, sem cálculos. Ritmo sinusal com frequência cardíaca normal. Conclusão: Exame dentro dos limites da normalidade.",normal
653,Ultrassonografia de abdome total. Indicação: cefaleia intensa. Sistema ventricular de dimensões preservadas. Ritmo sinusal com frequência cardíaca normal. Conclusão: Sem alterações significativas.,normal
654,Ressonância magnética de coluna lombar. Indicação: síncope. Seios costofrênicos livres. Cálculo renal não obstrutivo de 6 mm à direita. Conclusão: Recomenda-se acompanhamento ambulatorial.,atencao
655,Radiografia de tórax em PA e perfil. Indicação: trauma após queda. Sem evidência de pneumotórax. Ritmo sinusal com frequência cardíaca normal. Aorta de calibre normal.,normal
656,Ressonância magnética de coluna lombar. Indicação: febre persistente. Ausência de sinais de hemorragia. Discreta cardiomegalia. Seios costofrênicos livres. Conclusão: Recomenda-se acompanhamento ambulatorial.,atencao
657,Tomografia computadorizada de tórax. Indicação: dispneia progressiva. Corpos vertebrais com altura e alinhamento preservados. Ritmo sinusal com frequência cardíaca normal. Conclusão: Exame dentro dos limites da normalidade.,normal
658,Eletrocardiograma de repouso. Indicação: controle de rotina. Ritmo sinusal com frequência cardíaca normal. Fígado de dimensões e ecotextura normais.,normal
659,Ultrassonografia de abdome total. Indicação: dor torácica. Fígado de dimensões e ecotextura normais. Área cardíaca dentro dos limites da normalidade.,normal
660,Tomografia computadorizada de crânio sem contraste. Indicação: dor abdominal. Não há sinais de perfuração. Ritmo sinusal com frequência cardíaca normal. Fígado de dimensões e ecotextura normais.,normal
661,Angiotomografia de artérias pulmonares. Indicação: cefaleia intensa. Área cardíaca dentro dos limites da normalidade. Pequeno derrame pleural à esquerda.,atencao
662,"Angiotomografia de artérias pulmonares. Indicação: dor abdominal. Rins de forma, tamanho e contornos normais. Não há supradesnivelamento do segmento ST. Sistema ventricular de dimensões preservadas.",normal
663,Eletrocardiograma de repouso. Indicação: controle de rotina. Não há sinais de perfuração. Ritmo sinusal com frequência cardíaca normal. Sistema ventricular de dimensões preservadas. Conclusão: Exame dentro dos limites da normalidade.,normal
664,Tomografia computadorizada de crânio sem contraste. Indicação: controle de rotina. Opacidade em vidro fosco periférica de pequena extensão. Seios costofrênicos livres. Conclusão: Sugere-se correlação clínica e controle evolutivo.,atencao
665,Ressonância magnética de coluna lombar. Indicação: lombalgia crônica. Aorta de calibre normal. Corpos vertebrais com altura e alinhamento preservados. Conclusão: Estudo sem achados relevantes.,normal
666,Radiografia de tórax em PA e perfil. Indicação: trauma após queda. Ritmo sinusal com frequência cardíaca normal. Descolamento prematuro de placenta com sinais de sofrimento fetal. Conclusão: Necessita avaliação médica imediata.,urgente
667,Angiotomografia de artérias pulmonares. Indicação: síncope. Sistema ventricular de dimensões preservadas. Ausência de sinais de hemorragia. Área cardíaca dentro dos limites da normalidade. Conclusão: Estudo sem achados relevantes.,normal
668,"Radiografia de tórax em PA e perfil. Indicação: avaliação pré-operatória. Vesícula biliar de paredes finas, sem cálculos. Sem desvio da linha média. Rins de forma, tamanho e contornos normais. Conclusão: Sem alterações significativas.",normal
669,Angiotomografia de artérias pulmonares. Indicação: dor torácica. Falha de enchimento em artéria pulmonar principal compatível com tromboembolismo. Corpos vertebrais com altura e alinhamento preservados. Conclusão: Necessita avaliação médica imediata.,urgente
670,"Eletrocardiograma de repouso. Indicação: lombalgia crônica. Opacidade em vidro fosco periférica de pequena extensão. Vesícula biliar de paredes finas, sem cálculos.",atencao
671,"Tomografia computadorizada de crânio sem contraste. Indicação: dor abdominal. Estruturas avaliadas com aspecto habitual. Vesícula biliar de paredes finas, sem cálculos. Sem evidência de pneumotórax. Conclusão: Estudo sem achados relevantes.",normal
672,"Eletrocardiograma de repouso. Indicação: trauma após queda. Extrassístoles ventriculares frequentes. Rins de forma, tamanho e contornos normais. Conclusão: Sugere-se correlação clínica e controle evolutivo.",atencao
673,"Ressonância magnética de coluna lombar. Indicação: febre persistente. Rins de forma, tamanho e contornos normais. Bloqueio de ramo direito incompleto. Conclusão: Achado que requer seguimento em consulta.",atencao
674,"Tomografia computadorizada de tórax. Indicação: febre persistente. Ritmo sinusal com frequência cardíaca normal. Aneurisma de aorta abdominal roto. Conclusão: Resultado crítico, acionar protocolo de emergência.",urgente
675,Ultrassonografia obstétrica. Indicação: avaliação pré-operatória. Sistema ventricular de dimensões preservadas. Sem evidência de pneumotórax. Parênquima pulmonar com transparência preservada. Conclusão: Sem alterações significativas.,normal
676,"Radiografia de tórax em PA e perfil. Indicação: dor abdominal. Supradesnivelamento do segmento ST em parede anterior. Rins de forma, tamanho e contornos normais.",atencao
677,Ressonância magnética de coluna lombar. Indicação: trauma após queda. Bloqueio de ramo direito incompleto. Seios costofrênicos livres.,atencao
678,"Eletrocardiograma de repouso. Indicação: dor abdominal. Estruturas avaliadas com aspecto habitual. Rins de forma, tamanho e contornos normais.",normal
679,Ressonância magnética de coluna lombar. Indicação: síncope. Falha de enchimento em artéria pulmonar principal compatível com tromboembolismo. Bloqueio de ramo direito incompleto. Conclusão: Necessita avaliação médica imediata.,urgente
680,"Tomografia computadorizada de crânio sem contraste. Indicação: dor abdominal. Linfonodos mediastinais levemente aumentados. Pneumoperitônio compatível com perfuração de víscera oca. Conclusão: Resultado crítico, acionar protocolo de emergência.",urgente
681,Radiografia de tórax em PA e perfil. Indicação: síncope. Corpos vertebrais com altura e alinhamento preservados. Ausência de sinais de hemorragia. Estruturas avaliadas com aspecto habitual. Conclusão: Sem alterações significativas.,normal
682,Tomografia computadorizada de crânio sem contraste. Indicação: avaliação pré-operatória. Sistema ventricular de dimensões preservadas. Fibrilação ventricular. Conclusão: Necessita avaliação médica imediata.,urgente
683,"Tomografia computadorizada de crânio sem contraste. Indicação: controle de rotina. Ausência de sinais de hemorragia. Vesícula biliar de paredes finas, sem cálculos. Seios costofrênicos livres. Conclusão: Exame dentro dos limites da normalidade.",normal
684,"Ultrassonografia obstétrica. Indicação: controle de rotina. Aorta de calibre normal. Rins de forma, tamanho e contornos normais. Conclusão: Estudo sem achados relevantes.",normal
685,Ultrassonografia de abdome total. Indicação: dor torácica. Corpos vertebrais com altura e alinhamento preservados. Área cardíaca dentro dos limites da normalidade. Sem desvio da linha média. Conclusão: Estudo sem achados relevantes.,normal
686,Ultrassonografia obstétrica. Indicação: avaliação pré-operatória. Pneumotórax hipertensivo à direita com desvio do mediastino. Aorta de calibre normal. Conclusão: Necessita avaliação médica imediata.,urgente
687,Eletrocardiograma de repouso. Indicação: febre persistente. Área cardíaca dentro dos limites da normalidade. Cisto ovariano complexo de 4 cm.,atencao
688,Ultrassonografia obstétrica. Indicação: febre persistente. Área cardíaca dentro dos limites da normalidade. Linfonodos mediastinais levemente aumentados. Conclusão: Recomenda-se acompanhamento ambulatorial.,atencao
689,Tomografia computadorizada de tórax. Indicação: dispneia progressiva. Linfonodos mediastinais levemente aumentados. Pneumotórax hipertensivo à direita com desvio do mediastino.,urgente
690,Tomografia computadorizada de crânio sem contraste. Indicação: dor abdominal. Parênquima pulmonar com transparência preservada. Aorta de calibre normal. Conclusão: Exame dentro dos limites da normalidade.,normal
691,Radiografia de tórax em PA e perfil. Indicação: avaliação pré-operatória. Estruturas avaliadas com aspecto habitual. Parênquima pulmonar com transparência preservada. Conclusão: Estudo sem achados relevantes.,normal
692,Ultrassonografia de abdome total. Indicação: febre persistente. Não há supradesnivelamento do segmento ST. Aorta de calibre normal. Estruturas avaliadas com aspecto habitual. Conclusão: Sem alterações significativas.,normal
693,Tomografia computadorizada de crânio sem contraste. Indicação: cefaleia intensa. Sem desvio da linha média. Traçado sem alterações da repolarização ventricular. Opacidade em vidro fosco periférica de pequena extensão.,atencao
694,Tomografia computadorizada de tórax. Indicação: dor torácica. Área cardíaca dentro dos limites da normalidade. Pneumoperitônio compatível com perfuração de víscera oca. Conclusão: Necessita avaliação médica imediata.,urgente
695,Radiografia de tórax em PA e perfil. Indicação: dispneia progressiva. Corpos vertebrais com altura e alinhamento preservados. Esteatose hepática moderada.,atencao
696,Ultrassonografia de abdome total. Indicação: avaliação pré-operatória. Estruturas avaliadas com aspecto habitual. Extrassístoles ventriculares frequentes. Conclusão: Sugere-se correlação clínica e controle evolutivo.,atencao
697,Radiografia de tórax em PA e perfil. Indicação: dor torácica. Bloqueio de ramo direito incompleto. Ritmo sinusal com frequência cardíaca normal.,atencao
698,Radiografia de tórax em PA e perfil. Indicação: febre persistente. Estruturas avaliadas com aspecto habitual. Nódulo pulmonar sólido de 8 mm no lobo superior direito. Conclusão: Recomenda-se acompanhamento ambulatorial.,atencao
699,Tomografia computadorizada de crânio sem contraste. Indicação: controle de rotina. Sem sinais de tromboembolismo. Área cardíaca dentro dos limites da normalidade. Aorta de calibre normal. Conclusão: Estudo sem achados relevantes.,normal
700,Ultrassonografia de abdome total. Indicação: lombalgia crônica. Sem evidência de pneumotórax. Seios costofrênicos livres. Bloqueio de ramo direito incompleto. Conclusão: Recomenda-se acompanhamento ambulatorial.,atencao
701,Ressonância magnética de coluna lombar. Indicação: dor torácica. Seios costofrênicos livres. Ritmo sinusal com frequência cardíaca normal. Ausência de sinais de hemorragia. Conclusão: Sem alterações significativas.,normal
702,"Ultrassonografia de abdome total. Indicação: febre persistente. Rins de forma, tamanho e contornos normais. Fígado de dimensões e ecotextura normais. Ausência de sinais de hemorragia. Conclusão: Exame dentro dos limites da normalidade.",normal
703,Angiotomografia de artérias pulmonares. Indicação: controle de rotina. Sistema ventricular de dimensões preservadas. Área cardíaca dentro dos limites da normalidade.,normal
704,"Tomografia computadorizada de crânio sem contraste. Indicação: dor abdominal. Estruturas avaliadas com aspecto habitual. Rins de forma, tamanho e contornos normais. Conclusão: Estudo sem achados relevantes.",normal
705,"Radiografia de tórax em PA e perfil. Indicação: trauma após queda. Pneumotórax hipertensivo à direita com desvio do mediastino. Rins de forma, tamanho e contornos normais. Conclusão: Necessita avaliação médica imediata.",urgente
706,Tomografia computadorizada de crânio sem contraste. Indicação: dor torácica. Sistema ventricular de dimensões preservadas. Esteatose hepática moderada. Conclusão: Recomenda-se acompanhamento ambulatorial.,atencao
707,Ultrassonografia de abdome total. Indicação: síncope. Aorta de calibre normal. Espessamento parietal da vesícula biliar sem sinais de complicação. Conclusão: Achado que requer seguimento em consulta.,atencao
708,Radiografia de tórax em PA e perfil. Indicação: lombalgia crônica. Traçado sem alterações da repolarização ventricular. Seios costofrênicos livres. Conclusão: Estudo sem achados relevantes.,normal
709,Ultrassonografia de abdome total. Indicação: trauma após queda. Estruturas avaliadas com aspecto habitual. Opacidade em vidro fosco periférica de pequena extensão.,atencao
710,Ultrassonografia de abdome total. Indicação: síncope. Opacidade em vidro fosco periférica de pequena extensão. Dissecção de aorta torácica tipo A. Conclusão: Achado crítico: comunicado à equipe assistente.,urgente
711,Ultrassonografia obstétrica. Indicação: cefaleia intensa. Estruturas avaliadas com aspecto habitual. Ritmo sinusal com frequência cardíaca normal.,normal
712,"Tomografia computadorizada de tórax. Indicação: síncope. Vesícula biliar de paredes finas, sem cálculos. Ausência de sinais de hemorragia. Ritmo sinusal com frequência cardíaca normal. Conclusão: Estudo sem achados relevantes.",normal
713,Angiotomografia de artérias pulmonares. Indicação: controle de rotina. Cisto ovariano complexo de 4 cm. Ritmo sinusal com frequência cardíaca normal.,atencao
714,Ultrassonografia obstétrica. Indicação: cefaleia intensa. Sistema ventricular de dimensões preservadas. Sem desvio da linha média. Seios costofrênicos livres. Conclusão: Estudo sem achados relevantes.,normal
715,Tomografia computadorizada de tórax. Indicação: avaliação pré-operatória. Seios costofrênicos livres. Nódulo pulmonar sólido de 8 mm no lobo superior direito.,atencao
716,Tomografia computadorizada de tórax. Indicação: lombalgia crônica. Extrassístoles ventriculares frequentes. Sem desvio da linha média. Área cardíaca dentro dos limites da normalidade. Conclusão: Achado que requer seguimento em consulta.,atencao
717,Tomografia computadorizada de crânio sem contraste. Indicação: dor abdominal. Corpos vertebrais com altura e alinhamento preservados. Sem evidência de pneumotórax. Área cardíaca dentro dos limites da normalidade.,normal
718,Ressonância magnética de coluna lombar. Indicação: avaliação pré-operatória. Bloqueio de ramo direito incompleto. Seios costofrênicos livres. Conclusão: Sugere-se correlação clínica e controle evolutivo.,atencao
719,Tomografia computadorizada de crânio sem contraste. Indicação: febre persistente. Parênquima pulmonar com transparência preservada. Apendicite aguda com sinais de perfuração e abscesso. Conclusão: Necessita avaliação médica imediata.,urgente
720,Ressonância magnética de coluna lombar. Indicação: lombalgia crônica. Aorta de calibre normal. Corpos vertebrais com altura e alinhamento preservados. Conclusão: Estudo sem achados relevantes.,normal
721,"Angiotomografia de artérias pulmonares. Indicação: trauma após queda. Hemorragia intraparenquimatosa extensa com desvio da linha média. Corpos vertebrais com altura e alinhamento preservados. Conclusão: Resultado crítico, acionar protocolo de emergência.",normal
722,Eletrocardiograma de repouso. Indicação: síncope. Traçado sem alterações da repolarização ventricular. Corpos vertebrais com altura e alinhamento preservados. Sem evidência de pneumotórax. Conclusão: Exame dentro dos limites da normalidade.,normal
723,"Angiotomografia de artérias pulmonares. Indicação: febre persistente. Rins de forma, tamanho e contornos normais. Aorta de calibre normal. Conclusão: Exame dentro dos limites da normalidade.",normal
724,Tomografia computadorizada de tórax. Indicação: febre persistente. Cálculo renal não obstrutivo de 6 mm à direita. Aorta de calibre normal. Conclusão: Achado que requer seguimento em consulta.,atencao
725,"Tomografia computadorizada de crânio sem contraste. Indicação: cefaleia intensa. Linfonodos mediastinais levemente aumentados. Rins de forma, tamanho e contornos normais.",atencao
726,Ultrassonografia de abdome total. Indicação: febre persistente. Supradesnivelamento do segmento ST em parede anterior. Nódulo pulmonar sólido de 8 mm no lobo superior direito. Conclusão: Achado crítico: comunicado à equipe assistente.,urgente
727,Angiotomografia de artérias pulmonares. Indicação: lombalgia crônica. Traçado sem alterações da repolarização ventricular. Sem desvio da linha média. Seios costofrênicos livres. Conclusão: Estudo sem achados relevantes.,normal
728,Ultrassonografia obstétrica. Indicação: controle de rotina. Parênquima pulmonar com transparência preservada. Opacidade em vidro fosco periférica de pequena extensão. Conclusão: Recomenda-se acompanhamento ambulatorial.,atencao
729,Ultrassonografia de abdome total. Indicação: dispneia progressiva. Corpos vertebrais com altura e alinhamento preservados. Seios costofrênicos livres.,normal
730,Eletrocardiograma de repouso. Indicação: cefaleia intensa. Parênquima pulmonar com transparência preservada. Não há sinais de perfuração. Seios costofrênicos livres. Conclusão: Estudo sem achados relevantes.,normal
731,Radiografia de tórax em PA e perfil. Indicação: dor torácica. Estruturas avaliadas com aspecto habitual. Cálculo renal não obstrutivo de 6 mm à direita. Conclusão: Achado que requer seguimento em consulta.,atencao
732,Angiotomografia de artérias pulmonares. Indicação: síncope. Descolamento prematuro de placenta com sinais de sofrimento fetal. Espessamento parietal da vesícula biliar sem sinais de complicação. Conclusão: Necessita avaliação médica imediata.,urgente
733,Ressonância magnética de coluna lombar. Indicação: dor abdominal. Discreta cardiomegalia. Sistema ventricular de dimensões preservadas. Conclusão: Sugere-se correlação clínica e controle evolutivo.,atencao
734,Tomografia computadorizada de crânio sem contraste. Indicação: dor torácica. Aorta de calibre normal. Espessamento parietal da vesícula biliar sem sinais de complicação. Conclusão: Recomenda-se acompanhamento ambulatorial.,atencao
735,"Eletrocardiograma de repouso. Indicação: trauma após queda. Compressão medular aguda com sinais de mielopatia. Espessamento parietal da vesícula biliar sem sinais de complicação. Conclusão: Resultado crítico, acionar protocolo de emergência.",urgente
736,Ressonância magnética de coluna lombar. Indicação: dor torácica. Linfonodos mediastinais levemente aumentados. Sistema ventricular de dimensões preservadas. Conclusão: Recomenda-se acompanhamento ambulatorial.,atencao
737,Angiotomografia de artérias pulmonares. Indicação: síncope. Pequeno derrame pleural à esquerda. Sistema ventricular de dimensões preservadas.,atencao
738,"Tomografia computadorizada de crânio sem contraste. Indicação: febre persistente. Rins de forma, tamanho e contornos normais. Fígado de dimensões e ecotextura normais. Sem evidência de pneumotórax. Conclusão: Exame dentro dos limites da normalidade.",normal
739,Ultrassonografia obstétrica. Indicação: controle de rotina. Parênquima pulmonar com transparência preservada. Sem sinais de tromboembolismo. Corpos vertebrais com altura e alinhamento preservados. Conclusão: Estudo sem achados relevantes.,normal
740,Tomografia computadorizada de crânio sem contraste. Indicação: febre persistente. Aorta de calibre normal. Não há sinais de perfuração. Estruturas avaliadas com aspecto habitual. Conclusão: Sem alterações significativas.,normal
741,Tomografia computadorizada de crânio sem contraste. Indicação: controle de rotina. Aneurisma de aorta abdominal roto. Pequeno derrame pleural à esquerda.,urgente
742,Tomografia computadorizada de crânio sem contraste. Indicação: dor abdominal. Bloqueio de ramo direito incompleto. Aorta de calibre normal. Conclusão: Achado que requer seguimento em consulta.,atencao
743,Angiotomografia de artérias pulmonares. Indicação: trauma após queda. Pneumotórax hipertensivo à direita com desvio do mediastino. Fígado de dimensões e ecotextura normais. Conclusão: Achado crítico: comunicado à equipe assistente.,urgente
744,Ultrassonografia de abdome total. Indicação: cefaleia intensa. Dissecção de aorta torácica tipo A. Esteatose hepática moderada. Conclusão: Achado crítico: comunicado à equipe assistente.,urgente
745,Ultrassonografia de abdome total. Indicação: febre persistente. Sistema ventricular de dimensões preservadas. Bloqueio de ramo direito incompleto. Conclusão: Achado que requer seguimento em consulta.,atencao
746,"Tomografia computadorizada de crânio sem contraste. Indicação: febre persistente. Estruturas avaliadas com aspecto habitual. Vesícula biliar de paredes finas, sem cálculos. Conclusão: Sem alterações significativas.",normal
747,"Ultrassonografia obstétrica. Indicação: avaliação pré-operatória. Rins de forma, tamanho e contornos normais. Área cardíaca dentro dos limites da normalidade. Não há supradesnivelamento do segmento ST. Conclusão: Sem alterações significativas.",normal
748,"Tomografia computadorizada de crânio sem contraste. Indicação: dispneia progressiva. Rins de forma, tamanho e contornos normais. Extrassístoles ventriculares frequentes. Conclusão: Achado que requer seguimento em consulta.",atencao
749,Radiografia de tórax em PA e perfil. Indicação: dor abdominal. Ritmo sinusal com frequência cardíaca normal. Área cardíaca dentro dos limites da normalidade.,normal
750,Tomografia computadorizada de tórax. Indicação: avaliação pré-operatória. Seios costofrênicos livres. Não há supradesnivelamento do segmento ST. Aorta de calibre normal. Conclusão: Sem alterações significativas.,normal
751,Ultrassonografia obstétrica. Indicação: dor abdominal. Bloqueio de ramo direito incompleto. Não há supradesnivelamento do segmento ST. Seios costofrênicos livres. Conclusão: Recomenda-se acompanhamento ambulatorial.,atencao
752,Angiotomografia de artérias pulmonares. Indicação: cefaleia intensa. Sistema ventricular de dimensões preservadas. Área cardíaca dentro dos limites da normalidade.,normal
753,Ultrassonografia obstétrica. Indicação: controle de rotina. Cisto ovariano complexo de 4 cm. Área cardíaca dentro dos limites da normalidade. Conclusão: Recomenda-se acompanhamento ambulatorial.,atencao
754,Ultrassonografia de abdome total. Indicação: dor torácica. Aorta de calibre normal. Protrusão discal L4-L5 com compressão radicular leve. Conclusão: Recomenda-se acompanhamento ambulatorial.,atencao
755,Angiotomografia de artérias pulmonares. Indicação: controle de rotina. Dissecção de aorta torácica tipo A. Parênquima pulmonar com transparência preservada. Conclusão: Achado crítico: comunicado à equipe assistente.,urgente
756,Ressonância magnética de coluna lombar. Indicação: síncope. Seios costofrênicos livres. Área cardíaca dentro dos limites da normalidade. Conclusão: Exame dentro dos limites da normalidade.,normal
757,Ultrassonografia obstétrica. Indicação: dispneia progressiva. Aneurisma de aorta abdominal roto. Traçado sem alterações da repolarização ventricular.,urgente
758,Tomografia computadorizada de crânio sem contraste. Indicação: avaliação pré-operatória. Hematoma subdural agudo com efeito de massa. Cálculo renal não obstrutivo de 6 mm à direita. Conclusão: Achado crítico: comunicado à equipe assistente.,urgente
759,"Tomografia computadorizada de crânio sem contraste. Indicação: avaliação pré-operatória. Compressão medular aguda com sinais de mielopatia. Estruturas avaliadas com aspecto habitual. Conclusão: Resultado crítico, acionar protocolo de emergência.",urgente
760,Tomografia computadorizada de tórax. Indicação: febre persistente. Corpos vertebrais com altura e alinhamento preservados. Traçado sem alterações da repolarização ventricular. Conclusão: Exame dentro dos limites da normalidade.,normal
761,Tomografia computadorizada de tórax. Indicação: febre persistente. Aorta de calibre normal. Estruturas avaliadas com aspecto habitual. Sem sinais de tromboembolismo. Conclusão: Estudo sem achados relevantes.,normal
762,Tomografia computadorizada de crânio sem contraste. Indicação: trauma após queda. Parênquima pulmonar com transparência preservada. Linfonodos mediastinais levemente aumentados. Sem sinais de tromboembolismo. Conclusão: Sugere-se correlação clínica e controle evolutivo.,atencao
763,"Tomografia computadorizada de crânio sem contraste. Indicação: dor torácica. Sem evidência de pneumotórax. Rins de forma, tamanho e contornos normais. Área cardíaca dentro dos limites da normalidade.",normal
764,"Tomografia computadorizada de crânio sem contraste. Indicação: lombalgia crônica. Protrusão discal L4-L5 com compressão radicular leve. Fibrilação ventricular. Conclusão: Resultado crítico, acionar protocolo de emergência.",atencao
765,Radiografia de tórax em PA e perfil. Indicação: lombalgia crônica. Fibrilação ventricular. Linfonodos mediastinais levemente aumentados. Conclusão: Necessita avaliação médica imediata.,urgente
766,Ressonância magnética de coluna lombar. Indicação: síncope. Aorta de calibre normal. Pneumotórax hipertensivo à direita com desvio do mediastino. Conclusão: Achado crítico: comunicado à equipe assistente.,urgente
767,"Ultrassonografia de abdome total. Indicação: controle de rotina. Não há sinais de perfuração. Cisto ovariano complexo de 4 cm. Vesícula biliar de paredes finas, sem cálculos.",atencao
768,Eletrocardiograma de repouso. Indicação: dispneia progressiva. Seios costofrênicos livres. Traçado sem alterações da repolarização ventricular. Conclusão: Sem alterações significativas.,normal
769,Tomografia computadorizada de tórax. Indicação: lombalgia crônica. Discreta cardiomegalia. Parênquima pulmonar com transparência preservada.,atencao
770,Ultrassonografia de abdome total. Indicação: dor abdominal. Traçado sem alterações da repolarização ventricular. Cisto ovariano complexo de 4 cm. Conclusão: Recomenda-se acompanhamento ambulatorial.,atencao
771,"Angiotomografia de artérias pulmonares. Indicação: febre persistente. Rins de forma, tamanho e contornos normais. Falha de enchimento em artéria pulmonar principal compatível com tromboembolismo. Conclusão: Resultado crítico, acionar protocolo de emergência.",urgente
772,Angiotomografia de artérias pulmonares. Indicação: cefaleia intensa. Pneumotórax hipertensivo à direita com desvio do mediastino. Linfonodos mediastinais levemente aumentados.,urgente
773,Tomografia computadorizada de tórax. Indicação: trauma após queda. Sem evidência de pneumotórax. Cálculo renal não obstrutivo de 6 mm à direita. Estruturas avaliadas com aspecto habitual.,atencao
774,Eletrocardiograma de repouso. Indicação: síncope. Corpos vertebrais com altura e alinhamento preservados. Parênquima pulmonar com transparência preservada. Conclusão: Estudo sem achados relevantes.,normal
775,Radiografia de tórax em PA e perfil. Indicação: controle de rotina. Sistema ventricular de dimensões preservadas. Seios costofrênicos livres. Não há supradesnivelamento do segmento ST. Conclusão: Exame dentro dos limites da normalidade.,normal
776,Tomografia computadorizada de tórax. Indicação: controle de rotina. Área cardíaca dentro dos limites da normalidade. Seios costofrênicos livres. Conclusão: Estudo sem achados relevantes.,normal
777,"Ressonância magnética de coluna lombar. Indicação: trauma após queda. Sem desvio da linha média. Rins de forma, tamanho e contornos normais. Traçado sem alterações da repolarização ventricular.",normal
778,"Eletrocardiograma de repouso. Indicação: dispneia progressiva. Vesícula biliar de paredes finas, sem cálculos. Seios costofrênicos livres. Conclusão: Exame dentro dos limites da normalidade.",normal
779,Angiotomografia de artérias pulmonares. Indicação: dor abdominal. Traçado sem alterações da repolarização ventricular. Não há supradesnivelamento do segmento ST. Parênquima pulmonar com transparência preservada. Conclusão: Exame dentro dos limites da normalidade.,normal
780,Eletrocardiograma de repouso. Indicação: lombalgia crônica. Corpos vertebrais com altura e alinhamento preservados. Estruturas avaliadas com aspecto habitual. Conclusão: Estudo sem achados relevantes.,normal
781,Ultrassonografia obstétrica. Indicação: lombalgia crônica. Traçado sem alterações da repolarização ventricular. Linfonodos mediastinais levemente aumentados. Conclusão: Achado que requer seguimento em consulta.,atencao
782,Radiografia de tórax em PA e perfil. Indicação: febre persistente. Discreta cardiomegalia. Aneurisma de aorta abdominal roto. Conclusão: Achado crítico: comunicado à equipe assistente.,urgente
783,Ultrassonografia de abdome total. Indicação: controle de rotina. Pequeno derrame pleural à esquerda. Sistema ventricular de dimensões preservadas.,atencao
784,Angiotomografia de artérias pulmonares. Indicação: controle de rotina. Parênquima pulmonar com transparência preservada. Não há supradesnivelamento do segmento ST. Sistema ventricular de dimensões preservadas. Conclusão: Sem alterações significativas.,normal
785,Ultrassonografia de abdome total. Indicação: dor torácica. Traçado sem alterações da repolarização ventricular. Extrassístoles ventriculares frequentes.,atencao
786,Radiografia de tórax em PA e perfil. Indicação: avaliação pré-operatória. Cisto ovariano complexo de 4 cm. Corpos vertebrais com altura e alinhamento preservados. Ausência de sinais de hemorragia. Conclusão: Sugere-se correlação clínica e controle evolutivo.,atencao
787,Ressonância magnética de coluna lombar. Indicação: controle de rotina. Sem desvio da linha média. Seios costofrênicos livres. Sistema ventricular de dimensões preservadas. Conclusão: Estudo sem achados relevantes.,normal
788,Angiotomografia de artérias pulmonares. Indicação: cefaleia intensa. Não há supradesnivelamento do segmento ST. Corpos vertebrais com altura e alinhamento preservados. Estruturas avaliadas com aspecto habitual. Conclusão: Sem alterações significativas.,normal
789,Angiotomografia de artérias pulmonares. Indicação: controle de rotina. Opacidade em vidro fosco periférica de pequena extensão. Fígado de dimensões e ecotextura normais. Sem desvio da linha média. Conclusão: Sugere-se correlação clínica e controle evolutivo.,atencao
790,Radiografia de tórax em PA e perfil. Indicação: dor abdominal. Ritmo sinusal com frequência cardíaca normal. Não há sinais de perfuração. Aorta de calibre normal. Conclusão: Estudo sem achados relevantes.,normal
791,Radiografia de tórax em PA e perfil. Indicação: controle de rotina. Traçado sem alterações da repolarização ventricular. Ritmo sinusal com frequência cardíaca normal. Conclusão: Sem alterações significativas.,normal
792,"Tomografia computadorizada de tórax. Indicação: dor abdominal. Bloqueio de ramo direito incompleto. Vesícula biliar de paredes finas, sem cálculos. Conclusão: Recomenda-se acompanhamento ambulatorial.",atencao
793,"Tomografia computadorizada de tórax. Indicação: controle de rotina. Vesícula biliar de paredes finas, sem cálculos. Não há supradesnivelamento do segmento ST. Protrusão discal L4-L5 com compressão radicular leve. Conclusão: Sugere-se correlação clínica e controle evolutivo.",atencao
794,Radiografia de tórax em PA e perfil. Indicação: febre persistente. Ausência de sinais de hemorragia. Corpos vertebrais com altura e alinhamento preservados. Fígado de dimensões e ecotextura normais. Conclusão: Estudo sem achados relevantes.,normal
795,Ultrassonografia de abdome total. Indicação: dispneia progressiva. Fígado de dimensões e ecotextura normais. Pequeno derrame pleural à esquerda. Conclusão: Sugere-se correlação clínica e controle evolutivo.,atencao
796,"Tomografia computadorizada de crânio sem contraste. Indicação: lombalgia crônica. Área cardíaca dentro dos limites da normalidade. Rins de forma, tamanho e contornos normais. Sem sinais de tromboembolismo. Conclusão: Exame dentro dos limites da normalidade.",normal
797,Eletrocardiograma de repouso. Indicação: trauma após queda. Seios costofrênicos livres. Sem evidência de pneumotórax. Área cardíaca dentro dos limites da normalidade. Conclusão: Estudo sem achados relevantes.,normal
798,Ultrassonografia de abdome total. Indicação: trauma após queda. Protrusão discal L4-L5 com compressão radicular leve. Seios costofrênicos livres. Conclusão: Sugere-se correlação clínica e controle evolutivo.,atencao
799,Ressonância magnética de coluna lombar. Indicação: dispneia progressiva. Seios costofrênicos livres. Ausência de sinais de hemorragia. Sistema ventricular de dimensões preservadas. Conclusão: Estudo sem achados relevantes.,normal
800,Ultrassonografia de abdome total. Indicação: dispneia progressiva. Cálculo renal não obstrutivo de 6 mm à direita. Compressão medular aguda com sinais de mielopatia. Conclusão: Necessita avaliação médica imediata.,urgente
801,Ressonância magnética de coluna lombar. Indicação: dor abdominal. Pequeno derrame pleural à esquerda. Pneumotórax hipertensivo à direita com desvio do mediastino. Conclusão: Achado crítico: comunicado à equipe assistente.,urgente
802,"Ressonância magnética de coluna lombar. Indicação: síncope. Não há supradesnivelamento do segmento ST. Vesícula biliar de paredes finas, sem cálculos. Rins de forma, tamanho e contornos normais. Conclusão: Exame dentro dos limites da normalidade.",normal
803,Tomografia computadorizada de tórax. Indicação: síncope. Estruturas avaliadas com aspecto habitual. Parênquima pulmonar com transparência preservada. Conclusão: Sem alterações significativas.,normal
804,Tomografia computadorizada de crânio sem contraste. Indicação: lombalgia crônica. Cisto ovariano complexo de 4 cm. Sistema ventricular de dimensões preservadas.,atencao
805,Tomografia computadorizada de tórax. Indicação: dor torácica. Área cardíaca dentro dos limites da normalidade. Não há supradesnivelamento do segmento ST. Ritmo sinusal com frequência cardíaca normal.,normal
806,Tomografia computadorizada de crânio sem contraste. Indicação: febre persistente. Corpos vertebrais com altura e alinhamento preservados. Apendicite aguda com sinais de perfuração e abscesso. Conclusão: Necessita avaliação médica imediata.,urgente
807,"Tomografia computadorizada de tórax. Indicação: dispneia progressiva. Rins de forma, tamanho e contornos normais. Hemorragia intraparenquimatosa extensa com desvio da linha média.",urgente
808,"Tomografia computadorizada de crânio sem contraste. Indicação: controle de rotina. Espessamento parietal da vesícula biliar sem sinais de complicação. Vesícula biliar de paredes finas, sem cálculos. Conclusão: Sugere-se correlação clínica e controle evolutivo.",atencao
809,"Radiografia de tórax em PA e perfil. Indicação: controle de rotina. Ritmo sinusal com frequência cardíaca normal. Rins de forma, tamanho e contornos normais.",normal
810,"Ultrassonografia obstétrica. Indicação: lombalgia crônica. Aorta de calibre normal. Sem evidência de pneumotórax. Vesícula biliar de paredes finas, sem cálculos. Conclusão: Exame dentro dos limites da normalidade.",normal
811,Ultrassonografia de abdome total. Indicação: dispneia progressiva. Não há sinais de perfuração. Traçado sem alterações da repolarização ventricular. Nódulo pulmonar sólido de 8 mm no lobo superior direito.,atencao
812,"Ultrassonografia de abdome total. Indicação: trauma após queda. Vesícula biliar de paredes finas, sem cálculos. Parênquima pulmonar com transparência preservada. Não há sinais de perfuração. Conclusão: Estudo sem achados relevantes.",normal
813,"Eletrocardiograma de repouso. Indicação: controle de rotina. Rins de forma, tamanho e contornos normais. Bloqueio de ramo direito incompleto. Ausência de sinais de hemorragia.",atencao
814,Eletrocardiograma de repouso. Indicação: controle de rotina. Nódulo pulmonar sólido de 8 mm no lobo superior direito. Fibrilação ventricular.,urgente
815,"Eletrocardiograma de repouso. Indicação: síncope. Falha de enchimento em artéria pulmonar principal compatível com tromboembolismo. Corpos vertebrais com altura e alinhamento preservados. Conclusão: Resultado crítico, acionar protocolo de emergência.",urgente
816,Angiotomografia de artérias pulmonares. Indicação: controle de rotina. Espessamento parietal da vesícula biliar sem sinais de complicação. Ritmo sinusal com frequência cardíaca normal. Conclusão: Sugere-se correlação clínica e controle evolutivo.,atencao
817,Tomografia computadorizada de tórax. Indicação: avaliação pré-operatória. Aorta de calibre normal. Área cardíaca dentro dos limites da normalidade. Sem desvio da linha média. Conclusão: Exame dentro dos limites da normalidade.,normal
818,Tomografia computadorizada de tórax. Indicação: febre persistente. Parênquima pulmonar com transparência preservada. Supradesnivelamento do segmento ST em parede anterior. Conclusão: Necessita avaliação médica imediata.,urgente
819,"Angiotomografia de artérias pulmonares. Indicação: cefaleia intensa. Vesícula biliar de paredes finas, sem cálculos. Extrassístoles ventriculares frequentes. Ausência de sinais de hemorragia. Conclusão: Recomenda-se acompanhamento ambulatorial.",atencao
820,Radiografia de tórax em PA e perfil. Indicação: dor torácica. Área cardíaca dentro dos limites da normalidade. Ritmo sinusal com frequência cardíaca normal. Conclusão: Estudo sem achados relevantes.,normal
821,"Radiografia de tórax em PA e perfil. Indicação: cefaleia intensa. Sistema ventricular de dimensões preservadas. Vesícula biliar de paredes finas, sem cálculos. Conclusão: Sem alterações significativas.",normal
822,Ultrassonografia obstétrica. Indicação: controle de rotina. Sem evidência de pneumotórax. Sistema ventricular de dimensões preservadas. Fígado de dimensões e ecotextura normais. Conclusão: Exame dentro dos limites da normalidade.,atencao
823,Tomografia computadorizada de crânio sem contraste. Indicação: lombalgia crônica. Fígado de dimensões e ecotextura normais. Parênquima pulmonar com transparência preservada. Conclusão: Exame dentro dos limites da normalidade.,urgente
824,Angiotomografia de artérias pulmonares. Indicação: controle de rotina. Não há supradesnivelamento do segmento ST. Protrusão discal L4-L5 com compressão radicular leve. Traçado sem alterações da repolarização ventricular. Conclusão: Recomenda-se acompanhamento ambulatorial.,atencao
825,"Eletrocardiograma de repouso. Indicação: dor abdominal. Rins de forma, tamanho e contornos normais. Não há sinais de perfuração. Parênquima pulmonar com transparência preservada. Conclusão: Exame dentro dos limites da normalidade.",normal
826,Ressonância magnética de coluna lombar. Indicação: síncope. Esteatose hepática moderada. Traçado sem alterações da repolarização ventricular. Conclusão: Sugere-se correlação clínica e controle evolutivo.,atencao
827,Tomografia computadorizada de crânio sem contraste. Indicação: dispneia progressiva. Traçado sem alterações da repolarização ventricular. Corpos vertebrais com altura e alinhamento preservados. Não há sinais de perfuração.,normal
828,Tomografia computadorizada de tórax. Indicação: controle de rotina. Protrusão discal L4-L5 com compressão radicular leve. Área cardíaca dentro dos limites da normalidade.,atencao
829,Angiotomografia de artérias pulmonares. Indicação: dispneia progressiva. Sem evidência de pneumotórax. Parênquima pulmonar com transparência preservada. Área cardíaca dentro dos limites da normalidade. Conclusão: Sem alterações significativas.,normal
830,Angiotomografia de artérias pulmonares. Indicação: síncope. Não há supradesnivelamento do segmento ST. Sistema ventricular de dimensões preservadas. Traçado sem alterações da repolarização ventricular. Conclusão: Sem alterações significativas.,normal
831,Ultrassonografia obstétrica. Indicação: lombalgia crônica. Opacidade em vidro fosco periférica de pequena extensão. Ritmo sinusal com frequência cardíaca normal. Conclusão: Achado que requer seguimento em consulta.,atencao
832,Ultrassonografia de abdome total. Indicação: cefaleia intensa. Ritmo sinusal com frequência cardíaca normal. Ausência de sinais de hemorragia. Sistema ventricular de dimensões preservadas.,normal
833,Radiografia de tórax em PA e perfil. Indicação: dor abdominal. Protrusão discal L4-L5 com compressão radicular leve. Área cardíaca dentro dos limites da normalidade. Sem evidência de pneumotórax. Conclusão: Recomenda-se acompanhamento ambulatorial.,atencao
834,Tomografia computadorizada de tórax. Indicação: cefaleia intensa. Não há supradesnivelamento do segmento ST. Aorta de calibre normal. Extrassístoles ventriculares frequentes. Conclusão: Achado que requer seguimento em consulta.,atencao
835,"Tomografia computadorizada de crânio sem contraste. Indicação: avaliação pré-operatória. Área cardíaca dentro dos limites da normalidade. Não há sinais de perfuração. Rins de forma, tamanho e contornos normais. Conclusão: Exame dentro dos limites da normalidade.",normal
836,Angiotomografia de artérias pulmonares. Indicação: controle de rotina. Corpos vertebrais com altura e alinhamento preservados. Aneurisma de aorta abdominal roto.,urgente
837,Eletrocardiograma de repouso. Indicação: avaliação pré-operatória. Sistema ventricular de dimensões preservadas. Seios costofrênicos livres. Não há supradesnivelamento do segmento ST. Conclusão: Exame dentro dos limites da normalidade.,normal
838,"Radiografia de tórax em PA e perfil. Indicação: síncope. Esteatose hepática moderada. Sem desvio da linha média. Vesícula biliar de paredes finas, sem cálculos. Conclusão: Sugere-se correlação clínica e controle evolutivo.",atencao
839,Eletrocardiograma de repouso. Indicação: trauma após queda. Bloqueio de ramo direito incompleto. Área cardíaca dentro dos limites da normalidade. Ausência de sinais de hemorragia.,atencao
840,Ultrassonografia de abdome total. Indicação: febre persistente. Estruturas avaliadas com aspecto habitual. Cisto ovariano complexo de 4 cm. Sem evidência de pneumotórax.,atencao
841,Ressonância magnética de coluna lombar. Indicação: febre persistente. Hemorragia intraparenquimatosa extensa com desvio da linha média. Esteatose hepática moderada. Conclusão: Achado crítico: comunicado à equipe assistente.,urgente
842,Tomografia computadorizada de crânio sem contraste. Indicação: cefaleia intensa. Cisto ovariano complexo de 4 cm. Dissecção de aorta torácica tipo A. Conclusão: Achado crítico: comunicado à equipe assistente.,urgente
843,"Tomografia computadorizada de crânio sem contraste. Indicação: trauma após queda. Rins de forma, tamanho e contornos normais. Estruturas avaliadas com aspecto habitual. Conclusão: Exame dentro dos limites da normalidade.",normal
844,Radiografia de tórax em PA e perfil. Indicação: trauma após queda. Parênquima pulmonar com transparência preservada. Cálculo renal não obstrutivo de 6 mm à direita. Conclusão: Sugere-se correlação clínica e controle evolutivo.,atencao
845,Ressonância magnética de coluna lombar. Indicação: cefaleia intensa. Cálculo renal não obstrutivo de 6 mm à direita. Estruturas avaliadas com aspecto habitual.,atencao
846,Ressonância magnética de coluna lombar. Indicação: febre persistente. Sistema ventricular de dimensões preservadas. Extrassístoles ventriculares frequentes. Conclusão: Achado que requer seguimento em consulta.,atencao
847,"Tomografia computadorizada de tórax. Indicação: dor torácica. Ausência de sinais de hemorragia. Rins de forma, tamanho e contornos normais. Seios costofrênicos livres. Conclusão: Sem alterações significativas.",normal
848,Tomografia computadorizada de crânio sem contraste. Indicação: trauma após queda. Traçado sem alterações da repolarização ventricular. Ritmo sinusal com frequência cardíaca normal.,normal
849,Ressonância magnética de coluna lombar. Indicação: avaliação pré-operatória. Pneumoperitônio compatível com perfuração de víscera oca. Sistema ventricular de dimensões preservadas. Conclusão: Necessita avaliação médica imediata.,urgente
850,"Angiotomografia de artérias pulmonares. Indicação: trauma após queda. Rins de forma, tamanho e contornos normais. Ritmo sinusal com frequência cardíaca normal. Conclusão: Sem alterações significativas.",normal
851,"Radiografia de tórax em PA e perfil. Indicação: controle de rotina. Vesícula biliar de paredes finas, sem cálculos. Cálculo renal não obstrutivo de 6 mm à direita. Conclusão: Sugere-se correlação clínica e controle evolutivo.",atencao
852,Eletrocardiograma de repouso. Indicação: controle de rotina. Pequeno derrame pleural à esquerda. Fígado de dimensões e ecotextura normais. Conclusão: Recomenda-se acompanhamento ambulatorial.,atencao
853,Ultrassonografia obstétrica. Indicação: dispneia progressiva. Cálculo renal não obstrutivo de 6 mm à direita. Descolamento prematuro de placenta com sinais de sofrimento fetal.,urgente
854,Ultrassonografia obstétrica. Indicação: dor torácica. Apendicite aguda com sinais de perfuração e abscesso. Cálculo renal não obstrutivo de 6 mm à direita.,urgente
855,"Tomografia computadorizada de tórax. Indicação: avaliação pré-operatória. Sistema ventricular de dimensões preservadas. Vesícula biliar de paredes finas, sem cálculos. Conclusão: Estudo sem achados relevantes.",normal
856,Ultrassonografia obstétrica. Indicação: dispneia progressiva. Estruturas avaliadas com aspecto habitual. Linfonodos mediastinais levemente aumentados.,atencao
857,Radiografia de tórax em PA e perfil. Indicação: controle de rotina. Fígado de dimensões e ecotextura normais. Apendicite aguda com sinais de perfuração e abscesso. Conclusão: Achado crítico: comunicado à equipe assistente.,urgente
858,Ultrassonografia obstétrica. Indicação: cefaleia intensa. Sem sinais de tromboembolismo. Sistema ventricular de dimensões preservadas. Corpos vertebrais com altura e alinhamento preservados. Conclusão: Estudo sem achados relevantes.,normal
859,Angiotomografia de artérias pulmonares. Indicação: febre persistente. Ritmo sinusal com frequência cardíaca normal. Não há sinais de perfuração. Seios costofrênicos livres. Conclusão: Estudo sem achados relevantes.,normal
860,"Eletrocardiograma de repouso. Indicação: avaliação pré-operatória. Vesícula biliar de paredes finas, sem cálculos. Sem desvio da linha média. Nódulo pulmonar sólido de 8 mm no lobo superior direito. Conclusão: Recomenda-se acompanhamento ambulatorial.",atencao
861,Angiotomografia de artérias pulmonares. Indicação: dor torácica. Bloqueio de ramo direito incompleto. Descolamento prematuro de placenta com sinais de sofrimento fetal. Conclusão: Achado crítico: comunicado à equipe assistente.,urgente
862,Angiotomografia de artérias pulmonares. Indicação: dispneia progressiva. Sem evidência de pneumotórax. Traçado sem alterações da repolarização ventricular. Cálculo renal não obstrutivo de 6 mm à direita. Conclusão: Sugere-se correlação clínica e controle evolutivo.,atencao
863,"Ultrassonografia obstétrica. Indicação: febre persistente. Vesícula biliar de paredes finas, sem cálculos. Ritmo sinusal com frequência cardíaca normal. Conclusão: Exame dentro dos limites da normalidade.",normal
864,Angiotomografia de artérias pulmonares. Indicação: dor abdominal. Cálculo renal não obstrutivo de 6 mm à direita. Sem desvio da linha média. Área cardíaca dentro dos limites da normalidade. Conclusão: Recomenda-se acompanhamento ambulatorial.,atencao
865,"Angiotomografia de artérias pulmonares. Indicação: dor abdominal. Rins de forma, tamanho e contornos normais. Aorta de calibre normal. Ausência de sinais de hemorragia. Conclusão: Estudo sem achados relevantes.",normal
866,Tomografia computadorizada de tórax. Indicação: dor abdominal. Supradesnivelamento do segmento ST em parede anterior. Nódulo pulmonar sólido de 8 mm no lobo superior direito.,urgente
867,Ressonância magnética de coluna lombar. Indicação: cefaleia intensa. Não há supradesnivelamento do segmento ST. Seios costofrênicos livres. Traçado sem alterações da repolarização ventricular.,normal
868,Ultrassonografia obstétrica. Indicação: síncope. Sem evidência de pneumotórax. Pequeno derrame pleural à esquerda. Estruturas avaliadas com aspecto habitual. Conclusão: Recomenda-se acompanhamento ambulatorial.,atencao
869,Ultrassonografia de abdome total. Indicação: síncope. Sistema ventricular de dimensões preservadas. Nódulo pulmonar sólido de 8 mm no lobo superior direito. Conclusão: Sugere-se correlação clínica e controle evolutivo.,atencao
870,"Tomografia computadorizada de crânio sem contraste. Indicação: avaliação pré-operatória. Apendicite aguda com sinais de perfuração e abscesso. Bloqueio de ramo direito incompleto. Conclusão: Resultado crítico, acionar protocolo de emergência.",urgente
871,Ressonância magnética de coluna lombar. Indicação: cefaleia intensa. Corpos vertebrais com altura e alinhamento preservados. Esteatose hepática moderada. Conclusão: Recomenda-se acompanhamento ambulatorial.,atencao
872,Angiotomografia de artérias pulmonares. Indicação: dispneia progressiva. Linfonodos mediastinais levemente aumentados. Pneumoperitônio compatível com perfuração de víscera oca.,urgente
873,Tomografia computadorizada de crânio sem contraste. Indicação: cefaleia intensa. Traçado sem alterações da repolarização ventricular. Estruturas avaliadas com aspecto habitual. Conclusão: Estudo sem achados relevantes.,normal
874,"Tomografia computadorizada de crânio sem contraste. Indicação: avaliação pré-operatória. Vesícula biliar de paredes finas, sem cálculos. Rins de forma, tamanho e contornos normais.",normal
875,Ultrassonografia obstétrica. Indicação: lombalgia crônica. Sem desvio da linha média. Parênquima pulmonar com transparência preservada. Seios costofrênicos livres.,normal
876,Angiotomografia de artérias pulmonares. Indicação: febre persistente. Nódulo pulmonar sólido de 8 mm no lobo superior direito. Sistema ventricular de dimensões preservadas. Conclusão: Achado que requer seguimento em consulta.,atencao
877,Angiotomografia de artérias pulmonares. Indicação: trauma após queda. Ausência de sinais de hemorragia. Seios costofrênicos livres. Estruturas avaliadas com aspecto habitual.,normal
878,"Ressonância magnética de coluna lombar. Indicação: dor abdominal. Rins de forma, tamanho e contornos normais. Esteatose hepática moderada. Conclusão: Sugere-se correlação clínica e controle evolutivo.",atencao
879,Angiotomografia de artérias pulmonares. Indicação: dor torácica. Não há supradesnivelamento do segmento ST. Cisto ovariano complexo de 4 cm. Seios costofrênicos livres. Conclusão: Sugere-se correlação clínica e controle evolutivo.,atencao
880,Angiotomografia de artérias pulmonares. Indicação: trauma após queda. Aorta de calibre normal. Pequeno derrame pleural à esquerda. Conclusão: Sugere-se correlação clínica e controle evolutivo.,atencao
881,Eletrocardiograma de repouso. Indicação: lombalgia crônica. Ausência de sinais de hemorragia. Sistema ventricular de dimensões preservadas. Área cardíaca dentro dos limites da normalidade. Conclusão: Estudo sem achados relevantes.,normal
882,Tomografia computadorizada de crânio sem contraste. Indicação: síncope. Estruturas avaliadas com aspecto habitual. Seios costofrênicos livres.,normal
883,Ressonância magnética de coluna lombar. Indicação: controle de rotina. Ritmo sinusal com frequência cardíaca normal. Traçado sem alterações da repolarização ventricular. Conclusão: Exame dentro dos limites da normalidade.,normal
884,Angiotomografia de artérias pulmonares. Indicação: dispneia progressiva. Estruturas avaliadas com aspecto habitual. Linfonodos mediastinais levemente aumentados. Sem evidência de pneumotórax. Conclusão: Achado que requer seguimento em consulta.,atencao
885,Tomografia computadorizada de crânio sem contraste. Indicação: avaliação pré-operatória. Supradesnivelamento do segmento ST em parede anterior. Parênquima pulmonar com transparência preservada. Conclusão: Achado crítico: comunicado à equipe assistente.,urgente
886,Ultrassonografia obstétrica. Indicação: dor abdominal. Ausência de sinais de hemorragia. Ritmo sinusal com frequência cardíaca normal. Seios costofrênicos livres. Conclusão: Estudo sem achados relevantes.,normal
887,Angiotomografia de artérias pulmonares. Indicação: febre persistente. Linfonodos mediastinais levemente aumentados. Descolamento prematuro de placenta com sinais de sofrimento fetal. Conclusão: Achado crítico: comunicado à equipe assistente.,urgente
888,Radiografia de tórax em PA e perfil. Indicação: cefaleia intensa. Sistema ventricular de dimensões preservadas. Protrusão discal L4-L5 com compressão radicular leve. Conclusão: Achado que requer seguimento em consulta.,atencao
889,Tomografia computadorizada de crânio sem contraste. Indicação: trauma após queda. Estruturas avaliadas com aspecto habitual. Cisto ovariano complexo de 4 cm. Conclusão: Sugere-se correlação clínica e controle evolutivo.,atencao
890,Ultrassonografia de abdome total. Indicação: dor torácica. Área cardíaca dentro dos limites da normalidade. Sistema ventricular de dimensões preservadas. Não há supradesnivelamento do segmento ST. Conclusão: Sem alterações significativas.,normal
891,"Tomografia computadorizada de crânio sem contraste. Indicação: dor abdominal. Aorta de calibre normal. Vesícula biliar de paredes finas, sem cálculos.",normal
892,Angiotomografia de artérias pulmonares. Indicação: trauma após queda. Falha de enchimento em artéria pulmonar principal compatível com tromboembolismo. Esteatose hepática moderada.,urgente
893,Eletrocardiograma de repouso. Indicação: controle de rotina. Ritmo sinusal com frequência cardíaca normal. Sem desvio da linha média. Corpos vertebrais com altura e alinhamento preservados.,normal
894,"Angiotomografia de artérias pulmonares. Indicação: febre persistente. Dissecção de aorta torácica tipo A. Rins de forma, tamanho e contornos normais.",urgente
895,"Ultrassonografia obstétrica. Indicação: controle de rotina. Pneumoperitônio compatível com perfuração de víscera oca. Vesícula biliar de paredes finas, sem cálculos. Conclusão: Resultado crítico, acionar protocolo de emergência.",urgente
896,Ressonância magnética de coluna lombar. Indicação: febre persistente. Não há sinais de perfuração. Nódulo pulmonar sólido de 8 mm no lobo superior direito. Parênquima pulmonar com transparência preservada. Conclusão: Recomenda-se acompanhamento ambulatorial.,atencao
897,Ressonância magnética de coluna lombar. Indicação: dor abdominal. Sistema ventricular de dimensões preservadas. Esteatose hepática moderada. Não há sinais de perfuração.,atencao
898,Ressonância magnética de coluna lombar. Indicação: trauma após queda. Seios costofrênicos livres. Pneumoperitônio compatível com perfuração de víscera oca. Conclusão: Achado crítico: comunicado à equipe assistente.,urgente
899,Tomografia computadorizada de crânio sem contraste. Indicação: síncope. Linfonodos mediastinais levemente aumentados. Seios costofrênicos livres. Conclusão: Sugere-se correlação clínica e controle evolutivo.,atencao
900,Radiografia de tórax em PA e perfil. Indicação: avaliação pré-operatória. Corpos vertebrais com altura e alinhamento preservados. Estruturas avaliadas com aspecto habitual. Conclusão: Sem alterações significativas.,normal
901,Ressonância magnética de coluna lombar. Indicação: síncope. Bloqueio de ramo direito incompleto. Ritmo sinusal com frequência cardíaca normal. Conclusão: Achado que requer seguimento em consulta.,atencao
902,Ultrassonografia obstétrica. Indicação: dispneia progressiva. Seios costofrênicos livres. Área cardíaca dentro dos limites da normalidade. Sem sinais de tromboembolismo. Conclusão: Exame dentro dos limites da normalidade.,normal
903,"Tomografia computadorizada de crânio sem contraste. Indicação: febre persistente. Dissecção de aorta torácica tipo A. Cálculo renal não obstrutivo de 6 mm à direita. Conclusão: Resultado crítico, acionar protocolo de emergência.",urgente
904,Ultrassonografia obstétrica. Indicação: síncope. Sem desvio da linha média. Nódulo pulmonar sólido de 8 mm no lobo superior direito. Seios costofrênicos livres.,atencao
905,Tomografia computadorizada de crânio sem contraste. Indicação: dor torácica. Estruturas avaliadas com aspecto habitual. Hemorragia intraparenquimatosa extensa com desvio da linha média. Conclusão: Necessita avaliação médica imediata.,urgente
906,Angiotomografia de artérias pulmonares. Indicação: trauma após queda. Parênquima pulmonar com transparência preservada. Área cardíaca dentro dos limites da normalidade. Não há sinais de perfuração.,normal
907,Eletrocardiograma de repouso. Indicação: dor torácica. Estruturas avaliadas com aspecto habitual. Pequeno derrame pleural à esquerda. Conclusão: Achado que requer seguimento em consulta.,atencao
908,Angiotomografia de artérias pulmonares. Indicação: dispneia progressiva. Aorta de calibre normal. Área cardíaca dentro dos limites da normalidade. Conclusão: Sem alterações significativas.,normal
909,Angiotomografia de artérias pulmonares. Indicação: avaliação pré-operatória. Parênquima pulmonar com transparência preservada. Traçado sem alterações da repolarização ventricular. Conclusão: Estudo sem achados relevantes.,normal
910,Eletrocardiograma de repouso. Indicação: dor abdominal. Pneumotórax hipertensivo à direita com desvio do mediastino. Discreta cardiomegalia.,urgente
911,Ressonância magnética de coluna lombar. Indicação: lombalgia crônica. Traçado sem alterações da repolarização ventricular. Discreta cardiomegalia. Conclusão: Recomenda-se acompanhamento ambulatorial.,atencao
912,Radiografia de tórax em PA e perfil. Indicação: trauma após queda. Sem desvio da linha média. Traçado sem alterações da repolarização ventricular. Nódulo pulmonar sólido de 8 mm no lobo superior direito. Conclusão: Recomenda-se acompanhamento ambulatorial.,atencao
913,Ressonância magnética de coluna lombar. Indicação: dispneia progressiva. Corpos vertebrais com altura e alinhamento preservados. Aorta de calibre normal.,normal
914,"Ressonância magnética de coluna lombar. Indicação: febre persistente. Corpos vertebrais com altura e alinhamento preservados. Rins de forma, tamanho e contornos normais. Conclusão: Sem alterações significativas.",normal
915,Eletrocardiograma de repouso. Indicação: síncope. Área cardíaca dentro dos limites da normalidade. Descolamento prematuro de placenta com sinais de sofrimento fetal.,urgente
916,Ultrassonografia obstétrica. Indicação: controle de rotina. Cálculo renal não obstrutivo de 6 mm à direita. Estruturas avaliadas com aspecto habitual. Conclusão: Recomenda-se acompanhamento ambulatorial.,atencao
917,Tomografia computadorizada de crânio sem contraste. Indicação: dor abdominal. Seios costofrênicos livres. Sem sinais de tromboembolismo. Ritmo sinusal com frequência cardíaca normal. Conclusão: Sem alterações significativas.,normal
918,Radiografia de tórax em PA e perfil. Indicação: febre persistente. Sem evidência de pneumotórax. Aorta de calibre normal. Seios costofrênicos livres. Conclusão: Estudo sem achados relevantes.,normal
919,Angiotomografia de artérias pulmonares. Indicação: cefaleia intensa. Estruturas avaliadas com aspecto habitual. Linfonodos mediastinais levemente aumentados. Conclusão: Recomenda-se acompanhamento ambulatorial.,atencao
920,"Eletrocardiograma de repouso. Indicação: trauma após queda. Pequeno derrame pleural à esquerda. Vesícula biliar de paredes finas, sem cálculos. Sem evidência de pneumotórax. Conclusão: Recomenda-se acompanhamento ambulatorial.",atencao
921,Eletrocardiograma de repouso. Indicação: avaliação pré-operatória. Discreta cardiomegalia. Área cardíaca dentro dos limites da normalidade. Conclusão: Achado que requer seguimento em consulta.,atencao
922,"Radiografia de tórax em PA e perfil. Indicação: cefaleia intensa. Área cardíaca dentro dos limites da normalidade. Vesícula biliar de paredes finas, sem cálculos.",normal
923,Ultrassonografia de abdome total. Indicação: controle de rotina. Sistema ventricular de dimensões preservadas. Sem evidência de pneumotórax. Traçado sem alterações da repolarização ventricular. Conclusão: Exame dentro dos limites da normalidade.,normal
924,Angiotomografia de artérias pulmonares. Indicação: dor abdominal. Área cardíaca dentro dos limites da normalidade. Nódulo pulmonar sólido de 8 mm no lobo superior direito. Conclusão: Recomenda-se acompanhamento ambulatorial.,atencao
925,Ultrassonografia obstétrica. Indicação: síncope. Estruturas avaliadas com aspecto habitual. Corpos vertebrais com altura e alinhamento preservados. Conclusão: Exame dentro dos limites da normalidade.,normal
926,"Eletrocardiograma de repouso. Indicação: trauma após queda. Área cardíaca dentro dos limites da normalidade. Pneumotórax hipertensivo à direita com desvio do mediastino. Conclusão: Resultado crítico, acionar protocolo de emergência.",urgente
927,Ultrassonografia obstétrica. Indicação: dor abdominal. Descolamento prematuro de placenta com sinais de sofrimento fetal. Linfonodos mediastinais levemente aumentados. Conclusão: Achado crítico: comunicado à equipe assistente.,urgente
928,Eletrocardiograma de repouso. Indicação: dor abdominal. Opacidade em vidro fosco periférica de pequena extensão. Traçado sem alterações da repolarização ventricular. Conclusão: Achado que requer seguimento em consulta.,atencao
929,Radiografia de tórax em PA e perfil. Indicação: controle de rotina. Ritmo sinusal com frequência cardíaca normal. Seios costofrênicos livres. Conclusão: Exame dentro dos limites da normalidade.,normal
930,Angiotomografia de artérias pulmonares. Indicação: dor abdominal. Parênquima pulmonar com transparência preservada. Ritmo sinusal com frequência cardíaca normal. Sem desvio da linha média.,normal
931,Ultrassonografia obstétrica. Indicação: lombalgia crônica. Esteatose hepática moderada. Fígado de dimensões e ecotextura normais.,atencao
932,Angiotomografia de artérias pulmonares. Indicação: dispneia progressiva. Fígado de dimensões e ecotextura normais. Ritmo sinusal com frequência cardíaca normal. Sem sinais de tromboembolismo.,normal
933,Ultrassonografia obstétrica. Indicação: síncope. Ausência de sinais de hemorragia. Sistema ventricular de dimensões preservadas. Fígado de dimensões e ecotextura normais. Conclusão: Exame dentro dos limites da normalidade.,normal
934,Eletrocardiograma de repouso. Indicação: síncope. Sem desvio da linha média. Opacidade em vidro fosco periférica de pequena extensão. Traçado sem alterações da repolarização ventricular.,normal
935,Ultrassonografia de abdome total. Indicação: dispneia progressiva. Não há sinais de perfuração. Parênquima pulmonar com transparência preservada. Cisto ovariano complexo de 4 cm. Conclusão: Recomenda-se acompanhamento ambulatorial.,atencao
936,"Tomografia computadorizada de tórax. Indicação: dor abdominal. Vesícula biliar de paredes finas, sem cálculos. Cálculo renal não obstrutivo de 6 mm à direita.",atencao
937,"Tomografia computadorizada de tórax. Indicação: trauma após queda. Bloqueio de ramo direito incompleto. Rins de forma, tamanho e contornos normais. Conclusão: Sugere-se correlação clínica e controle evolutivo.",atencao
938,Ultrassonografia de abdome total. Indicação: febre persistente. Aorta de calibre normal. Seios costofrênicos livres.,normal
939,Eletrocardiograma de repouso. Indicação: controle de rotina. Cisto ovariano complexo de 4 cm. Seios costofrênicos livres.,atencao
940,Ultrassonografia de abdome total. Indicação: dispneia progressiva. Esteatose hepática moderada. Seios costofrênicos livres. Conclusão: Sugere-se correlação clínica e controle evolutivo.,atencao
941,Ultrassonografia obstétrica. Indicação: lombalgia crônica. Esteatose hepática moderada. Seios costofrênicos livres. Conclusão: Achado que requer seguimento em consulta.,atencao
942,Ressonância magnética de coluna lombar. Indicação: lombalgia crônica. Traçado sem alterações da repolarização ventricular. Sem desvio da linha média. Sistema ventricular de dimensões preservadas.,normal
943,Radiografia de tórax em PA e perfil. Indicação: febre persistente. Parênquima pulmonar com transparência preservada. Área cardíaca dentro dos limites da normalidade.,normal
944,"Ressonância magnética de coluna lombar. Indicação: controle de rotina. Cisto ovariano complexo de 4 cm. Vesícula biliar de paredes finas, sem cálculos. Conclusão: Sugere-se correlação clínica e controle evolutivo.",atencao
945,"Radiografia de tórax em PA e perfil. Indicação: avaliação pré-operatória. Nódulo pulmonar sólido de 8 mm no lobo superior direito. Pneumotórax hipertensivo à direita com desvio do mediastino. Conclusão: Resultado crítico, acionar protocolo de emergência.",urgente
946,"Tomografia computadorizada de crânio sem contraste. Indicação: dispneia progressiva. Corpos vertebrais com altura e alinhamento preservados. Rins de forma, tamanho e contornos normais. Conclusão: Estudo sem achados relevantes.",normal
947,"Radiografia de tórax em PA e perfil. Indicação: trauma após queda. Aneurisma de aorta abdominal roto. Vesícula biliar de paredes finas, sem cálculos. Conclusão: Resultado crítico, acionar protocolo de emergência.",urgente
948,Tomografia computadorizada de tórax. Indicação: dispneia progressiva. Fígado de dimensões e ecotextura normais. Linfonodos mediastinais levemente aumentados.,atencao
949,Ultrassonografia de abdome total. Indicação: cefaleia intensa. Estruturas avaliadas com aspecto habitual. Parênquima pulmonar com transparência preservada. Ausência de sinais de hemorragia. Conclusão: Exame dentro dos limites da normalidade.,normal
950,Ultrassonografia obstétrica. Indicação: febre persistente. Pneumoperitônio compatível com perfuração de víscera oca. Parênquima pulmonar com transparência preservada. Conclusão: Achado crítico: comunicado à equipe assistente.,urgente
951,Eletrocardiograma de repouso. Indicação: síncope. Corpos vertebrais com altura e alinhamento preservados. Traçado sem alterações da repolarização ventricular. Conclusão: Estudo sem achados relevantes.,atencao
952,"Ultrassonografia de abdome total. Indicação: controle de rotina. Vesícula biliar de paredes finas, sem cálculos. Sem desvio da linha média. Aorta de calibre normal. Conclusão: Estudo sem achados relevantes.",normal
953,Eletrocardiograma de repouso. Indicação: febre persistente. Parênquima pulmonar com transparência preservada. Sem desvio da linha média. Seios costofrênicos livres. Conclusão: Exame dentro dos limites da normalidade.,normal
954,Radiografia de tórax em PA e perfil. Indicação: síncope. Cálculo renal não obstrutivo de 6 mm à direita. Estruturas avaliadas com aspecto habitual. Conclusão: Sugere-se correlação clínica e controle evolutivo.,atencao
955,Ultrassonografia obstétrica. Indicação: avaliação pré-operatória. Fígado de dimensões e ecotextura normais. Estruturas avaliadas com aspecto habitual. Conclusão: Estudo sem achados relevantes.,normal
956,Angiotomografia de artérias pulmonares. Indicação: lombalgia crônica. Pequeno derrame pleural à esquerda. Área cardíaca dentro dos limites da normalidade. Conclusão: Achado que requer seguimento em consulta.,atencao
957,Tomografia computadorizada de tórax. Indicação: dispneia progressiva. Fígado de dimensões e ecotextura normais. Traçado sem alterações da repolarização ventricular.,normal
958,Angiotomografia de artérias pulmonares. Indicação: avaliação pré-operatória. Cisto ovariano complexo de 4 cm. Traçado sem alterações da repolarização ventricular. Não há supradesnivelamento do segmento ST. Conclusão: Sugere-se correlação clínica e controle evolutivo.,atencao
959,Ressonância magnética de coluna lombar. Indicação: síncope. Pequeno derrame pleural à esquerda. Hemorragia intraparenquimatosa extensa com desvio da linha média.,urgente
960,Tomografia computadorizada de crânio sem contraste. Indicação: cefaleia intensa. Traçado sem alterações da repolarização ventricular. Espessamento parietal da vesícula biliar sem sinais de complicação.,atencao
961,Ultrassonografia de abdome total. Indicação: cefaleia intensa. Esteatose hepática moderada. Aorta de calibre normal.,atencao
962,Eletrocardiograma de repouso. Indicação: cefaleia intensa. Aorta de calibre normal. Nódulo pulmonar sólido de 8 mm no lobo superior direito. Não há sinais de perfuração.,atencao
963,Ultrassonografia obstétrica. Indicação: febre persistente. Traçado sem alterações da repolarização ventricular. Esteatose hepática moderada. Conclusão: Sugere-se correlação clínica e controle evolutivo.,atencao
964,Eletrocardiograma de repouso. Indicação: trauma após queda. Área cardíaca dentro dos limites da normalidade. Sem sinais de tromboembolismo. Ritmo sinusal com frequência cardíaca normal. Conclusão: Estudo sem achados relevantes.,normal
965,Tomografia computadorizada de crânio sem contraste. Indicação: trauma após queda. Hemorragia intraparenquimatosa extensa com desvio da linha média. Área cardíaca dentro dos limites da normalidade.,urgente
966,Tomografia computadorizada de crânio sem contraste. Indicação: dor abdominal. Área cardíaca dentro dos limites da normalidade. Traçado sem alterações da repolarização ventricular. Conclusão: Exame dentro dos limites da normalidade.,normal
967,Ultrassonografia obstétrica. Indicação: lombalgia crônica. Protrusão discal L4-L5 com compressão radicular leve. Compressão medular aguda com sinais de mielopatia.,urgente
968,"Angiotomografia de artérias pulmonares. Indicação: cefaleia intensa. Sem sinais de tromboembolismo. Rins de forma, tamanho e contornos normais. Parênquima pulmonar com transparência preservada. Conclusão: Exame dentro dos limites da normalidade.",normal
969,Ressonância magnética de coluna lombar. Indicação: dor torácica. Ritmo sinusal com frequência cardíaca normal. Fígado de dimensões e ecotextura normais. Conclusão: Sem alterações significativas.,normal
970,"Tomografia computadorizada de tórax. Indicação: dispneia progressiva. Pequeno derrame pleural à esquerda. Vesícula biliar de paredes finas, sem cálculos. Conclusão: Recomenda-se acompanhamento ambulatorial.",atencao
971,Tomografia computadorizada de crânio sem contraste. Indicação: síncope. Cálculo renal não obstrutivo de 6 mm à direita. Hematoma subdural agudo com efeito de massa. Conclusão: Necessita avaliação médica imediata.,urgente
972,Ressonância magnética de coluna lombar. Indicação: dor torácica. Área cardíaca dentro dos limites da normalidade. Ritmo sinusal com frequência cardíaca normal.,normal
973,Radiografia de tórax em PA e perfil. Indicação: trauma após queda. Parênquima pulmonar com transparência preservada. Espessamento parietal da vesícula biliar sem sinais de complicação. Conclusão: Recomenda-se acompanhamento ambulatorial.,atencao
974,Tomografia computadorizada de crânio sem contraste. Indicação: lombalgia crônica. Área cardíaca dentro dos limites da normalidade. Ausência de sinais de hemorragia. Corpos vertebrais com altura e alinhamento preservados. Conclusão: Exame dentro dos limites da normalidade.,normal
975,Angiotomografia de artérias pulmonares. Indicação: avaliação pré-operatória. Ritmo sinusal com frequência cardíaca normal. Ausência de sinais de hemorragia. Fígado de dimensões e ecotextura normais. Conclusão: Sem alterações significativas.,normal
976,Radiografia de tórax em PA e perfil. Indicação: lombalgia crônica. Estruturas avaliadas com aspecto habitual. Corpos vertebrais com altura e alinhamento preservados. Sem desvio da linha média. Conclusão: Sem alterações significativas.,normal
977,"Tomografia computadorizada de crânio sem contraste. Indicação: avaliação pré-operatória. Dissecção de aorta torácica tipo A. Rins de forma, tamanho e contornos normais. Conclusão: Necessita avaliação médica imediata.",urgente
978,"Ultrassonografia de abdome total. Indicação: trauma após queda. Rins de forma, tamanho e contornos normais. Pequeno derrame pleural à esquerda. Sem desvio da linha média.",normal
979,Radiografia de tórax em PA e perfil. Indicação: cefaleia intensa. Não há sinais de perfuração. Área cardíaca dentro dos limites da normalidade. Estruturas avaliadas com aspecto habitual. Conclusão: Estudo sem achados relevantes.,normal
980,"Eletrocardiograma de repouso. Indicação: controle de rotina. Seios costofrênicos livres. Rins de forma, tamanho e contornos normais. Ausência de sinais de hemorragia. Conclusão: Estudo sem achados relevantes.",normal
981,Ressonância magnética de coluna lombar. Indicação: trauma após queda. Espessamento parietal da vesícula biliar sem sinais de complicação. Aorta de calibre normal.,atencao
982,Ultrassonografia de abdome total. Indicação: lombalgia crônica. Sistema ventricular de dimensões preservadas. Fígado de dimensões e ecotextura normais. Conclusão: Sem alterações significativas.,normal
983,Ultrassonografia obstétrica. Indicação: dispneia progressiva. Ritmo sinusal com frequência cardíaca normal. Parênquima pulmonar com transparência preservada. Conclusão: Estudo sem achados relevantes.,normal
984,Ressonância magnética de coluna lombar. Indicação: controle de rotina. Estruturas avaliadas com aspecto habitual. Ritmo sinusal com frequência cardíaca normal.,atencao
985,"Eletrocardiograma de repouso. Indicação: dispneia progressiva. Ausência de sinais de hemorragia. Seios costofrênicos livres. Rins de forma, tamanho e contornos normais.",normal
986,Radiografia de tórax em PA e perfil. Indicação: febre persistente. Sem evidência de pneumotórax. Seios costofrênicos livres. Corpos vertebrais com altura e alinhamento preservados. Conclusão: Estudo sem achados relevantes.,normal
987,Eletrocardiograma de repouso. Indicação: dor torácica. Opacidade em vidro fosco periférica de pequena extensão. Sistema ventricular de dimensões preservadas.,atencao
988,Ultrassonografia de abdome total. Indicação: dor torácica. Compressão medular aguda com sinais de mielopatia. Extrassístoles ventriculares frequentes.,urgente
989,Radiografia de tórax em PA e perfil. Indicação: cefaleia intensa. Opacidade em vidro fosco periférica de pequena extensão. Seios costofrênicos livres.,atencao
990,Ultrassonografia obstétrica. Indicação: febre persistente. Cisto ovariano complexo de 4 cm. Aorta de calibre normal. Conclusão: Sugere-se correlação clínica e controle evolutivo.,atencao
991,Ultrassonografia de abdome total. Indicação: controle de rotina. Nódulo pulmonar sólido de 8 mm no lobo superior direito. Fígado de dimensões e ecotextura normais. Conclusão: Recomenda-se acompanhamento ambulatorial.,atencao
992,"Eletrocardiograma de repouso. Indicação: dor abdominal. Compressão medular aguda com sinais de mielopatia. Nódulo pulmonar sólido de 8 mm no lobo superior direito. Conclusão: Resultado crítico, acionar protocolo de emergência.",urgente
993,Radiografia de tórax em PA e perfil. Indicação: cefaleia intensa. Hematoma subdural agudo com efeito de massa. Cisto ovariano complexo de 4 cm.,urgente
994,Ultrassonografia obstétrica. Indicação: avaliação pré-operatória. Hemorragia intraparenquimatosa extensa com desvio da linha média. Corpos vertebrais com altura e alinhamento preservados. Conclusão: Necessita avaliação médica imediata.,urgente
995,"Ultrassonografia de abdome total. Indicação: febre persistente. Estruturas avaliadas com aspecto habitual. Rins de forma, tamanho e contornos normais.",normal
996,Tomografia computadorizada de crânio sem contraste. Indicação: avaliação pré-operatória. Área cardíaca dentro dos limites da normalidade. Fígado de dimensões e ecotextura normais. Conclusão: Sem alterações significativas.,normal
997,Tomografia computadorizada de tórax. Indicação: controle de rotina. Traçado sem alterações da repolarização ventricular. Cisto ovariano complexo de 4 cm. Ausência de sinais de hemorragia. Conclusão: Achado que requer seguimento em consulta.,atencao
998,Ressonância magnética de coluna lombar. Indicação: dor torácica. Opacidade em vidro fosco periférica de pequena extensão. Não há supradesnivelamento do segmento ST. Aorta de calibre normal. Conclusão: Sugere-se correlação clínica e controle evolutivo.,atencao
999,Radiografia de tórax em PA e perfil. Indicação: síncope. Sem sinais de tromboembolismo. Ritmo sinusal com frequência cardíaca normal. Sistema ventricular de dimensões preservadas. Conclusão: Exame dentro dos limites da normalidade.,normal
1000,Ressonância magnética de coluna lombar. Indicação: febre persistente. Traçado sem alterações da repolarização ventricular. Não há sinais de perfuração. Parênquima pulmonar com transparência preservada. Conclusão: Sem alterações significativas.,normal
1001,Angiotomografia de artérias pulmonares. Indicação: dor abdominal. Fígado de dimensões e ecotextura normais. Espessamento parietal da vesícula biliar sem sinais de complicação. Conclusão: Sugere-se correlação clínica e controle evolutivo.,atencao
1002,"Radiografia de tórax em PA e perfil. Indicação: cefaleia intensa. Rins de forma, tamanho e contornos normais. Ritmo sinusal com frequência cardíaca normal.",normal
1003,Radiografia de tórax em PA e perfil. Indicação: controle de rotina. Ausência de sinais de hemorragia. Traçado sem alterações da repolarização ventricular. Bloqueio de ramo direito incompleto. Conclusão: Recomenda-se acompanhamento ambulatorial.,atencao
1004,Radiografia de tórax em PA e perfil. Indicação: síncope. Corpos vertebrais com altura e alinhamento preservados. Traçado sem alterações da repolarização ventricular. Conclusão: Exame dentro dos limites da normalidade.,normal
1005,Eletrocardiograma de repouso. Indicação: trauma após queda. Sistema ventricular de dimensões preservadas. Ritmo sinusal com frequência cardíaca normal. Conclusão: Sem alterações significativas.,normal
1006,Tomografia computadorizada de crânio sem contraste. Indicação: trauma após queda. Seios costofrênicos livres. Corpos vertebrais com altura e alinhamento preservados. Não há sinais de perfuração.,normal
1007,Ultrassonografia de abdome total. Indicação: avaliação pré-operatória. Discreta cardiomegalia. Compressão medular aguda com sinais de mielopatia.,urgente
1008,Angiotomografia de artérias pulmonares. Indicação: síncope. Traçado sem alterações da repolarização ventricular. Área cardíaca dentro dos limites da normalidade. Conclusão: Exame dentro dos limites da normalidade.,normal
1009,"Angiotomografia de artérias pulmonares. Indicação: lombalgia crônica. Rins de forma, tamanho e contornos normais. Esteatose hepática moderada.",atencao
1010,Radiografia de tórax em PA e perfil. Indicação: controle de rotina. Pneumoperitônio compatível com perfuração de víscera oca. Seios costofrênicos livres.,urgente
1011,Radiografia de tórax em PA e perfil. Indicação: febre persistente. Área cardíaca dentro dos limites da normalidade. Estruturas avaliadas com aspecto habitual. Conclusão: Estudo sem achados relevantes.,normal
1012,Angiotomografia de artérias pulmonares. Indicação: dor abdominal. Seios costofrênicos livres. Esteatose hepática moderada.,atencao
1013,"Ressonância magnética de coluna lombar. Indicação: síncope. Aorta de calibre normal. Não há supradesnivelamento do segmento ST. Rins de forma, tamanho e contornos normais.",normal
1014,Ultrassonografia obstétrica. Indicação: febre persistente. Apendicite aguda com sinais de perfuração e abscesso. Extrassístoles ventriculares frequentes.,urgente
1015,"Tomografia computadorizada de tórax. Indicação: síncope. Vesícula biliar de paredes finas, sem cálculos. Parênquima pulmonar com transparência preservada. Ausência de sinais de hemorragia. Conclusão: Sem alterações significativas.",normal
1016,Ultrassonografia obstétrica. Indicação: controle de rotina. Falha de enchimento em artéria pulmonar principal compatível com tromboembolismo. Pequeno derrame pleural à esquerda. Conclusão: Achado crítico: comunicado à equipe assistente.,urgente
1017,Angiotomografia de artérias pulmonares. Indicação: dispneia progressiva. Seios costofrênicos livres. Protrusão discal L4-L5 com compressão radicular leve.,atencao
1018,Ultrassonografia de abdome total. Indicação: febre persistente. Opacidade em vidro fosco periférica de pequena extensão. Fígado de dimensões e ecotextura normais. Conclusão: Sugere-se correlação clínica e controle evolutivo.,atencao
1019,Eletrocardiograma de repouso. Indicação: dispneia progressiva. Espessamento parietal da vesícula biliar sem sinais de complicação. Falha de enchimento em artéria pulmonar principal compatível com tromboembolismo. Conclusão: Necessita avaliação médica imediata.,urgente
1020,Tomografia computadorizada de crânio sem contraste. Indicação: trauma após queda. Fígado de dimensões e ecotextura normais. Traçado sem alterações da repolarização ventricular. Sem evidência de pneumotórax. Conclusão: Exame dentro dos limites da normalidade.,normal
1021,Ultrassonografia de abdome total. Indicação: dor torácica. Espessamento parietal da vesícula biliar sem sinais de complicação. Estruturas avaliadas com aspecto habitual.,atencao
1022,Ultrassonografia obstétrica. Indicação: lombalgia crônica. Corpos vertebrais com altura e alinhamento preservados. Pneumoperitônio compatível com perfuração de víscera oca.,urgente
1023,Tomografia computadorizada de crânio sem contraste. Indicação: avaliação pré-operatória. Sem evidência de pneumotórax. Bloqueio de ramo direito incompleto. Corpos vertebrais com altura e alinhamento preservados.,atencao
1024,"Ultrassonografia de abdome total. Indicação: cefaleia intensa. Fibrilação ventricular. Esteatose hepática moderada. Conclusão: Resultado crítico, acionar protocolo de emergência.",urgente
1025,Tomografia computadorizada de crânio sem contraste. Indicação: dor abdominal. Estruturas avaliadas com aspecto habitual. Seios costofrênicos livres. Não há supradesnivelamento do segmento ST. Conclusão: Estudo sem achados relevantes.,normal
1026,Radiografia de tórax em PA e perfil. Indicação: dor torácica. Área cardíaca dentro dos limites da normalidade. Ritmo sinusal com frequência cardíaca normal. Conclusão: Sem alterações significativas.,normal
1027,Ultrassonografia obstétrica. Indicação: controle de rotina. Corpos vertebrais com altura e alinhamento preservados. Aorta de calibre normal. Sem evidência de pneumotórax.,normal
1028,Ultrassonografia de abdome total. Indicação: dor torácica. Parênquima pulmonar com transparência preservada. Sem sinais de tromboembolismo. Seios costofrênicos livres. Conclusão: Estudo sem achados relevantes.,normal
1029,Angiotomografia de artérias pulmonares. Indicação: síncope. Traçado sem alterações da repolarização ventricular. Discreta cardiomegalia.,atencao
1030,Eletrocardiograma de repouso. Indicação: avaliação pré-operatória. Espessamento parietal da vesícula biliar sem sinais de complicação. Traçado sem alterações da repolarização ventricular. Conclusão: Sugere-se correlação clínica e controle evolutivo.,atencao
1031,Tomografia computadorizada de crânio sem contraste. Indicação: dispneia progressiva. Não há supradesnivelamento do segmento ST. Seios costofrênicos livres. Corpos vertebrais com altura e alinhamento preservados. Conclusão: Sem alterações significativas.,normal
1032,Ressonância magnética de coluna lombar. Indicação: febre persistente. Aorta de calibre normal. Área cardíaca dentro dos limites da normalidade.,normal
1033,Angiotomografia de artérias pulmonares. Indicação: trauma após queda. Fígado de dimensões e ecotextura normais. Pneumoperitônio compatível com perfuração de víscera oca.,urgente
1034,Radiografia de tórax em PA e perfil. Indicação: lombalgia crônica. Protrusão discal L4-L5 com compressão radicular leve. Fígado de dimensões e ecotextura normais. Conclusão: Sugere-se correlação clínica e controle evolutivo.,atencao
1035,Eletrocardiograma de repouso. Indicação: dor torácica. Cálculo renal não obstrutivo de 6 mm à direita. Corpos vertebrais com altura e alinhamento preservados. Conclusão: Recomenda-se acompanhamento ambulatorial.,atencao
1036,Angiotomografia de artérias pulmonares. Indicação: trauma após queda. Área cardíaca dentro dos limites da normalidade. Cisto ovariano complexo de 4 cm.,atencao
1037,"Ressonância magnética de coluna lombar. Indicação: controle de rotina. Hemorragia intraparenquimatosa extensa com desvio da linha média. Aorta de calibre normal. Conclusão: Resultado crítico, acionar protocolo de emergência.",urgente
1038,Ressonância magnética de coluna lombar. Indicação: lombalgia crônica. Sem evidência de pneumotórax. Pequeno derrame pleural à esquerda. Traçado sem alterações da repolarização ventricular.,atencao
1039,"Angiotomografia de artérias pulmonares. Indicação: trauma após queda. Dissecção de aorta torácica tipo A. Esteatose hepática moderada. Conclusão: Resultado crítico, acionar protocolo de emergência.",urgente
1040,"Radiografia de tórax em PA e perfil. Indicação: dor torácica. Sem desvio da linha média. Nódulo pulmonar sólido de 8 mm no lobo superior direito. Vesícula biliar de paredes finas, sem cálculos. Conclusão: Sugere-se correlação clínica e controle evolutivo.",normal
1041,Radiografia de tórax em PA e perfil. Indicação: dispneia progressiva. Aorta de calibre normal. Parênquima pulmonar com transparência preservada. Conclusão: Exame dentro dos limites da normalidade.,normal
1042,Eletrocardiograma de repouso. Indicação: cefaleia intensa. Pequeno derrame pleural à esquerda. Parênquima pulmonar com transparência preservada. Conclusão: Achado que requer seguimento em consulta.,atencao
1043,"Tomografia computadorizada de tórax. Indicação: cefaleia intensa. Rins de forma, tamanho e contornos normais. Extrassístoles ventriculares frequentes.",atencao
1044,"Ressonância magnética de coluna lombar. Indicação: febre persistente. Estruturas avaliadas com aspecto habitual. Sem desvio da linha média. Vesícula biliar de paredes finas, sem cálculos. Conclusão: Estudo sem achados relevantes.",normal
1045,Angiotomografia de artérias pulmonares. Indicação: dispneia progressiva. Bloqueio de ramo direito incompleto. Parênquima pulmonar com transparência preservada. Sem desvio da linha média. Conclusão: Achado que requer seguimento em consulta.,atencao
1046,Ultrassonografia de abdome total. Indicação: febre persistente. Nódulo pulmonar sólido de 8 mm no lobo superior direito. Corpos vertebrais com altura e alinhamento preservados.,atencao
1047,Ultrassonografia obstétrica. Indicação: trauma após queda. Estruturas avaliadas com aspecto habitual. Cisto ovariano complexo de 4 cm. Conclusão: Sugere-se correlação clínica e controle evolutivo.,atencao
1048,Eletrocardiograma de repouso. Indicação: dor abdominal. Traçado sem alterações da repolarização ventricular. Esteatose hepática moderada. Conclusão: Recomenda-se acompanhamento ambulatorial.,atencao
1049,Ultrassonografia obstétrica. Indicação: síncope. Supradesnivelamento do segmento ST em parede anterior. Parênquima pulmonar com transparência preservada. Conclusão: Necessita avaliação médica imediata.,urgente
1050,Ultrassonografia de abdome total. Indicação: dor torácica. Não há supradesnivelamento do segmento ST. Corpos vertebrais com altura e alinhamento preservados. Fígado de dimensões e ecotextura normais. Conclusão: Estudo sem achados relevantes.,normal
1051,Angiotomografia de artérias pulmonares. Indicação: dor torácica. Fígado de dimensões e ecotextura normais. Ritmo sinusal com frequência cardíaca normal. Conclusão: Sem alterações significativas.,normal
1052,Ultrassonografia de abdome total. Indicação: dor abdominal. Aorta de calibre normal. Espessamento parietal da vesícula biliar sem sinais de complicação.,atencao
1053,Tomografia computadorizada de crânio sem contraste. Indicação: febre persistente. Estruturas avaliadas com aspecto habitual. Supradesnivelamento do segmento ST em parede anterior. Conclusão: Necessita avaliação médica imediata.,urgente
1054,Tomografia computadorizada de crânio sem contraste. Indicação: dor torácica. Sem sinais de tromboembolismo. Bloqueio de ramo direito incompleto. Corpos vertebrais com altura e alinhamento preservados.,atencao
1055,Angiotomografia de artérias pulmonares. Indicação: dor torácica. Cálculo renal não obstrutivo de 6 mm à direita. Parênquima pulmonar com transparência preservada.,atencao
1056,"Eletrocardiograma de repouso. Indicação: lombalgia crônica. Cisto ovariano complexo de 4 cm. Dissecção de aorta torácica tipo A. Conclusão: Resultado crítico, acionar protocolo de emergência.",urgente
1057,"Ressonância magnética de coluna lombar. Indicação: lombalgia crônica. Sem evidência de pneumotórax. Rins de forma, tamanho e contornos normais. Fígado de dimensões e ecotextura normais. Conclusão: Estudo sem achados relevantes.",normal
1058,Radiografia de tórax em PA e perfil. Indicação: dor abdominal. Ausência de sinais de hemorragia. Área cardíaca dentro dos limites da normalidade. Bloqueio de ramo direito incompleto.,atencao
1059,Tomografia computadorizada de crânio sem contraste. Indicação: lombalgia crônica. Sem sinais de tromboembolismo. Espessamento parietal da vesícula biliar sem sinais de complicação. Sistema ventricular de dimensões preservadas. Conclusão: Achado que requer seguimento em consulta.,atencao
1060,Ultrassonografia de abdome total. Indicação: dor abdominal. Traçado sem alterações da repolarização ventricular. Estruturas avaliadas com aspecto habitual. Conclusão: Sem alterações significativas.,normal
1061,Eletrocardiograma de repouso. Indicação: dor abdominal. Seios costofrênicos livres. Cisto ovariano complexo de 4 cm. Conclusão: Recomenda-se acompanhamento ambulatorial.,atencao
1062,Ultrassonografia de abdome total. Indicação: dispneia progressiva. Fígado de dimensões e ecotextura normais. Esteatose hepática moderada.,atencao
1063,"Angiotomografia de artérias pulmonares. Indicação: dor abdominal. Cisto ovariano complexo de 4 cm. Rins de forma, tamanho e contornos normais. Conclusão: Recomenda-se acompanhamento ambulatorial.",atencao
1064,Ultrassonografia de abdome total. Indicação: cefaleia intensa. Sem desvio da linha média. Área cardíaca dentro dos limites da normalidade. Cisto ovariano complexo de 4 cm. Conclusão: Recomenda-se acompanhamento ambulatorial.,atencao
1065,Ultrassonografia obstétrica. Indicação: febre persistente. Protrusão discal L4-L5 com compressão radicular leve. Pneumoperitônio compatível com perfuração de víscera oca. Conclusão: Necessita avaliação médica imediata.,urgente
1066,Angiotomografia de artérias pulmonares. Indicação: avaliação pré-operatória. Protrusão discal L4-L5 com compressão radicular leve. Fígado de dimensões e ecotextura normais. Conclusão: Achado que requer seguimento em consulta.,atencao
1067,Tomografia computadorizada de tórax. Indicação: dispneia progressiva. Extrassístoles ventriculares frequentes. Área cardíaca dentro dos limites da normalidade. Conclusão: Sugere-se correlação clínica e controle evolutivo.,atencao
1068,Angiotomografia de artérias pulmonares. Indicação: dor abdominal. Área cardíaca dentro dos limites da normalidade. Estruturas avaliadas com aspecto habitual.,normal
1069,"Angiotomografia de artérias pulmonares. Indicação: trauma após queda. Vesícula biliar de paredes finas, sem cálculos. Cisto ovariano complexo de 4 cm. Conclusão: Recomenda-se acompanhamento ambulatorial.",atencao
1070,Radiografia de tórax em PA e perfil. Indicação: trauma após queda. Sistema ventricular de dimensões preservadas. Espessamento parietal da vesícula biliar sem sinais de complicação. Conclusão: Sugere-se correlação clínica e controle evolutivo.,atencao
1071,Ressonância magnética de coluna lombar. Indicação: dispneia progressiva. Estruturas avaliadas com aspecto habitual. Opacidade em vidro fosco periférica de pequena extensão. Conclusão: Achado que requer seguimento em consulta.,atencao
1072,Radiografia de tórax em PA e perfil. Indicação: dispneia progressiva. Sem sinais de tromboembolismo. Traçado sem alterações da repolarização ventricular. Fígado de dimensões e ecotextura normais.,normal
1073,Ultrassonografia obstétrica. Indicação: controle de rotina. Traçado sem alterações da repolarização ventricular. Corpos vertebrais com altura e alinhamento preservados. Conclusão: Exame dentro dos limites da normalidade.,normal
1074,Tomografia computadorizada de tórax. Indicação: controle de rotina. Parênquima pulmonar com transparência preservada. Esteatose hepática moderada. Conclusão: Achado que requer seguimento em consulta.,atencao
1075,Ressonância magnética de coluna lombar. Indicação: cefaleia intensa. Fígado de dimensões e ecotextura normais. Opacidade em vidro fosco periférica de pequena extensão. Conclusão: Achado que requer seguimento em consulta.,urgente
1076,Tomografia computadorizada de tórax. Indicação: síncope. Extrassístoles ventriculares frequentes. Sistema ventricular de dimensões preservadas. Conclusão: Achado que requer seguimento em consulta.,atencao
1077,Tomografia computadorizada de crânio sem contraste. Indicação: trauma após queda. Área cardíaca dentro dos limites da normalidade. Opacidade em vidro fosco periférica de pequena extensão. Conclusão: Recomenda-se acompanhamento ambulatorial.,atencao
1078,"Ultrassonografia de abdome total. Indicação: lombalgia crônica. Esteatose hepática moderada. Hematoma subdural agudo com efeito de massa. Conclusão: Resultado crítico, acionar protocolo de emergência.",urgente
1079,"Ressonância magnética de coluna lombar. Indicação: avaliação pré-operatória. Rins de forma, tamanho e contornos normais. Descolamento prematuro de placenta com sinais de sofrimento fetal. Conclusão: Achado crítico: comunicado à equipe assistente.",urgente
1080,"Tomografia computadorizada de crânio sem contraste. Indicação: controle de rotina. Rins de forma, tamanho e contornos normais. Protrusão discal L4-L5 com compressão radicular leve.",atencao
1081,Ultrassonografia de abdome total. Indicação: dor abdominal. Parênquima pulmonar com transparência preservada. Corpos vertebrais com altura e alinhamento preservados. Conclusão: Estudo sem achados relevantes.,normal
1082,Ultrassonografia de abdome total. Indicação: controle de rotina. Não há sinais de perfuração. Estruturas avaliadas com aspecto habitual. Fígado de dimensões e ecotextura normais. Conclusão: Sem alterações significativas.,normal
1083,Ultrassonografia de abdome total. Indicação: dispneia progressiva. Ritmo sinusal com frequência cardíaca normal. Área cardíaca dentro dos limites da normalidade. Conclusão: Sem alterações significativas.,normal
1084,Ressonância magnética de coluna lombar. Indicação: síncope. Sistema ventricular de dimensões preservadas. Aorta de calibre normal.,normal
1085,Tomografia computadorizada de tórax. Indicação: dor torácica. Esteatose hepática moderada. Fibrilação ventricular.,urgente
1086,"Eletrocardiograma de repouso. Indicação: trauma após queda. Sistema ventricular de dimensões preservadas. Vesícula biliar de paredes finas, sem cálculos. Conclusão: Exame dentro dos limites da normalidade.",normal
1087,Ultrassonografia obstétrica. Indicação: dispneia progressiva. Parênquima pulmonar com transparência preservada. Nódulo pulmonar sólido de 8 mm no lobo superior direito. Conclusão: Sugere-se correlação clínica e controle evolutivo.,atencao
1088,Ressonância magnética de coluna lombar. Indicação: síncope. Traçado sem alterações da repolarização ventricular. Bloqueio de ramo direito incompleto. Conclusão: Recomenda-se acompanhamento ambulatorial.,atencao
1089,Radiografia de tórax em PA e perfil. Indicação: controle de rotina. Dissecção de aorta torácica tipo A. Espessamento parietal da vesícula biliar sem sinais de complicação. Conclusão: Achado crítico: comunicado à equipe assistente.,urgente
1090,Ressonância magnética de coluna lombar. Indicação: dispneia progressiva. Corpos vertebrais com altura e alinhamento preservados. Esteatose hepática moderada. Conclusão: Achado que requer seguimento em consulta.,atencao
1091,Angiotomografia de artérias pulmonares. Indicação: febre persistente. Corpos vertebrais com altura e alinhamento preservados. Ritmo sinusal com frequência cardíaca normal. Não há sinais de perfuração. Conclusão: Sem alterações significativas.,normal
1092,Ultrassonografia de abdome total. Indicação: lombalgia crônica. Parênquima pulmonar com transparência preservada. Seios costofrênicos livres. Não há sinais de perfuração. Conclusão: Exame dentro dos limites da normalidade.,normal
1093,"Eletrocardiograma de repouso. Indicação: síncope. Rins de forma, tamanho e contornos normais. Supradesnivelamento do segmento ST em parede anterior. Conclusão: Achado crítico: comunicado à equipe assistente.",urgente
1094,Eletrocardiograma de repouso. Indicação: controle de rotina. Corpos vertebrais com altura e alinhamento preservados. Sem desvio da linha média. Sistema ventricular de dimensões preservadas. Conclusão: Exame dentro dos limites da normalidade.,normal
1095,Tomografia computadorizada de crânio sem contraste. Indicação: controle de rotina. Ritmo sinusal com frequência cardíaca normal. Apendicite aguda com sinais de perfuração e abscesso.,urgente
1096,Ressonância magnética de coluna lombar. Indicação: dor torácica. Corpos vertebrais com altura e alinhamento preservados. Área cardíaca dentro dos limites da normalidade. Sem desvio da linha média. Conclusão: Sem alterações significativas.,normal
1097,Ultrassonografia obstétrica. Indicação: trauma após queda. Parênquima pulmonar com transparência preservada. Sem evidência de pneumotórax. Seios costofrênicos livres.,normal
1098,"Angiotomografia de artérias pulmonares. Indicação: síncope. Vesícula biliar de paredes finas, sem cálculos. Seios costofrênicos livres. Sem desvio da linha média. Conclusão: Estudo sem achados relevantes.",normal
1099,Ultrassonografia de abdome total. Indicação: dor abdominal. Aorta de calibre normal. Sistema ventricular de dimensões preservadas. Conclusão: Sem alterações significativas.,normal
1100,Ultrassonografia de abdome total. Indicação: controle de rotina. Não há sinais de perfuração. Espessamento parietal da vesícula biliar sem sinais de complicação. Ritmo sinusal com frequência cardíaca normal. Conclusão: Achado que requer seguimento em consulta.,atencao
1101,Tomografia computadorizada de tórax. Indicação: dispneia progressiva. Fígado de dimensões e ecotextura normais. Seios costofrênicos livres. Conclusão: Sem alterações significativas.,normal
1102,Angiotomografia de artérias pulmonares. Indicação: lombalgia crônica. Parênquima pulmonar com transparência preservada. Corpos vertebrais com altura e alinhamento preservados. Conclusão: Exame dentro dos limites da normalidade.,normal
1103,Angiotomografia de artérias pulmonares. Indicação: dor torácica. Supradesnivelamento do segmento ST em parede anterior. Sistema ventricular de dimensões preservadas. Conclusão: Achado crítico: comunicado à equipe assistente.,urgente
1104,Angiotomografia de artérias pulmonares. Indicação: febre persistente. Fígado de dimensões e ecotextura normais. Estruturas avaliadas com aspecto habitual. Não há supradesnivelamento do segmento ST. Conclusão: Sem alterações significativas.,normal
1105,"Ultrassonografia obstétrica. Indicação: dor abdominal. Vesícula biliar de paredes finas, sem cálculos. Sem evidência de pneumotórax. Sistema ventricular de dimensões preservadas.",normal
1106,"Radiografia de tórax em PA e perfil. Indicação: dor abdominal. Aorta de calibre normal. Rins de forma, tamanho e contornos normais. Sem sinais de tromboembolismo. Conclusão: Sem alterações significativas.",normal
1107,Tomografia computadorizada de crânio sem contraste. Indicação: avaliação pré-operatória. Hemorragia intraparenquimatosa extensa com desvio da linha média. Protrusão discal L4-L5 com compressão radicular leve. Conclusão: Necessita avaliação médica imediata.,urgente
1108,Radiografia de tórax em PA e perfil. Indicação: lombalgia crônica. Sem desvio da linha média. Área cardíaca dentro dos limites da normalidade. Cálculo renal não obstrutivo de 6 mm à direita. Conclusão: Achado que requer seguimento em consulta.,atencao
1109,"Tomografia computadorizada de crânio sem contraste. Indicação: dor abdominal. Aneurisma de aorta abdominal roto. Vesícula biliar de paredes finas, sem cálculos. Conclusão: Achado crítico: comunicado à equipe assistente.",urgente
1110,Tomografia computadorizada de tórax. Indicação: controle de rotina. Traçado sem alterações da repolarização ventricular. Não há sinais de perfuração. Corpos vertebrais com altura e alinhamento preservados. Conclusão: Exame dentro dos limites da normalidade.,normal
1111,Ultrassonografia obstétrica. Indicação: dor torácica. Sistema ventricular de dimensões preservadas. Pequeno derrame pleural à esquerda. Conclusão: Achado que requer seguimento em consulta.,atencao
1112,"Tomografia computadorizada de crânio sem contraste. Indicação: febre persistente. Vesícula biliar de paredes finas, sem cálculos. Parênquima pulmonar com transparência preservada. Não há supradesnivelamento do segmento ST. Conclusão: Exame dentro dos limites da normalidade.",normal
1113,Eletrocardiograma de repouso. Indicação: cefaleia intensa. Seios costofrênicos livres. Parênquima pulmonar com transparência preservada.,normal
1114,Ultrassonografia de abdome total. Indicação: dor torácica. Cisto ovariano complexo de 4 cm. Descolamento prematuro de placenta com sinais de sofrimento fetal.,urgente
1115,"Tomografia computadorizada de tórax. Indicação: dispneia progressiva. Sem desvio da linha média. Traçado sem alterações da repolarização ventricular. Vesícula biliar de paredes finas, sem cálculos. Conclusão: Sem alterações significativas.",normal
1116,Angiotomografia de artérias pulmonares. Indicação: controle de rotina. Não há supradesnivelamento do segmento ST. Fígado de dimensões e ecotextura normais. Aorta de calibre normal. Conclusão: Exame dentro dos limites da normalidade.,normal
1117,"Ultrassonografia de abdome total. Indicação: cefaleia intensa. Rins de forma, tamanho e contornos normais. Fígado de dimensões e ecotextura normais. Conclusão: Estudo sem achados relevantes.",normal
1118,Angiotomografia de artérias pulmonares. Indicação: avaliação pré-operatória. Opacidade em vidro fosco periférica de pequena extensão. Estruturas avaliadas com aspecto habitual. Conclusão: Sugere-se correlação clínica e controle evolutivo.,atencao
1119,Ultrassonografia obstétrica. Indicação: trauma após queda. Opacidade em vidro fosco periférica de pequena extensão. Sem desvio da linha média. Aorta de calibre normal. Conclusão: Achado que requer seguimento em consulta.,atencao
1120,Ultrassonografia obstétrica. Indicação: lombalgia crônica. Sistema ventricular de dimensões preservadas. Sem sinais de tromboembolismo. Parênquima pulmonar com transparência preservada. Conclusão: Sem alterações significativas.,normal
1121,"Ultrassonografia obstétrica. Indicação: dor torácica. Área cardíaca dentro dos limites da normalidade. Rins de forma, tamanho e contornos normais. Conclusão: Sem alterações significativas.",normal
1122,Radiografia de tórax em PA e perfil. Indicação: dispneia progressiva. Discreta cardiomegalia. Apendicite aguda com sinais de perfuração e abscesso. Conclusão: Achado crítico: comunicado à equipe assistente.,urgente
1123,"Ultrassonografia de abdome total. Indicação: trauma após queda. Pequeno derrame pleural à esquerda. Rins de forma, tamanho e contornos normais. Sem evidência de pneumotórax. Conclusão: Sugere-se correlação clínica e controle evolutivo.",atencao
1124,"Angiotomografia de artérias pulmonares. Indicação: síncope. Protrusão discal L4-L5 com compressão radicular leve. Dissecção de aorta torácica tipo A. Conclusão: Resultado crítico, acionar protocolo de emergência.",urgente
1125,Ressonância magnética de coluna lombar. Indicação: lombalgia crônica. Apendicite aguda com sinais de perfuração e abscesso. Discreta cardiomegalia.,urgente
1126,Ultrassonografia obstétrica. Indicação: controle de rotina. Esteatose hepática moderada. Sem sinais de tromboembolismo. Seios costofrênicos livres. Conclusão: Achado que requer seguimento em consulta.,atencao
1127,"Angiotomografia de artérias pulmonares. Indicação: síncope. Bloqueio de ramo direito incompleto. Apendicite aguda com sinais de perfuração e abscesso. Conclusão: Resultado crítico, acionar protocolo de emergência.",urgente
1128,Tomografia computadorizada de crânio sem contraste. Indicação: síncope. Aorta de calibre normal. Cisto ovariano complexo de 4 cm. Conclusão: Recomenda-se acompanhamento ambulatorial.,atencao
1129,Ultrassonografia obstétrica. Indicação: cefaleia intensa. Aneurisma de aorta abdominal roto. Nódulo pulmonar sólido de 8 mm no lobo superior direito. Conclusão: Achado crítico: comunicado à equipe assistente.,urgente
1130,Tomografia computadorizada de tórax. Indicação: avaliação pré-operatória. Aorta de calibre normal. Protrusão discal L4-L5 com compressão radicular leve. Conclusão: Achado que requer seguimento em consulta.,atencao
1131,Ressonância magnética de coluna lombar. Indicação: controle de rotina. Parênquima pulmonar com transparência preservada. Fígado de dimensões e ecotextura normais. Conclusão: Sem alterações significativas.,normal
1132,Ultrassonografia obstétrica. Indicação: trauma após queda. Corpos vertebrais com altura e alinhamento preservados. Área cardíaca dentro dos limites da normalidade.,normal
1133,Tomografia computadorizada de tórax. Indicação: trauma após queda. Corpos vertebrais com altura e alinhamento preservados. Parênquima pulmonar com transparência preservada. Ausência de sinais de hemorragia.,normal
1134,Angiotomografia de artérias pulmonares. Indicação: cefaleia intensa. Fígado de dimensões e ecotextura normais. Bloqueio de ramo direito incompleto.,atencao
1135,Radiografia de tórax em PA e perfil. Indicação: avaliação pré-operatória. Estruturas avaliadas com aspecto habitual. Corpos vertebrais com altura e alinhamento preservados. Sem desvio da linha média. Conclusão: Estudo sem achados relevantes.,normal
1136,Ultrassonografia obstétrica. Indicação: febre persistente. Parênquima pulmonar com transparência preservada. Pequeno derrame pleural à esquerda. Não há sinais de perfuração.,atencao
1137,"Ressonância magnética de coluna lombar. Indicação: controle de rotina. Falha de enchimento em artéria pulmonar principal compatível com tromboembolismo. Corpos vertebrais com altura e alinhamento preservados. Conclusão: Resultado crítico, acionar protocolo de emergência.",urgente
1138,Ultrassonografia obstétrica. Indicação: avaliação pré-operatória. Discreta cardiomegalia. Fígado de dimensões e ecotextura normais. Conclusão: Sugere-se correlação clínica e controle evolutivo.,atencao
1139,Eletrocardiograma de repouso. Indicação: síncope. Supradesnivelamento do segmento ST em parede anterior. Área cardíaca dentro dos limites da normalidade. Conclusão: Necessita avaliação médica imediata.,urgente
1140,"Eletrocardiograma de repouso. Indicação: dispneia progressiva. Hematoma subdural agudo com efeito de massa. Rins de forma, tamanho e contornos normais. Conclusão: Necessita avaliação médica imediata.",urgente
1141,"Tomografia computadorizada de tórax. Indicação: controle de rotina. Sem desvio da linha média. Esteatose hepática moderada. Rins de forma, tamanho e contornos normais. Conclusão: Recomenda-se acompanhamento ambulatorial.",atencao
1142,Tomografia computadorizada de tórax. Indicação: síncope. Nódulo pulmonar sólido de 8 mm no lobo superior direito. Fígado de dimensões e ecotextura normais. Conclusão: Recomenda-se acompanhamento ambulatorial.,atencao
1143,"Tomografia computadorizada de tórax. Indicação: síncope. Vesícula biliar de paredes finas, sem cálculos. Sistema ventricular de dimensões preservadas.",normal
1144,Tomografia computadorizada de tórax. Indicação: lombalgia crônica. Área cardíaca dentro dos limites da normalidade. Sem desvio da linha média. Corpos vertebrais com altura e alinhamento preservados. Conclusão: Sem alterações significativas.,normal
1145,Tomografia computadorizada de tórax. Indicação: dispneia progressiva. Aorta de calibre normal. Cisto ovariano complexo de 4 cm. Conclusão: Sugere-se correlação clínica e controle evolutivo.,atencao
1146,Radiografia de tórax em PA e perfil. Indicação: lombalgia crônica. Ausência de sinais de hemorragia. Ritmo sinusal com frequência cardíaca normal. Aorta de calibre normal.,normal
1147,"Eletrocardiograma de repouso. Indicação: lombalgia crônica. Aorta de calibre normal. Vesícula biliar de paredes finas, sem cálculos. Conclusão: Estudo sem achados relevantes.",normal
1148,Eletrocardiograma de repouso. Indicação: controle de rotina. Traçado sem alterações da repolarização ventricular. Extrassístoles ventriculares frequentes. Conclusão: Sugere-se correlação clínica e controle evolutivo.,atencao
1149,Eletrocardiograma de repouso. Indicação: lombalgia crônica. Parênquima pulmonar com transparência preservada. Fígado de dimensões e ecotextura normais.,normal
1150,"Eletrocardiograma de repouso. Indicação: dor torácica. Falha de enchimento em artéria pulmonar principal compatível com tromboembolismo. Ritmo sinusal com frequência cardíaca normal. Conclusão: Resultado crítico, acionar protocolo de emergência.",urgente
1151,Radiografia de tórax em PA e perfil. Indicação: dor abdominal. Ausência de sinais de hemorragia. Traçado sem alterações da repolarização ventricular. Parênquima pulmonar com transparência preservada. Conclusão: Exame dentro dos limites da normalidade.,normal
1152,Ultrassonografia de abdome total. Indicação: síncope. Corpos vertebrais com altura e alinhamento preservados. Fígado de dimensões e ecotextura normais.,normal
1153,Ultrassonografia obstétrica. Indicação: trauma após queda. Pneumoperitônio compatível com perfuração de víscera oca. Nódulo pulmonar sólido de 8 mm no lobo superior direito. Conclusão: Necessita avaliação médica imediata.,urgente
1154,"Ressonância magnética de coluna lombar. Indicação: lombalgia crônica. Pneumoperitônio compatível com perfuração de víscera oca. Opacidade em vidro fosco periférica de pequena extensão. Conclusão: Resultado crítico, acionar protocolo de emergência.",urgente
1155,"Eletrocardiograma de repouso. Indicação: lombalgia crônica. Fígado de dimensões e ecotextura normais. Vesícula biliar de paredes finas, sem cálculos.",normal
1156,"Ultrassonografia obstétrica. Indicação: dor torácica. Vesícula biliar de paredes finas, sem cálculos. Protrusão discal L4-L5 com compressão radicular leve. Conclusão: Sugere-se correlação clínica e controle evolutivo.",atencao
1157,Tomografia computadorizada de crânio sem contraste. Indicação: avaliação pré-operatória. Traçado sem alterações da repolarização ventricular. Protrusão discal L4-L5 com compressão radicular leve. Conclusão: Recomenda-se acompanhamento ambulatorial.,atencao
1158,Ultrassonografia de abdome total. Indicação: dispneia progressiva. Opacidade em vidro fosco periférica de pequena extensão. Fígado de dimensões e ecotextura normais. Conclusão: Sugere-se correlação clínica e controle evolutivo.,atencao
1159,Ultrassonografia de abdome total. Indicação: síncope. Sistema ventricular de dimensões preservadas. Supradesnivelamento do segmento ST em parede anterior.,urgente
1160,Tomografia computadorizada de tórax. Indicação: síncope. Fibrilação ventricular. Sistema ventricular de dimensões preservadas. Conclusão: Necessita avaliação médica imediata.,urgente
1161,Eletrocardiograma de repouso. Indicação: trauma após queda. Cálculo renal não obstrutivo de 6 mm à direita. Corpos vertebrais com altura e alinhamento preservados. Conclusão: Sugere-se correlação clínica e controle evolutivo.,atencao
1162,Ressonância magnética de coluna lombar. Indicação: dor abdominal. Apendicite aguda com sinais de perfuração e abscesso. Cálculo renal não obstrutivo de 6 mm à direita.,atencao
1163,Radiografia de tórax em PA e perfil. Indicação: febre persistente. Sistema ventricular de dimensões preservadas. Traçado sem alterações da repolarização ventricular.,atencao
1164,Ultrassonografia de abdome total. Indicação: dispneia progressiva. Hemorragia intraparenquimatosa extensa com desvio da linha média. Protrusão discal L4-L5 com compressão radicular leve. Conclusão: Necessita avaliação médica imediata.,urgente
1165,"Ultrassonografia de abdome total. Indicação: trauma após queda. Vesícula biliar de paredes finas, sem cálculos. Não há sinais de perfuração. Rins de forma, tamanho e contornos normais. Conclusão: Sem alterações significativas.",normal
1166,Ultrassonografia obstétrica. Indicação: dor torácica. Linfonodos mediastinais levemente aumentados. Seios costofrênicos livres. Conclusão: Achado que requer seguimento em consulta.,atencao
1167,Radiografia de tórax em PA e perfil. Indicação: cefaleia intensa. Nódulo pulmonar sólido de 8 mm no lobo superior direito. Traçado sem alterações da repolarização ventricular. Conclusão: Sugere-se correlação clínica e controle evolutivo.,atencao
1168,Tomografia computadorizada de tórax. Indicação: cefaleia intensa. Seios costofrênicos livres. Sistema ventricular de dimensões preservadas. Conclusão: Estudo sem achados relevantes.,normal
1169,Tomografia computadorizada de crânio sem contraste. Indicação: avaliação pré-operatória. Compressão medular aguda com sinais de mielopatia. Sistema ventricular de dimensões preservadas. Conclusão: Necessita avaliação médica imediata.,urgente
1170,Tomografia computadorizada de tórax. Indicação: cefaleia intensa. Protrusão discal L4-L5 com compressão radicular leve. Descolamento prematuro de placenta com sinais de sofrimento fetal. Conclusão: Necessita avaliação médica imediata.,urgente
1171,Ressonância magnética de coluna lombar. Indicação: dor abdominal. Ritmo sinusal com frequência cardíaca normal. Traçado sem alterações da repolarização ventricular. Conclusão: Estudo sem achados relevantes.,normal
1172,Tomografia computadorizada de tórax. Indicação: cefaleia intensa. Seios costofrênicos livres. Sem desvio da linha média. Traçado sem alterações da repolarização ventricular.,normal
1173,Radiografia de tórax em PA e perfil. Indicação: síncope. Seios costofrênicos livres. Estruturas avaliadas com aspecto habitual.,normal
1174,Ressonância magnética de coluna lombar. Indicação: cefaleia intensa. Parênquima pulmonar com transparência preservada. Aorta de calibre normal. Conclusão: Estudo sem achados relevantes.,normal
1175,"Tomografia computadorizada de crânio sem contraste. Indicação: síncope. Rins de forma, tamanho e contornos normais. Espessamento parietal da vesícula biliar sem sinais de complicação.",atencao
1176,Angiotomografia de artérias pulmonares. Indicação: dispneia progressiva. Corpos vertebrais com altura e alinhamento preservados. Espessamento parietal da vesícula biliar sem sinais de complicação. Conclusão: Recomenda-se acompanhamento ambulatorial.,atencao
1177,"Ressonância magnética de coluna lombar. Indicação: avaliação pré-operatória. Vesícula biliar de paredes finas, sem cálculos. Seios costofrênicos livres. Conclusão: Exame dentro dos limites da normalidade.",normal
1178,Angiotomografia de artérias pulmonares. Indicação: dor torácica. Ritmo sinusal com frequência cardíaca normal. Nódulo pulmonar sólido de 8 mm no lobo superior direito. Conclusão: Recomenda-se acompanhamento ambulatorial.,atencao
1179,Ressonância magnética de coluna lombar. Indicação: lombalgia crônica. Espessamento parietal da vesícula biliar sem sinais de complicação. Traçado sem alterações da repolarização ventricular.,atencao
1180,"Tomografia computadorizada de tórax. Indicação: trauma após queda. Ritmo sinusal com frequência cardíaca normal. Pneumoperitônio compatível com perfuração de víscera oca. Conclusão: Resultado crítico, acionar protocolo de emergência.",urgente
1181,"Radiografia de tórax em PA e perfil. Indicação: controle de rotina. Vesícula biliar de paredes finas, sem cálculos. Sistema ventricular de dimensões preservadas.",normal
1182,Ultrassonografia de abdome total. Indicação: trauma após queda. Área cardíaca dentro dos limites da normalidade. Não há sinais de perfuração. Fígado de dimensões e ecotextura normais.,urgente
1183,Tomografia computadorizada de crânio sem contraste. Indicação: febre persistente. Corpos vertebrais com altura e alinhamento preservados. Nódulo pulmonar sólido de 8 mm no lobo superior direito. Conclusão: Sugere-se correlação clínica e controle evolutivo.,atencao
1184,Ultrassonografia de abdome total. Indicação: trauma após queda. Cisto ovariano complexo de 4 cm. Pneumotórax hipertensivo à direita com desvio do mediastino.,urgente
1185,Tomografia computadorizada de crânio sem contraste. Indicação: controle de rotina. Discreta cardiomegalia. Parênquima pulmonar com transparência preservada.,atencao
1186,"Ultrassonografia de abdome total. Indicação: trauma após queda. Pequeno derrame pleural à esquerda. Vesícula biliar de paredes finas, sem cálculos. Conclusão: Sugere-se correlação clínica e controle evolutivo.",urgente
1187,Angiotomografia de artérias pulmonares. Indicação: febre persistente. Não há sinais de perfuração. Sistema ventricular de dimensões preservadas. Parênquima pulmonar com transparência preservada.,normal
1188,Ultrassonografia de abdome total. Indicação: cefaleia intensa. Linfonodos mediastinais levemente aumentados. Traçado sem alterações da repolarização ventricular. Conclusão: Sugere-se correlação clínica e controle evolutivo.,atencao
1189,Ressonância magnética de coluna lombar. Indicação: dor torácica. Ritmo sinusal com frequência cardíaca normal. Ausência de sinais de hemorragia. Área cardíaca dentro dos limites da normalidade. Conclusão: Sem alterações significativas.,normal
1190,Radiografia de tórax em PA e perfil. Indicação: síncope. Sem sinais de tromboembolismo. Ritmo sinusal com frequência cardíaca normal. Traçado sem alterações da repolarização ventricular. Conclusão: Exame dentro dos limites da normalidade.,normal
1191,Tomografia computadorizada de tórax. Indicação: controle de rotina. Parênquima pulmonar com transparência preservada. Sistema ventricular de dimensões preservadas. Conclusão: Sem alterações significativas.,normal
1192,"Ressonância magnética de coluna lombar. Indicação: dispneia progressiva. Ausência de sinais de hemorragia. Rins de forma, tamanho e contornos normais. Sistema ventricular de dimensões preservadas.",normal
1193,"Tomografia computadorizada de tórax. Indicação: febre persistente. Vesícula biliar de paredes finas, sem cálculos. Nódulo pulmonar sólido de 8 mm no lobo superior direito. Conclusão: Recomenda-se acompanhamento ambulatorial.",atencao
1194,Ultrassonografia de abdome total. Indicação: cefaleia intensa. Pneumotórax hipertensivo à direita com desvio do mediastino. Pequeno derrame pleural à esquerda. Conclusão: Necessita avaliação médica imediata.,urgente
1195,"Ultrassonografia obstétrica. Indicação: controle de rotina. Rins de forma, tamanho e contornos normais. Sem desvio da linha média. Traçado sem alterações da repolarização ventricular. Conclusão: Estudo sem achados relevantes.",normal
1196,"Tomografia computadorizada de crânio sem contraste. Indicação: avaliação pré-operatória. Rins de forma, tamanho e contornos normais. Corpos vertebrais com altura e alinhamento preservados. Sem evidência de pneumotórax.",normal
1197,Tomografia computadorizada de crânio sem contraste. Indicação: cefaleia intensa. Seios costofrênicos livres. Sem sinais de tromboembolismo. Aorta de calibre normal. Conclusão: Exame dentro dos limites da normalidade.,normal
1198,Eletrocardiograma de repouso. Indicação: dor abdominal. Extrassístoles ventriculares frequentes. Corpos vertebrais com altura e alinhamento preservados.,atencao
1199,Angiotomografia de artérias pulmonares. Indicação: dor abdominal. Área cardíaca dentro dos limites da normalidade. Traçado sem alterações da repolarização ventricular.,normal
1200,Radiografia de tórax em PA e perfil. Indicação: trauma após queda. Estruturas avaliadas com aspecto habitual. Ausência de sinais de hemorragia. Esteatose hepática moderada. Conclusão: Recomenda-se acompanhamento ambulatorial.,atencao
1201,Ultrassonografia obstétrica. Indicação: dor abdominal. Ritmo sinusal com frequência cardíaca normal. Traçado sem alterações da repolarização ventricular. Conclusão: Exame dentro dos limites da normalidade.,normal
1202,Eletrocardiograma de repouso. Indicação: lombalgia crônica. Corpos vertebrais com altura e alinhamento preservados. Parênquima pulmonar com transparência preservada. Conclusão: Exame dentro dos limites da normalidade.,normal
1203,Ultrassonografia obstétrica. Indicação: lombalgia crônica. Corpos vertebrais com altura e alinhamento preservados. Traçado sem alterações da repolarização ventricular. Não há sinais de perfuração. Conclusão: Sem alterações significativas.,normal
1204,Radiografia de tórax em PA e perfil. Indicação: lombalgia crônica. Parênquima pulmonar com transparência preservada. Sem desvio da linha média. Área cardíaca dentro dos limites da normalidade. Conclusão: Sem alterações significativas.,normal
1205,Ressonância magnética de coluna lombar. Indicação: dispneia progressiva. Bloqueio de ramo direito incompleto. Fibrilação ventricular.,urgente
1206,Tomografia computadorizada de tórax. Indicação: febre persistente. Área cardíaca dentro dos limites da normalidade. Hematoma subdural agudo com efeito de massa.,urgente
1207,"Ressonância magnética de coluna lombar. Indicação: lombalgia crônica. Rins de forma, tamanho e contornos normais. Fibrilação ventricular.",urgente
1208,Ultrassonografia de abdome total. Indicação: lombalgia crônica. Sistema ventricular de dimensões preservadas. Não há supradesnivelamento do segmento ST. Esteatose hepática moderada.,atencao
1209,Tomografia computadorizada de tórax. Indicação: lombalgia crônica. Discreta cardiomegalia. Pneumoperitônio compatível com perfuração de víscera oca.,urgente
1210,Eletrocardiograma de repouso. Indicação: febre persistente. Descolamento prematuro de placenta com sinais de sofrimento fetal. Espessamento parietal da vesícula biliar sem sinais de complicação. Conclusão: Necessita avaliação médica imediata.,atencao
1211,"Eletrocardiograma de repouso. Indicação: trauma após queda. Rins de forma, tamanho e contornos normais. Extrassístoles ventriculares frequentes. Conclusão: Sugere-se correlação clínica e controle evolutivo.",atencao
1212,Ultrassonografia obstétrica. Indicação: controle de rotina. Discreta cardiomegalia. Seios costofrênicos livres. Conclusão: Recomenda-se acompanhamento ambulatorial.,atencao
1213,Ressonância magnética de coluna lombar. Indicação: cefaleia intensa. Fígado de dimensões e ecotextura normais. Sem desvio da linha média. Ritmo sinusal com frequência cardíaca normal. Conclusão: Exame dentro dos limites da normalidade.,normal
1214,"Ressonância magnética de coluna lombar. Indicação: dor torácica. Vesícula biliar de paredes finas, sem cálculos. Pneumoperitônio compatível com perfuração de víscera oca.",urgente
1215,Ultrassonografia de abdome total. Indicação: avaliação pré-operatória. Fígado de dimensões e ecotextura normais. Parênquima pulmonar com transparência preservada. Conclusão: Estudo sem achados relevantes.,normal
1216,Eletrocardiograma de repouso. Indicação: dor torácica. Pneumotórax hipertensivo à direita com desvio do mediastino. Cálculo renal não obstrutivo de 6 mm à direita. Conclusão: Achado crítico: comunicado à equipe assistente.,urgente
1217,"Ultrassonografia obstétrica. Indicação: dispneia progressiva. Discreta cardiomegalia. Vesícula biliar de paredes finas, sem cálculos. Não há supradesnivelamento do segmento ST. Conclusão: Achado que requer seguimento em consulta.",atencao
1218,Angiotomografia de artérias pulmonares. Indicação: febre persistente. Nódulo pulmonar sólido de 8 mm no lobo superior direito. Traçado sem alterações da repolarização ventricular. Não há sinais de perfuração.,atencao
1219,Ressonância magnética de coluna lombar. Indicação: febre persistente. Fígado de dimensões e ecotextura normais. Linfonodos mediastinais levemente aumentados. Conclusão: Achado que requer seguimento em consulta.,atencao
1220,Ultrassonografia de abdome total. Indicação: síncope. Corpos vertebrais com altura e alinhamento preservados. Ritmo sinusal com frequência cardíaca normal. Conclusão: Estudo sem achados relevantes.,normal
1221,Angiotomografia de artérias pulmonares. Indicação: síncope. Traçado sem alterações da repolarização ventricular. Opacidade em vidro fosco periférica de pequena extensão. Conclusão: Achado que requer seguimento em consulta.,atencao
1222,Tomografia computadorizada de crânio sem contraste. Indicação: cefaleia intensa. Ritmo sinusal com frequência cardíaca normal. Sistema ventricular de dimensões preservadas.,normal
1223,Radiografia de tórax em PA e perfil. Indicação: dor abdominal. Espessamento parietal da vesícula biliar sem sinais de complicação. Compressão medular aguda com sinais de mielopatia.,urgente
1224,"Angiotomografia de artérias pulmonares. Indicação: dor torácica. Não há supradesnivelamento do segmento ST. Ritmo sinusal com frequência cardíaca normal. Rins de forma, tamanho e contornos normais. Conclusão: Sem alterações significativas.",normal
1225,Ultrassonografia obstétrica. Indicação: dispneia progressiva. Dissecção de aorta torácica tipo A. Linfonodos mediastinais levemente aumentados.,urgente
1226,Ultrassonografia obstétrica. Indicação: dor torácica. Sistema ventricular de dimensões preservadas. Corpos vertebrais com altura e alinhamento preservados.,normal
1227,Ressonância magnética de coluna lombar. Indicação: febre persistente. Área cardíaca dentro dos limites da normalidade. Protrusão discal L4-L5 com compressão radicular leve. Conclusão: Achado que requer seguimento em consulta.,atencao
1228,Ultrassonografia de abdome total. Indicação: dor abdominal. Parênquima pulmonar com transparência preservada. Fígado de dimensões e ecotextura normais. Conclusão: Sem alterações significativas.,normal
1229,Tomografia computadorizada de tórax. Indicação: febre persistente. Aneurisma de aorta abdominal roto. Fígado de dimensões e ecotextura normais. Conclusão: Necessita avaliação médica imediata.,urgente
1230,"Tomografia computadorizada de tórax. Indicação: controle de rotina. Nódulo pulmonar sólido de 8 mm no lobo superior direito. Pneumotórax hipertensivo à direita com desvio do mediastino. Conclusão: Resultado crítico, acionar protocolo de emergência.",urgente
1231,Eletrocardiograma de repouso. Indicação: lombalgia crônica. Seios costofrênicos livres. Compressão medular aguda com sinais de mielopatia. Conclusão: Achado crítico: comunicado à equipe assistente.,urgente
1232,Angiotomografia de artérias pulmonares. Indicação: dispneia progressiva. Área cardíaca dentro dos limites da normalidade. Sistema ventricular de dimensões preservadas. Conclusão: Sem alterações significativas.,normal
1233,Eletrocardiograma de repouso. Indicação: síncope. Parênquima pulmonar com transparência preservada. Cisto ovariano complexo de 4 cm. Conclusão: Recomenda-se acompanhamento ambulatorial.,atencao
1234,Tomografia computadorizada de tórax. Indicação: dispneia progressiva. Corpos vertebrais com altura e alinhamento preservados. Não há supradesnivelamento do segmento ST. Estruturas avaliadas com aspecto habitual.,normal
1235,Ultrassonografia de abdome total. Indicação: controle de rotina. Nódulo pulmonar sólido de 8 mm no lobo superior direito. Fígado de dimensões e ecotextura normais. Ausência de sinais de hemorragia.,atencao
1236,"Ultrassonografia de abdome total. Indicação: febre persistente. Área cardíaca dentro dos limites da normalidade. Vesícula biliar de paredes finas, sem cálculos.",normal
1237,Ressonância magnética de coluna lombar. Indicação: dispneia progressiva. Seios costofrênicos livres. Sem evidência de pneumotórax. Sistema ventricular de dimensões preservadas. Conclusão: Estudo sem achados relevantes.,normal
1238,"Ultrassonografia de abdome total. Indicação: lombalgia crônica. Rins de forma, tamanho e contornos normais. Área cardíaca dentro dos limites da normalidade. Sem sinais de tromboembolismo. Conclusão: Exame dentro dos limites da normalidade.",normal
1239,Ultrassonografia de abdome total. Indicação: dor abdominal. Traçado sem alterações da repolarização ventricular. Aorta de calibre normal. Conclusão: Estudo sem achados relevantes.,normal
1240,Ultrassonografia obstétrica. Indicação: síncope. Aorta de calibre normal. Corpos vertebrais com altura e alinhamento preservados.,normal
1241,Ultrassonografia obstétrica. Indicação: lombalgia crônica. Linfonodos mediastinais levemente aumentados. Estruturas avaliadas com aspecto habitual.,atencao
1242,Ressonância magnética de coluna lombar. Indicação: cefaleia intensa. Fígado de dimensões e ecotextura normais. Aorta de calibre normal.,normal
1243,Tomografia computadorizada de tórax. Indicação: febre persistente. Ritmo sinusal com frequência cardíaca normal. Traçado sem alterações da repolarização ventricular. Sem sinais de tromboembolismo. Conclusão: Estudo sem achados relevantes.,normal
1244,"Angiotomografia de artérias pulmonares. Indicação: controle de rotina. Traçado sem alterações da repolarização ventricular. Vesícula biliar de paredes finas, sem cálculos.",normal
1245,"Ressonância magnética de coluna lombar. Indicação: síncope. Parênquima pulmonar com transparência preservada. Compressão medular aguda com sinais de mielopatia. Conclusão: Resultado crítico, acionar protocolo de emergência.",urgente
1246,Ultrassonografia de abdome total. Indicação: trauma após queda. Área cardíaca dentro dos limites da normalidade. Cisto ovariano complexo de 4 cm. Conclusão: Sugere-se correlação clínica e controle evolutivo.,atencao
1247,Ressonância magnética de coluna lombar. Indicação: cefaleia intensa. Parênquima pulmonar com transparência preservada. Seios costofrênicos livres.,normal
1248,Ultrassonografia obstétrica. Indicação: controle de rotina. Não há sinais de perfuração. Área cardíaca dentro dos limites da normalidade. Protrusão discal L4-L5 com compressão radicular leve.,atencao
1249,Tomografia computadorizada de tórax. Indicação: dispneia progressiva. Ritmo sinusal com frequência cardíaca normal. Bloqueio de ramo direito incompleto. Não há supradesnivelamento do segmento ST. Conclusão: Recomenda-se acompanhamento ambulatorial.,atencao
1250,"Radiografia de tórax em PA e perfil. Indicação: síncope. Vesícula biliar de paredes finas, sem cálculos. Não há sinais de perfuração. Estruturas avaliadas com aspecto habitual. Conclusão: Estudo sem achados relevantes.",urgente
1251,"Angiotomografia de artérias pulmonares. Indicação: dispneia progressiva. Rins de forma, tamanho e contornos normais. Nódulo pulmonar sólido de 8 mm no lobo superior direito.",atencao
1252,"Ultrassonografia obstétrica. Indicação: controle de rotina. Ritmo sinusal com frequência cardíaca normal. Vesícula biliar de paredes finas, sem cálculos.",normal
1253,Ressonância magnética de coluna lombar. Indicação: síncope. Corpos vertebrais com altura e alinhamento preservados. Área cardíaca dentro dos limites da normalidade. Conclusão: Sem alterações significativas.,normal
1254,Radiografia de tórax em PA e perfil. Indicação: lombalgia crônica. Fígado de dimensões e ecotextura normais. Parênquima pulmonar com transparência preservada. Conclusão: Exame dentro dos limites da normalidade.,normal
1255,Tomografia computadorizada de tórax. Indicação: cefaleia intensa. Corpos vertebrais com altura e alinhamento preservados. Ritmo sinusal com frequência cardíaca normal.,normal
1256,Angiotomografia de artérias pulmonares. Indicação: avaliação pré-operatória. Pequeno derrame pleural à esquerda. Traçado sem alterações da repolarização ventricular. Conclusão: Recomenda-se acompanhamento ambulatorial.,atencao
1257,Ultrassonografia obstétrica. Indicação: trauma após queda. Nódulo pulmonar sólido de 8 mm no lobo superior direito. Dissecção de aorta torácica tipo A.,urgente
1258,Tomografia computadorizada de crânio sem contraste. Indicação: lombalgia crônica. Parênquima pulmonar com transparência preservada. Traçado sem alterações da repolarização ventricular.,normal
1259,Eletrocardiograma de repouso. Indicação: dor abdominal. Área cardíaca dentro dos limites da normalidade. Corpos vertebrais com altura e alinhamento preservados.,normal
1260,Angiotomografia de artérias pulmonares. Indicação: febre persistente. Pequeno derrame pleural à esquerda. Ausência de sinais de hemorragia. Corpos vertebrais com altura e alinhamento preservados. Conclusão: Sugere-se correlação clínica e controle evolutivo.,atencao
1261,"Eletrocardiograma de repouso. Indicação: dor torácica. Ausência de sinais de hemorragia. Vesícula biliar de paredes finas, sem cálculos. Estruturas avaliadas com aspecto habitual. Conclusão: Estudo sem achados relevantes.",normal
1262,Radiografia de tórax em PA e perfil. Indicação: dor torácica. Sem sinais de tromboembolismo. Seios costofrênicos livres. Cálculo renal não obstrutivo de 6 mm à direita.,atencao
1263,Tomografia computadorizada de tórax. Indicação: lombalgia crônica. Linfonodos mediastinais levemente aumentados. Aneurisma de aorta abdominal roto.,urgente
1264,"Tomografia computadorizada de tórax. Indicação: trauma após queda. Pequeno derrame pleural à esquerda. Aneurisma de aorta abdominal roto. Conclusão: Resultado crítico, acionar protocolo de emergência.",urgente
1265,Radiografia de tórax em PA e perfil. Indicação: dor torácica. Ritmo sinusal com frequência cardíaca normal. Seios costofrênicos livres.,atencao
1266,Ressonância magnética de coluna lombar. Indicação: controle de rotina. Bloqueio de ramo direito incompleto. Ritmo sinusal com frequência cardíaca normal. Conclusão: Recomenda-se acompanhamento ambulatorial.,atencao
1267,"Eletrocardiograma de repouso. Indicação: febre persistente. Traçado sem alterações da repolarização ventricular. Rins de forma, tamanho e contornos normais. Conclusão: Estudo sem achados relevantes.",normal
1268,Eletrocardiograma de repouso. Indicação: febre persistente. Extrassístoles ventriculares frequentes. Estruturas avaliadas com aspecto habitual. Conclusão: Recomenda-se acompanhamento ambulatorial.,atencao
1269,"Ultrassonografia obstétrica. Indicação: dispneia progressiva. Rins de forma, tamanho e contornos normais. Estruturas avaliadas com aspecto habitual. Conclusão: Sem alterações significativas.",normal
1270,Ultrassonografia de abdome total. Indicação: cefaleia intensa. Parênquima pulmonar com transparência preservada. Sem desvio da linha média. Traçado sem alterações da repolarização ventricular. Conclusão: Exame dentro dos limites da normalidade.,normal
1271,Eletrocardiograma de repouso. Indicação: febre persistente. Pneumoperitônio compatível com perfuração de víscera oca. Opacidade em vidro fosco periférica de pequena extensão.,urgente
1272,Tomografia computadorizada de crânio sem contraste. Indicação: febre persistente. Ritmo sinusal com frequência cardíaca normal. Parênquima pulmonar com transparência preservada. Conclusão: Estudo sem achados relevantes.,normal
1273,Ultrassonografia obstétrica. Indicação: avaliação pré-operatória. Aorta de calibre normal. Sem desvio da linha média. Parênquima pulmonar com transparência preservada.,normal
1274,Ultrassonografia de abdome total. Indicação: febre persistente. Espessamento parietal da vesícula biliar sem sinais de complicação. Aneurisma de aorta abdominal roto. Conclusão: Achado crítico: comunicado à equipe assistente.,urgente
1275,Ultrassonografia de abdome total. Indicação: trauma após queda. Ausência de sinais de hemorragia. Sistema ventricular de dimensões preservadas. Aorta de calibre normal.,normal
1276,Tomografia computadorizada de tórax. Indicação: dor abdominal. Discreta cardiomegalia. Hematoma subdural agudo com efeito de massa. Conclusão: Achado crítico: comunicado à equipe assistente.,urgente
1277,Tomografia computadorizada de crânio sem contraste. Indicação: trauma após queda. Esteatose hepática moderada. Traçado sem alterações da repolarização ventricular. Não há supradesnivelamento do segmento ST. Conclusão: Sugere-se correlação clínica e controle evolutivo.,atencao
1278,Ultrassonografia de abdome total. Indicação: síncope. Fígado de dimensões e ecotextura normais. Opacidade em vidro fosco periférica de pequena extensão. Conclusão: Sugere-se correlação clínica e controle evolutivo.,atencao
1279,"Tomografia computadorizada de crânio sem contraste. Indicação: febre persistente. Não há supradesnivelamento do segmento ST. Aorta de calibre normal. Vesícula biliar de paredes finas, sem cálculos. Conclusão: Exame dentro dos limites da normalidade.",normal
1280,Ultrassonografia de abdome total. Indicação: dor torácica. Nódulo pulmonar sólido de 8 mm no lobo superior direito. Compressão medular aguda com sinais de mielopatia.,urgente
1281,Tomografia computadorizada de crânio sem contraste. Indicação: trauma após queda. Estruturas avaliadas com aspecto habitual. Traçado sem alterações da repolarização ventricular. Conclusão: Sem alterações significativas.,normal
1282,"Angiotomografia de artérias pulmonares. Indicação: dispneia progressiva. Rins de forma, tamanho e contornos normais. Linfonodos mediastinais levemente aumentados. Conclusão: Achado que requer seguimento em consulta.",atencao
1283,Ultrassonografia obstétrica. Indicação: avaliação pré-operatória. Esteatose hepática moderada. Corpos vertebrais com altura e alinhamento preservados. Conclusão: Sugere-se correlação clínica e controle evolutivo.,atencao
1284,Tomografia computadorizada de tórax. Indicação: febre persistente. Fígado de dimensões e ecotextura normais. Ausência de sinais de hemorragia. Área cardíaca dentro dos limites da normalidade. Conclusão: Sem alterações significativas.,normal
1285,Ultrassonografia de abdome total. Indicação: febre persistente. Esteatose hepática moderada. Traçado sem alterações da repolarização ventricular. Conclusão: Sugere-se correlação clínica e controle evolutivo.,atencao
1286,Ultrassonografia obstétrica. Indicação: avaliação pré-operatória. Bloqueio de ramo direito incompleto. Corpos vertebrais com altura e alinhamento preservados. Conclusão: Recomenda-se acompanhamento ambulatorial.,atencao
1287,Ultrassonografia de abdome total. Indicação: trauma após queda. Ritmo sinusal com frequência cardíaca normal. Aorta de calibre normal.,normal
1288,Angiotomografia de artérias pulmonares. Indicação: dor abdominal. Sem evidência de pneumotórax. Traçado sem alterações da repolarização ventricular. Fígado de dimensões e ecotextura normais. Conclusão: Sem alterações significativas.,normal
1289,Angiotomografia de artérias pulmonares. Indicação: dor torácica. Ritmo sinusal com frequência cardíaca normal. Discreta cardiomegalia. Conclusão: Achado que requer seguimento em consulta.,atencao
1290,Ultrassonografia obstétrica. Indicação: dor torácica. Ritmo sinusal com frequência cardíaca normal. Extrassístoles ventriculares frequentes. Conclusão: Achado que requer seguimento em consulta.,atencao
1291,"Tomografia computadorizada de tórax. Indicação: febre persistente. Não há sinais de perfuração. Rins de forma, tamanho e contornos normais. Ritmo sinusal com frequência cardíaca normal.",normal
1292,"Ultrassonografia obstétrica. Indicação: dor abdominal. Aorta de calibre normal. Rins de forma, tamanho e contornos normais. Conclusão: Exame dentro dos limites da normalidade.",normal
1293,Radiografia de tórax em PA e perfil. Indicação: dor torácica. Dissecção de aorta torácica tipo A. Pequeno derrame pleural à esquerda. Conclusão: Achado crítico: comunicado à equipe assistente.,urgente
1294,"Eletrocardiograma de repouso. Indicação: cefaleia intensa. Sistema ventricular de dimensões preservadas. Rins de forma, tamanho e contornos normais. Conclusão: Estudo sem achados relevantes.",normal
1295,"Eletrocardiograma de repouso. Indicação: cefaleia intensa. Área cardíaca dentro dos limites da normalidade. Vesícula biliar de paredes finas, sem cálculos. Conclusão: Exame dentro dos limites da normalidade.",normal
1296,"Angiotomografia de artérias pulmonares. Indicação: controle de rotina. Opacidade em vidro fosco periférica de pequena extensão. Vesícula biliar de paredes finas, sem cálculos. Conclusão: Recomenda-se acompanhamento ambulatorial.",atencao
1297,Tomografia computadorizada de tórax. Indicação: avaliação pré-operatória. Parênquima pulmonar com transparência preservada. Sem desvio da linha média. Estruturas avaliadas com aspecto habitual. Conclusão: Exame dentro dos limites da normalidade.,normal
1298,"Ressonância magnética de coluna lombar. Indicação: avaliação pré-operatória. Cisto ovariano complexo de 4 cm. Ausência de sinais de hemorragia. Rins de forma, tamanho e contornos normais.",atencao
1299,Ressonância magnética de coluna lombar. Indicação: cefaleia intensa. Esteatose hepática moderada. Área cardíaca dentro dos limites da normalidade.,atencao
1300,Ultrassonografia de abdome total. Indicação: dor abdominal. Aorta de calibre normal. Cálculo renal não obstrutivo de 6 mm à direita. Conclusão: Sugere-se correlação clínica e controle evolutivo.,urgente
1301,Tomografia computadorizada de tórax. Indicação: dor abdominal. Ritmo sinusal com frequência cardíaca normal. Cálculo renal não obstrutivo de 6 mm à direita. Conclusão: Recomenda-se acompanhamento ambulatorial.,atencao
1302,Ultrassonografia de abdome total. Indicação: dispneia progressiva. Fígado de dimensões e ecotextura normais. Corpos vertebrais com altura e alinhamento preservados. Conclusão: Estudo sem achados relevantes.,normal
1303,Ultrassonografia obstétrica. Indicação: cefaleia intensa. Opacidade em vidro fosco periférica de pequena extensão. Hemorragia intraparenquimatosa extensa com desvio da linha média.,urgente
1304,Radiografia de tórax em PA e perfil. Indicação: síncope. Nódulo pulmonar sólido de 8 mm no lobo superior direito. Fígado de dimensões e ecotextura normais. Conclusão: Recomenda-se acompanhamento ambulatorial.,atencao
1305,Eletrocardiograma de repouso. Indicação: febre persistente. Sistema ventricular de dimensões preservadas. Aorta de calibre normal. Conclusão: Sem alterações significativas.,normal
1306,"Ressonância magnética de coluna lombar. Indicação: dispneia progressiva. Não há sinais de perfuração. Ritmo sinusal com frequência cardíaca normal. Vesícula biliar de paredes finas, sem cálculos.",normal
1307,Ressonância magnética de coluna lombar. Indicação: lombalgia crônica. Estruturas avaliadas com aspecto habitual. Pequeno derrame pleural à esquerda. Conclusão: Recomenda-se acompanhamento ambulatorial.,atencao
1308,Tomografia computadorizada de tórax. Indicação: síncope. Parênquima pulmonar com transparência preservada. Pneumotórax hipertensivo à direita com desvio do mediastino.,urgente
1309,Ressonância magnética de coluna lombar. Indicação: síncope. Parênquima pulmonar com transparência preservada. Área cardíaca dentro dos limites da normalidade. Conclusão: Sem alterações significativas.,normal
1310,Tomografia computadorizada de crânio sem contraste. Indicação: síncope. Estruturas avaliadas com aspecto habitual. Parênquima pulmonar com transparência preservada.,normal
1311,Tomografia computadorizada de tórax. Indicação: cefaleia intensa. Parênquima pulmonar com transparência preservada. Não há supradesnivelamento do segmento ST. Aorta de calibre normal. Conclusão: Exame dentro dos limites da normalidade.,normal
1312,"Ultrassonografia de abdome total. Indicação: avaliação pré-operatória. Aorta de calibre normal. Descolamento prematuro de placenta com sinais de sofrimento fetal. Conclusão: Resultado crítico, acionar protocolo de emergência.",urgente
1313,"Radiografia de tórax em PA e perfil. Indicação: avaliação pré-operatória. Vesícula biliar de paredes finas, sem cálculos. Hemorragia intraparenquimatosa extensa com desvio da linha média. Conclusão: Achado crítico: comunicado à equipe assistente.",urgente
1314,Ultrassonografia de abdome total. Indicação: cefaleia intensa. Supradesnivelamento do segmento ST em parede anterior. Ritmo sinusal com frequência cardíaca normal.,urgente
1315,"Angiotomografia de artérias pulmonares. Indicação: síncope. Não há supradesnivelamento do segmento ST. Fígado de dimensões e ecotextura normais. Rins de forma, tamanho e contornos normais. Conclusão: Sem alterações significativas.",normal
1316,Radiografia de tórax em PA e perfil. Indicação: dispneia progressiva. Cálculo renal não obstrutivo de 6 mm à direita. Ausência de sinais de hemorragia. Área cardíaca dentro dos limites da normalidade.,atencao
1317,Angiotomografia de artérias pulmonares. Indicação: cefaleia intensa. Aorta de calibre normal. Linfonodos mediastinais levemente aumentados. Conclusão: Sugere-se correlação clínica e controle evolutivo.,atencao
1318,Tomografia computadorizada de crânio sem contraste. Indicação: síncope. Fígado de dimensões e ecotextura normais. Não há supradesnivelamento do segmento ST. Sistema ventricular de dimensões preservadas. Conclusão: Sem alterações significativas.,normal
1319,Ultrassonografia de abdome total. Indicação: trauma após queda. Cisto ovariano complexo de 4 cm. Não há sinais de perfuração. Área cardíaca dentro dos limites da normalidade.,atencao
1320,Angiotomografia de artérias pulmonares. Indicação: avaliação pré-operatória. Espessamento parietal da vesícula biliar sem sinais de complicação. Supradesnivelamento do segmento ST em parede anterior.,urgente
1321,Radiografia de tórax em PA e perfil. Indicação: controle de rotina. Seios costofrênicos livres. Protrusão discal L4-L5 com compressão radicular leve. Conclusão: Recomenda-se acompanhamento ambulatorial.,atencao
1322,"Tomografia computadorizada de tórax. Indicação: controle de rotina. Rins de forma, tamanho e contornos normais. Ausência de sinais de hemorragia. Área cardíaca dentro dos limites da normalidade. Conclusão: Sem alterações significativas.",normal
1323,Ultrassonografia obstétrica. Indicação: febre persistente. Esteatose hepática moderada. Fígado de dimensões e ecotextura normais. Conclusão: Sugere-se correlação clínica e controle evolutivo.,atencao
1324,Ultrassonografia obstétrica. Indicação: febre persistente. Não há supradesnivelamento do segmento ST. Área cardíaca dentro dos limites da normalidade. Seios costofrênicos livres.,normal
1325,Ressonância magnética de coluna lombar. Indicação: avaliação pré-operatória. Sem sinais de tromboembolismo. Cisto ovariano complexo de 4 cm. Fígado de dimensões e ecotextura normais. Conclusão: Recomenda-se acompanhamento ambulatorial.,atencao
1326,Tomografia computadorizada de tórax. Indicação: dor abdominal. Traçado sem alterações da repolarização ventricular. Fígado de dimensões e ecotextura normais. Conclusão: Estudo sem achados relevantes.,normal
1327,Eletrocardiograma de repouso. Indicação: dor abdominal. Sistema ventricular de dimensões preservadas. Aorta de calibre normal. Conclusão: Sem alterações significativas.,normal
1328,Ultrassonografia obstétrica. Indicação: dor abdominal. Ritmo sinusal com frequência cardíaca normal. Seios costofrênicos livres. Não há sinais de perfuração.,normal
1329,"Ultrassonografia obstétrica. Indicação: dispneia progressiva. Vesícula biliar de paredes finas, sem cálculos. Sistema ventricular de dimensões preservadas. Conclusão: Exame dentro dos limites da normalidade.",normal
1330,"Ultrassonografia de abdome total. Indicação: síncope. Ritmo sinusal com frequência cardíaca normal. Rins de forma, tamanho e contornos normais. Conclusão: Sem alterações significativas.",normal
1331,Ressonância magnética de coluna lombar. Indicação: lombalgia crônica. Parênquima pulmonar com transparência preservada. Seios costofrênicos livres. Conclusão: Sem alterações significativas.,normal
1332,Eletrocardiograma de repouso. Indicação: cefaleia intensa. Espessamento parietal da vesícula biliar sem sinais de complicação. Seios costofrênicos livres.,atencao
1333,"Radiografia de tórax em PA e perfil. Indicação: avaliação pré-operatória. Ritmo sinusal com frequência cardíaca normal. Hematoma subdural agudo com efeito de massa. Conclusão: Resultado crítico, acionar protocolo de emergência.",urgente
1334,Tomografia computadorizada de tórax. Indicação: dispneia progressiva. Corpos vertebrais com altura e alinhamento preservados. Protrusão discal L4-L5 com compressão radicular leve.,atencao
1335,Tomografia computadorizada de crânio sem contraste. Indicação: dispneia progressiva. Estruturas avaliadas com aspecto habitual. Aorta de calibre normal. Conclusão: Estudo sem achados relevantes.,normal
1336,Angiotomografia de artérias pulmonares. Indicação: febre persistente. Sem evidência de pneumotórax. Estruturas avaliadas com aspecto habitual. Aorta de calibre normal. Conclusão: Estudo sem achados relevantes.,normal
1337,Angiotomografia de artérias pulmonares. Indicação: cefaleia intensa. Corpos vertebrais com altura e alinhamento preservados. Sistema ventricular de dimensões preservadas. Conclusão: Sem alterações significativas.,normal
1338,"Ultrassonografia obstétrica. Indicação: dor abdominal. Descolamento prematuro de placenta com sinais de sofrimento fetal. Fígado de dimensões e ecotextura normais. Conclusão: Resultado crítico, acionar protocolo de emergência.",urgente
1339,Tomografia computadorizada de tórax. Indicação: síncope. Sistema ventricular de dimensões preservadas. Área cardíaca dentro dos limites da normalidade. Conclusão: Sem alterações significativas.,normal
1340,Ressonância magnética de coluna lombar. Indicação: controle de rotina. Aorta de calibre normal. Protrusão discal L4-L5 com compressão radicular leve. Conclusão: Achado que requer seguimento em consulta.,atencao
1341,Tomografia computadorizada de tórax. Indicação: dor abdominal. Cisto ovariano complexo de 4 cm. Estruturas avaliadas com aspecto habitual. Conclusão: Achado que requer seguimento em consulta.,atencao
1342,Radiografia de tórax em PA e perfil. Indicação: controle de rotina. Parênquima pulmonar com transparência preservada. Espessamento parietal da vesícula biliar sem sinais de complicação. Conclusão: Achado que requer seguimento em consulta.,atencao
1343,Ultrassonografia de abdome total. Indicação: cefaleia intensa. Sem desvio da linha média. Sistema ventricular de dimensões preservadas. Aorta de calibre normal. Conclusão: Estudo sem achados relevantes.,normal
1344,"Angiotomografia de artérias pulmonares. Indicação: febre persistente. Vesícula biliar de paredes finas, sem cálculos. Pneumotórax hipertensivo à direita com desvio do mediastino. Conclusão: Achado crítico: comunicado à equipe assistente.",urgente
1345,Eletrocardiograma de repouso. Indicação: trauma após queda. Estruturas avaliadas com aspecto habitual. Ritmo sinusal com frequência cardíaca normal. Conclusão: Estudo sem achados relevantes.,normal
1346,Radiografia de tórax em PA e perfil. Indicação: dor torácica. Aorta de calibre normal. Ritmo sinusal com frequência cardíaca normal. Conclusão: Sem alterações significativas.,normal
1347,Angiotomografia de artérias pulmonares. Indicação: dor torácica. Opacidade em vidro fosco periférica de pequena extensão. Fígado de dimensões e ecotextura normais. Conclusão: Recomenda-se acompanhamento ambulatorial.,atencao
1348,"Radiografia de tórax em PA e perfil. Indicação: trauma após queda. Discreta cardiomegalia. Rins de forma, tamanho e contornos normais.",atencao
1349,Ressonância magnética de coluna lombar. Indicação: lombalgia crônica. Sem sinais de tromboembolismo. Seios costofrênicos livres. Área cardíaca dentro dos limites da normalidade. Conclusão: Sem alterações significativas.,normal
1350,Tomografia computadorizada de tórax. Indicação: trauma após queda. Falha de enchimento em artéria pulmonar principal compatível com tromboembolismo. Protrusão discal L4-L5 com compressão radicular leve.,urgente
1351,Eletrocardiograma de repouso. Indicação: avaliação pré-operatória. Compressão medular aguda com sinais de mielopatia. Corpos vertebrais com altura e alinhamento preservados. Conclusão: Achado crítico: comunicado à equipe assistente.,urgente
1352,"Tomografia computadorizada de crânio sem contraste. Indicação: trauma após queda. Ritmo sinusal com frequência cardíaca normal. Rins de forma, tamanho e contornos normais.",normal
1353,Eletrocardiograma de repouso. Indicação: dor abdominal. Estruturas avaliadas com aspecto habitual. Espessamento parietal da vesícula biliar sem sinais de complicação. Conclusão: Sugere-se correlação clínica e controle evolutivo.,atencao
1354,Radiografia de tórax em PA e perfil. Indicação: dispneia progressiva. Estruturas avaliadas com aspecto habitual. Ritmo sinusal com frequência cardíaca normal. Conclusão: Estudo sem achados relevantes.,normal
1355,"Ressonância magnética de coluna lombar. Indicação: avaliação pré-operatória. Bloqueio de ramo direito incompleto. Rins de forma, tamanho e contornos normais. Conclusão: Achado que requer seguimento em consulta.",atencao
1356,Ultrassonografia de abdome total. Indicação: cefaleia intensa. Parênquima pulmonar com transparência preservada. Cisto ovariano complexo de 4 cm. Conclusão: Recomenda-se acompanhamento ambulatorial.,atencao
1357,Radiografia de tórax em PA e perfil. Indicação: dispneia progressiva. Seios costofrênicos livres. Corpos vertebrais com altura e alinhamento preservados. Conclusão: Sem alterações significativas.,normal
1358,Ultrassonografia de abdome total. Indicação: febre persistente. Sistema ventricular de dimensões preservadas. Aorta de calibre normal. Sem desvio da linha média. Conclusão: Exame dentro dos limites da normalidade.,normal
1359,Eletrocardiograma de repouso. Indicação: controle de rotina. Espessamento parietal da vesícula biliar sem sinais de complicação. Falha de enchimento em artéria pulmonar principal compatível com tromboembolismo.,urgente
1360,Radiografia de tórax em PA e perfil. Indicação: avaliação pré-operatória. Não há supradesnivelamento do segmento ST. Estruturas avaliadas com aspecto habitual. Esteatose hepática moderada.,atencao
1361,"Eletrocardiograma de repouso. Indicação: dispneia progressiva. Compressão medular aguda com sinais de mielopatia. Aorta de calibre normal. Conclusão: Resultado crítico, acionar protocolo de emergência.",urgente
1362,Tomografia computadorizada de crânio sem contraste. Indicação: febre persistente. Linfonodos mediastinais levemente aumentados. Sem desvio da linha média. Seios costofrênicos livres. Conclusão: Recomenda-se acompanhamento ambulatorial.,atencao
1363,Radiografia de tórax em PA e perfil. Indicação: cefaleia intensa. Aorta de calibre normal. Fígado de dimensões e ecotextura normais.,urgente
1364,Ultrassonografia de abdome total. Indicação: trauma após queda. Corpos vertebrais com altura e alinhamento preservados. Extrassístoles ventriculares frequentes.,atencao
1365,Angiotomografia de artérias pulmonares. Indicação: lombalgia crônica. Corpos vertebrais com altura e alinhamento preservados. Aorta de calibre normal. Conclusão: Exame dentro dos limites da normalidade.,normal
1366,"Ultrassonografia obstétrica. Indicação: avaliação pré-operatória. Área cardíaca dentro dos limites da normalidade. Vesícula biliar de paredes finas, sem cálculos. Não há sinais de perfuração. Conclusão: Estudo sem achados relevantes.",normal
1367,Tomografia computadorizada de tórax. Indicação: síncope. Bloqueio de ramo direito incompleto. Sistema ventricular de dimensões preservadas.,atencao
1368,Ultrassonografia obstétrica. Indicação: lombalgia crônica. Protrusão discal L4-L5 com compressão radicular leve. Apendicite aguda com sinais de perfuração e abscesso. Conclusão: Achado crítico: comunicado à equipe assistente.,urgente
1369,"Ressonância magnética de coluna lombar. Indicação: avaliação pré-operatória. Vesícula biliar de paredes finas, sem cálculos. Corpos vertebrais com altura e alinhamento preservados.",normal
1370,"Tomografia computadorizada de tórax. Indicação: síncope. Vesícula biliar de paredes finas, sem cálculos. Sistema ventricular de dimensões preservadas.",normal
1371,Ultrassonografia de abdome total. Indicação: febre persistente. Seios costofrênicos livres. Parênquima pulmonar com transparência preservada. Conclusão: Estudo sem achados relevantes.,atencao
1372,Ultrassonografia de abdome total. Indicação: dor abdominal. Corpos vertebrais com altura e alinhamento preservados. Parênquima pulmonar com transparência preservada. Não há sinais de perfuração. Conclusão: Sem alterações significativas.,normal
1373,Ressonância magnética de coluna lombar. Indicação: febre persistente. Não há supradesnivelamento do segmento ST. Aorta de calibre normal. Parênquima pulmonar com transparência preservada.,normal
1374,Ultrassonografia de abdome total. Indicação: dor torácica. Parênquima pulmonar com transparência preservada. Opacidade em vidro fosco periférica de pequena extensão. Conclusão: Sugere-se correlação clínica e controle evolutivo.,atencao
1375,"Angiotomografia de artérias pulmonares. Indicação: dispneia progressiva. Vesícula biliar de paredes finas, sem cálculos. Discreta cardiomegalia. Conclusão: Recomenda-se acompanhamento ambulatorial.",atencao
1376,Ultrassonografia de abdome total. Indicação: controle de rotina. Sem desvio da linha média. Parênquima pulmonar com transparência preservada. Traçado sem alterações da repolarização ventricular.,normal
1377,Radiografia de tórax em PA e perfil. Indicação: síncope. Sistema ventricular de dimensões preservadas. Cálculo renal não obstrutivo de 6 mm à direita. Conclusão: Achado que requer seguimento em consulta.,atencao
1378,Ultrassonografia obstétrica. Indicação: síncope. Traçado sem alterações da repolarização ventricular. Descolamento prematuro de placenta com sinais de sofrimento fetal. Conclusão: Necessita avaliação médica imediata.,urgente
1379,"Ultrassonografia obstétrica. Indicação: febre persistente. Vesícula biliar de paredes finas, sem cálculos. Parênquima pulmonar com transparência preservada. Sem sinais de tromboembolismo.",normal
1380,Radiografia de tórax em PA e perfil. Indicação: febre persistente. Pneumotórax hipertensivo à direita com desvio do mediastino. Corpos vertebrais com altura e alinhamento preservados. Conclusão: Achado crítico: comunicado à equipe assistente.,urgente
1381,Tomografia computadorizada de crânio sem contraste. Indicação: avaliação pré-operatória. Bloqueio de ramo direito incompleto. Aorta de calibre normal. Conclusão: Sugere-se correlação clínica e controle evolutivo.,atencao
1382,"Ultrassonografia obstétrica. Indicação: trauma após queda. Pequeno derrame pleural à esquerda. Hemorragia intraparenquimatosa extensa com desvio da linha média. Conclusão: Resultado crítico, acionar protocolo de emergência.",urgente
1383,Ultrassonografia obstétrica. Indicação: cefaleia intensa. Pneumoperitônio compatível com perfuração de víscera oca. Corpos vertebrais com altura e alinhamento preservados.,urgente
1384,Radiografia de tórax em PA e perfil. Indicação: dispneia progressiva. Cisto ovariano complexo de 4 cm. Parênquima pulmonar com transparência preservada. Conclusão: Sugere-se correlação clínica e controle evolutivo.,atencao
1385,"Tomografia computadorizada de tórax. Indicação: dor torácica. Rins de forma, tamanho e contornos normais. Fígado de dimensões e ecotextura normais. Ausência de sinais de hemorragia.",normal
1386,Ultrassonografia obstétrica. Indicação: avaliação pré-operatória. Estruturas avaliadas com aspecto habitual. Ritmo sinusal com frequência cardíaca normal. Não há supradesnivelamento do segmento ST.,normal
1387,Tomografia computadorizada de tórax. Indicação: trauma após queda. Protrusão discal L4-L5 com compressão radicular leve. Traçado sem alterações da repolarização ventricular. Conclusão: Sugere-se correlação clínica e controle evolutivo.,atencao
1388,Tomografia computadorizada de crânio sem contraste. Indicação: cefaleia intensa. Aorta de calibre normal. Área cardíaca dentro dos limites da normalidade. Sem sinais de tromboembolismo. Conclusão: Sem alterações significativas.,normal
1389,"Angiotomografia de artérias pulmonares. Indicação: dor torácica. Extrassístoles ventriculares frequentes. Vesícula biliar de paredes finas, sem cálculos. Conclusão: Recomenda-se acompanhamento ambulatorial.",atencao
1390,"Radiografia de tórax em PA e perfil. Indicação: dispneia progressiva. Vesícula biliar de paredes finas, sem cálculos. Seios costofrênicos livres. Conclusão: Sem alterações significativas.",normal
1391,"Ressonância magnética de coluna lombar. Indicação: avaliação pré-operatória. Vesícula biliar de paredes finas, sem cálculos. Bloqueio de ramo direito incompleto. Conclusão: Recomenda-se acompanhamento ambulatorial.",atencao
1392,Tomografia computadorizada de tórax. Indicação: trauma após queda. Espessamento parietal da vesícula biliar sem sinais de complicação. Traçado sem alterações da repolarização ventricular. Conclusão: Sugere-se correlação clínica e controle evolutivo.,atencao
1393,Tomografia computadorizada de tórax. Indicação: síncope. Pequeno derrame pleural à esquerda. Fibrilação ventricular. Conclusão: Achado crítico: comunicado à equipe assistente.,urgente
1394,Angiotomografia de artérias pulmonares. Indicação: dor torácica. Estruturas avaliadas com aspecto habitual. Protrusão discal L4-L5 com compressão radicular leve. Conclusão: Achado que requer seguimento em consulta.,atencao
1395,Radiografia de tórax em PA e perfil. Indicação: dispneia progressiva. Área cardíaca dentro dos limites da normalidade. Sistema ventricular de dimensões preservadas.,normal
1396,"Ultrassonografia obstétrica. Indicação: avaliação pré-operatória. Discreta cardiomegalia. Pneumotórax hipertensivo à direita com desvio do mediastino. Conclusão: Resultado crítico, acionar protocolo de emergência.",urgente
1397,Tomografia computadorizada de crânio sem contraste. Indicação: controle de rotina. Área cardíaca dentro dos limites da normalidade. Traçado sem alterações da repolarização ventricular.,normal
1398,Tomografia computadorizada de crânio sem contraste. Indicação: síncope. Área cardíaca dentro dos limites da normalidade. Ritmo sinusal com frequência cardíaca normal.,normal
1399,Ultrassonografia de abdome total. Indicação: dispneia progressiva. Estruturas avaliadas com aspecto habitual. Bloqueio de ramo direito incompleto.,atencao
1400,Radiografia de tórax em PA e perfil. Indicação: trauma após queda. Linfonodos mediastinais levemente aumentados. Aorta de calibre normal. Conclusão: Recomenda-se acompanhamento ambulatorial.,atencao
1401,"Tomografia computadorizada de tórax. Indicação: avaliação pré-operatória. Linfonodos mediastinais levemente aumentados. Hematoma subdural agudo com efeito de massa. Conclusão: Resultado crítico, acionar protocolo de emergência.",urgente
1402,Tomografia computadorizada de crânio sem contraste. Indicação: febre persistente. Seios costofrênicos livres. Pneumotórax hipertensivo à direita com desvio do mediastino.,urgente
1403,Radiografia de tórax em PA e perfil. Indicação: dor abdominal. Fígado de dimensões e ecotextura normais. Não há supradesnivelamento do segmento ST. Seios costofrênicos livres.,normal
1404,"Eletrocardiograma de repouso. Indicação: avaliação pré-operatória. Corpos vertebrais com altura e alinhamento preservados. Vesícula biliar de paredes finas, sem cálculos. Não há supradesnivelamento do segmento ST. Conclusão: Exame dentro dos limites da normalidade.",normal
1405,"Ressonância magnética de coluna lombar. Indicação: lombalgia crônica. Opacidade em vidro fosco periférica de pequena extensão. Rins de forma, tamanho e contornos normais. Conclusão: Sugere-se correlação clínica e controle evolutivo.",atencao
1406,Ultrassonografia de abdome total. Indicação: dor abdominal. Sistema ventricular de dimensões preservadas. Ritmo sinusal com frequência cardíaca normal.,normal
1407,Ressonância magnética de coluna lombar. Indicação: lombalgia crônica. Sem sinais de tromboembolismo. Traçado sem alterações da repolarização ventricular. Seios costofrênicos livres.,normal
1408,Tomografia computadorizada de tórax. Indicação: dispneia progressiva. Ritmo sinusal com frequência cardíaca normal. Traçado sem alterações da repolarização ventricular. Conclusão: Sem alterações significativas.,normal
1409,Tomografia computadorizada de tórax. Indicação: cefaleia intensa. Fígado de dimensões e ecotextura normais. Aorta de calibre normal. Conclusão: Estudo sem achados relevantes.,normal
1410,Tomografia computadorizada de tórax. Indicação: avaliação pré-operatória. Apendicite aguda com sinais de perfuração e abscesso. Discreta cardiomegalia.,urgente
1411,Ultrassonografia obstétrica. Indicação: lombalgia crônica. Ausência de sinais de hemorragia. Sistema ventricular de dimensões preservadas. Área cardíaca dentro dos limites da normalidade.,normal
1412,"Angiotomografia de artérias pulmonares. Indicação: dor torácica. Pneumoperitônio compatível com perfuração de víscera oca. Ritmo sinusal com frequência cardíaca normal. Conclusão: Resultado crítico, acionar protocolo de emergência.",urgente
1413,"Eletrocardiograma de repouso. Indicação: lombalgia crônica. Rins de forma, tamanho e contornos normais. Ausência de sinais de hemorragia. Seios costofrênicos livres. Conclusão: Sem alterações significativas.",normal
1414,Ressonância magnética de coluna lombar. Indicação: cefaleia intensa. Pneumotórax hipertensivo à direita com desvio do mediastino. Área cardíaca dentro dos limites da normalidade.,urgente
1415,Radiografia de tórax em PA e perfil. Indicação: cefaleia intensa. Fibrilação ventricular. Pequeno derrame pleural à esquerda. Conclusão: Achado crítico: comunicado à equipe assistente.,urgente
1416,Angiotomografia de artérias pulmonares. Indicação: trauma após queda. Traçado sem alterações da repolarização ventricular. Estruturas avaliadas com aspecto habitual. Conclusão: Estudo sem achados relevantes.,normal
1417,Eletrocardiograma de repouso. Indicação: febre persistente. Ritmo sinusal com frequência cardíaca normal. Aorta de calibre normal. Sem sinais de tromboembolismo.,normal
1418,"Ultrassonografia de abdome total. Indicação: controle de rotina. Vesícula biliar de paredes finas, sem cálculos. Nódulo pulmonar sólido de 8 mm no lobo superior direito. Conclusão: Sugere-se correlação clínica e controle evolutivo.",atencao
1419,"Radiografia de tórax em PA e perfil. Indicação: controle de rotina. Pequeno derrame pleural à esquerda. Rins de forma, tamanho e contornos normais.",atencao
1420,Ultrassonografia de abdome total. Indicação: febre persistente. Aorta de calibre normal. Sem evidência de pneumotórax. Ritmo sinusal com frequência cardíaca normal. Conclusão: Exame dentro dos limites da normalidade.,normal
1421,"Eletrocardiograma de repouso. Indicação: febre persistente. Cisto ovariano complexo de 4 cm. Rins de forma, tamanho e contornos normais. Conclusão: Recomenda-se acompanhamento ambulatorial.",atencao
1422,Angiotomografia de artérias pulmonares. Indicação: avaliação pré-operatória. Corpos vertebrais com altura e alinhamento preservados. Área cardíaca dentro dos limites da normalidade.,normal
1423,Radiografia de tórax em PA e perfil. Indicação: lombalgia crônica. Cálculo renal não obstrutivo de 6 mm à direita. Ritmo sinusal com frequência cardíaca normal. Conclusão: Achado que requer seguimento em consulta.,atencao
1424,"Radiografia de tórax em PA e perfil. Indicação: avaliação pré-operatória. Rins de forma, tamanho e contornos normais. Vesícula biliar de paredes finas, sem cálculos. Sem desvio da linha média. Conclusão: Estudo sem achados relevantes.",normal
1425,Angiotomografia de artérias pulmonares. Indicação: controle de rotina. Seios costofrênicos livres. Não há sinais de perfuração. Ritmo sinusal com frequência cardíaca normal. Conclusão: Sem alterações significativas.,normal
1426,Angiotomografia de artérias pulmonares. Indicação: síncope. Nódulo pulmonar sólido de 8 mm no lobo superior direito. Hematoma subdural agudo com efeito de massa. Conclusão: Achado crítico: comunicado à equipe assistente.,urgente
1427,Radiografia de tórax em PA e perfil. Indicação: febre persistente. Sistema ventricular de dimensões preservadas. Cisto ovariano complexo de 4 cm. Conclusão: Achado que requer seguimento em consulta.,atencao
1428,Angiotomografia de artérias pulmonares. Indicação: cefaleia intensa. Bloqueio de ramo direito incompleto. Fígado de dimensões e ecotextura normais. Conclusão: Sugere-se correlação clínica e controle evolutivo.,atencao
1429,Tomografia computadorizada de tórax. Indicação: trauma após queda. Traçado sem alterações da repolarização ventricular. Cisto ovariano complexo de 4 cm.,atencao
1430,Ressonância magnética de coluna lombar. Indicação: dor torácica. Parênquima pulmonar com transparência preservada. Discreta cardiomegalia. Conclusão: Achado que requer seguimento em consulta.,atencao
1431,"Eletrocardiograma de repouso. Indicação: cefaleia intensa. Não há sinais de perfuração. Fígado de dimensões e ecotextura normais. Vesícula biliar de paredes finas, sem cálculos. Conclusão: Exame dentro dos limites da normalidade.",normal
1432,"Eletrocardiograma de repouso. Indicação: controle de rotina. Parênquima pulmonar com transparência preservada. Vesícula biliar de paredes finas, sem cálculos. Ausência de sinais de hemorragia. Conclusão: Estudo sem achados relevantes.",normal
1433,Ultrassonografia obstétrica. Indicação: febre persistente. Ritmo sinusal com frequência cardíaca normal. Esteatose hepática moderada. Sem evidência de pneumotórax. Conclusão: Recomenda-se acompanhamento ambulatorial.,atencao
1434,Tomografia computadorizada de tórax. Indicação: lombalgia crônica. Fibrilação ventricular. Corpos vertebrais com altura e alinhamento preservados.,urgente
1435,Tomografia computadorizada de tórax. Indicação: trauma após queda. Estruturas avaliadas com aspecto habitual. Sistema ventricular de dimensões preservadas. Conclusão: Exame dentro dos limites da normalidade.,normal
1436,Radiografia de tórax em PA e perfil. Indicação: febre persistente. Hemorragia intraparenquimatosa extensa com desvio da linha média. Área cardíaca dentro dos limites da normalidade. Conclusão: Achado crítico: comunicado à equipe assistente.,urgente
1437,Ressonância magnética de coluna lombar. Indicação: síncope. Corpos vertebrais com altura e alinhamento preservados. Fígado de dimensões e ecotextura normais. Sem evidência de pneumotórax.,normal
1438,Radiografia de tórax em PA e perfil. Indicação: cefaleia intensa. Bloqueio de ramo direito incompleto. Área cardíaca dentro dos limites da normalidade. Sem desvio da linha média. Conclusão: Sugere-se correlação clínica e controle evolutivo.,atencao
1439,Angiotomografia de artérias pulmonares. Indicação: lombalgia crônica. Corpos vertebrais com altura e alinhamento preservados. Traçado sem alterações da repolarização ventricular.,normal
1440,"Angiotomografia de artérias pulmonares. Indicação: dispneia progressiva. Seios costofrênicos livres. Sem desvio da linha média. Vesícula biliar de paredes finas, sem cálculos. Conclusão: Estudo sem achados relevantes.",normal
1441,Eletrocardiograma de repouso. Indicação: cefaleia intensa. Apendicite aguda com sinais de perfuração e abscesso. Bloqueio de ramo direito incompleto. Conclusão: Necessita avaliação médica imediata.,urgente
1442,Radiografia de tórax em PA e perfil. Indicação: trauma após queda. Bloqueio de ramo direito incompleto. Traçado sem alterações da repolarização ventricular.,atencao
1443,Tomografia computadorizada de tórax. Indicação: dispneia progressiva. Seios costofrênicos livres. Sem evidência de pneumotórax. Ritmo sinusal com frequência cardíaca normal. Conclusão: Sem alterações significativas.,normal
1444,Ressonância magnética de coluna lombar. Indicação: trauma após queda. Área cardíaca dentro dos limites da normalidade. Ausência de sinais de hemorragia. Corpos vertebrais com altura e alinhamento preservados.,normal
1445,Eletrocardiograma de repouso. Indicação: dor abdominal. Descolamento prematuro de placenta com sinais de sofrimento fetal. Sistema ventricular de dimensões preservadas.,urgente
1446,Tomografia computadorizada de crânio sem contraste. Indicação: síncope. Fígado de dimensões e ecotextura normais. Sistema ventricular de dimensões preservadas. Conclusão: Sem alterações significativas.,normal
1447,Ressonância magnética de coluna lombar. Indicação: trauma após queda. Opacidade em vidro fosco periférica de pequena extensão. Supradesnivelamento do segmento ST em parede anterior.,urgente
1448,"Eletrocardiograma de repouso. Indicação: dor torácica. Sem sinais de tromboembolismo. Estruturas avaliadas com aspecto habitual. Vesícula biliar de paredes finas, sem cálculos. Conclusão: Sem alterações significativas.",normal
1449,"Ultrassonografia obstétrica. Indicação: dor abdominal. Sistema ventricular de dimensões preservadas. Rins de forma, tamanho e contornos normais. Ausência de sinais de hemorragia.",normal
1450,Angiotomografia de artérias pulmonares. Indicação: lombalgia crônica. Traçado sem alterações da repolarização ventricular. Nódulo pulmonar sólido de 8 mm no lobo superior direito.,atencao
1451,Angiotomografia de artérias pulmonares. Indicação: dor abdominal. Aneurisma de aorta abdominal roto. Extrassístoles ventriculares frequentes. Conclusão: Achado crítico: comunicado à equipe assistente.,urgente
1452,Angiotomografia de artérias pulmonares. Indicação: dispneia progressiva. Discreta cardiomegalia. Hemorragia intraparenquimatosa extensa com desvio da linha média. Conclusão: Achado crítico: comunicado à equipe assistente.,urgente
1453,Ultrassonografia de abdome total. Indicação: febre persistente. Área cardíaca dentro dos limites da normalidade. Seios costofrênicos livres.,normal
1454,Tomografia computadorizada de crânio sem contraste. Indicação: controle de rotina. Aneurisma de aorta abdominal roto. Fígado de dimensões e ecotextura normais.,urgente
1455,Tomografia computadorizada de tórax. Indicação: avaliação pré-operatória. Hematoma subdural agudo com efeito de massa. Parênquima pulmonar com transparência preservada.,urgente
1456,"Ressonância magnética de coluna lombar. Indicação: avaliação pré-operatória. Cálculo renal não obstrutivo de 6 mm à direita. Rins de forma, tamanho e contornos normais. Conclusão: Sugere-se correlação clínica e controle evolutivo.",atencao
1457,Eletrocardiograma de repouso. Indicação: síncope. Ritmo sinusal com frequência cardíaca normal. Aorta de calibre normal. Conclusão: Sem alterações significativas.,normal
1458,Eletrocardiograma de repouso. Indicação: avaliação pré-operatória. Aorta de calibre normal. Sem sinais de tromboembolismo. Seios costofrênicos livres. Conclusão: Exame dentro dos limites da normalidade.,normal
1459,Ultrassonografia de abdome total. Indicação: trauma após queda. Espessamento parietal da vesícula biliar sem sinais de complicação. Área cardíaca dentro dos limites da normalidade. Conclusão: Sugere-se correlação clínica e controle evolutivo.,atencao
1460,Ressonância magnética de coluna lombar. Indicação: dispneia progressiva. Ritmo sinusal com frequência cardíaca normal. Pequeno derrame pleural à esquerda. Sem desvio da linha média.,atencao
1461,Radiografia de tórax em PA e perfil. Indicação: febre persistente. Sem desvio da linha média. Aorta de calibre normal. Seios costofrênicos livres.,normal
1462,Ultrassonografia de abdome total. Indicação: avaliação pré-operatória. Corpos vertebrais com altura e alinhamento preservados. Seios costofrênicos livres. Conclusão: Exame dentro dos limites da normalidade.,normal
1463,"Tomografia computadorizada de tórax. Indicação: dor abdominal. Rins de forma, tamanho e contornos normais. Sem desvio da linha média. Área cardíaca dentro dos limites da normalidade. Conclusão: Estudo sem achados relevantes.",urgente
1464,Ultrassonografia obstétrica. Indicação: cefaleia intensa. Hemorragia intraparenquimatosa extensa com desvio da linha média. Estruturas avaliadas com aspecto habitual. Conclusão: Achado crítico: comunicado à equipe assistente.,urgente
1465,"Ressonância magnética de coluna lombar. Indicação: dor abdominal. Linfonodos mediastinais levemente aumentados. Sem evidência de pneumotórax. Rins de forma, tamanho e contornos normais. Conclusão: Achado que requer seguimento em consulta.",atencao
1466,Radiografia de tórax em PA e perfil. Indicação: síncope. Nódulo pulmonar sólido de 8 mm no lobo superior direito. Ritmo sinusal com frequência cardíaca normal.,atencao
1467,"Eletrocardiograma de repouso. Indicação: síncope. Rins de forma, tamanho e contornos normais. Fígado de dimensões e ecotextura normais.",normal
1468,"Tomografia computadorizada de crânio sem contraste. Indicação: avaliação pré-operatória. Fígado de dimensões e ecotextura normais. Rins de forma, tamanho e contornos normais. Não há supradesnivelamento do segmento ST. Conclusão: Exame dentro dos limites da normalidade.",normal
1469,Radiografia de tórax em PA e perfil. Indicação: febre persistente. Protrusão discal L4-L5 com compressão radicular leve. Sem desvio da linha média. Traçado sem alterações da repolarização ventricular.,atencao
1470,Angiotomografia de artérias pulmonares. Indicação: febre persistente. Fígado de dimensões e ecotextura normais. Discreta cardiomegalia. Conclusão: Recomenda-se acompanhamento ambulatorial.,atencao
1471,"Radiografia de tórax em PA e perfil. Indicação: cefaleia intensa. Rins de forma, tamanho e contornos normais. Nódulo pulmonar sólido de 8 mm no lobo superior direito. Conclusão: Sugere-se correlação clínica e controle evolutivo.",atencao
1472,Tomografia computadorizada de crânio sem contraste. Indicação: dispneia progressiva. Sistema ventricular de dimensões preservadas. Aorta de calibre normal. Conclusão: Exame dentro dos limites da normalidade.,normal
1473,Eletrocardiograma de repouso. Indicação: trauma após queda. Sem evidência de pneumotórax. Corpos vertebrais com altura e alinhamento preservados. Traçado sem alterações da repolarização ventricular. Conclusão: Exame dentro dos limites da normalidade.,normal
1474,Eletrocardiograma de repouso. Indicação: febre persistente. Área cardíaca dentro dos limites da normalidade. Corpos vertebrais com altura e alinhamento preservados. Sem desvio da linha média. Conclusão: Sem alterações significativas.,normal
1475,Angiotomografia de artérias pulmonares. Indicação: dor abdominal. Supradesnivelamento do segmento ST em parede anterior. Estruturas avaliadas com aspecto habitual. Conclusão: Necessita avaliação médica imediata.,urgente
1476,Ressonância magnética de coluna lombar. Indicação: controle de rotina. Estruturas avaliadas com aspecto habitual. Sem sinais de tromboembolismo. Área cardíaca dentro dos limites da normalidade.,normal
1477,Angiotomografia de artérias pulmonares. Indicação: dor torácica. Nódulo pulmonar sólido de 8 mm no lobo superior direito. Traçado sem alterações da repolarização ventricular.,atencao
1478,"Radiografia de tórax em PA e perfil. Indicação: cefaleia intensa. Corpos vertebrais com altura e alinhamento preservados. Sem evidência de pneumotórax. Vesícula biliar de paredes finas, sem cálculos. Conclusão: Estudo sem achados relevantes.",normal
1479,Ultrassonografia de abdome total. Indicação: febre persistente. Aorta de calibre normal. Estruturas avaliadas com aspecto habitual. Não há supradesnivelamento do segmento ST. Conclusão: Sem alterações significativas.,normal
1480,"Ressonância magnética de coluna lombar. Indicação: dor torácica. Rins de forma, tamanho e contornos normais. Seios costofrênicos livres. Conclusão: Sem alterações significativas.",normal
1481,"Ultrassonografia de abdome total. Indicação: dor abdominal. Ritmo sinusal com frequência cardíaca normal. Rins de forma, tamanho e contornos normais. Não há sinais de perfuração.",normal
1482,Eletrocardiograma de repouso. Indicação: febre persistente. Estruturas avaliadas com aspecto habitual. Fígado de dimensões e ecotextura normais. Conclusão: Sem alterações significativas.,normal
1483,"Radiografia de tórax em PA e perfil. Indicação: febre persistente. Pneumoperitônio compatível com perfuração de víscera oca. Parênquima pulmonar com transparência preservada. Conclusão: Resultado crítico, acionar protocolo de emergência.",urgente
1484,Eletrocardiograma de repouso. Indicação: síncope. Sem sinais de tromboembolismo. Estruturas avaliadas com aspecto habitual. Traçado sem alterações da repolarização ventricular.,normal
1485,Angiotomografia de artérias pulmonares. Indicação: lombalgia crônica. Sistema ventricular de dimensões preservadas. Não há supradesnivelamento do segmento ST. Extrassístoles ventriculares frequentes. Conclusão: Recomenda-se acompanhamento ambulatorial.,atencao
1486,Ultrassonografia de abdome total. Indicação: avaliação pré-operatória. Nódulo pulmonar sólido de 8 mm no lobo superior direito. Parênquima pulmonar com transparência preservada. Não há supradesnivelamento do segmento ST. Conclusão: Sugere-se correlação clínica e controle evolutivo.,atencao
1487,Angiotomografia de artérias pulmonares. Indicação: controle de rotina. Bloqueio de ramo direito incompleto. Ritmo sinusal com frequência cardíaca normal. Conclusão: Sugere-se correlação clínica e controle evolutivo.,atencao
1488,Tomografia computadorizada de crânio sem contraste. Indicação: cefaleia intensa. Parênquima pulmonar com transparência preservada. Esteatose hepática moderada.,atencao
1489,"Eletrocardiograma de repouso. Indicação: controle de rotina. Corpos vertebrais com altura e alinhamento preservados. Dissecção de aorta torácica tipo A. Conclusão: Resultado crítico, acionar protocolo de emergência.",urgente
1490,"Tomografia computadorizada de crânio sem contraste. Indicação: avaliação pré-operatória. Ausência de sinais de hemorragia. Traçado sem alterações da repolarização ventricular. Rins de forma, tamanho e contornos normais. Conclusão: Sem alterações significativas.",normal
1491,"Eletrocardiograma de repouso. Indicação: dor torácica. Parênquima pulmonar com transparência preservada. Rins de forma, tamanho e contornos normais. Conclusão: Exame dentro dos limites da normalidade.",normal
1492,Ultrassonografia de abdome total. Indicação: avaliação pré-operatória. Dissecção de aorta torácica tipo A. Nódulo pulmonar sólido de 8 mm no lobo superior direito.,urgente
1493,Angiotomografia de artérias pulmonares. Indicação: trauma após queda. Compressão medular aguda com sinais de mielopatia. Ritmo sinusal com frequência cardíaca normal.,urgente
1494,Tomografia computadorizada de crânio sem contraste. Indicação: trauma após queda. Descolamento prematuro de placenta com sinais de sofrimento fetal. Opacidade em vidro fosco periférica de pequena extensão. Conclusão: Necessita avaliação médica imediata.,urgente
1495,Radiografia de tórax em PA e perfil. Indicação: dor torácica. Não há sinais de perfuração. Ritmo sinusal com frequência cardíaca normal. Espessamento parietal da vesícula biliar sem sinais de complicação. Conclusão: Sugere-se correlação clínica e controle evolutivo.,atencao
1496,Radiografia de tórax em PA e perfil. Indicação: dor abdominal. Parênquima pulmonar com transparência preservada. Corpos vertebrais com altura e alinhamento preservados. Ausência de sinais de hemorragia. Conclusão: Sem alterações significativas.,normal
1497,"Ressonância magnética de coluna lombar. Indicação: cefaleia intensa. Rins de forma, tamanho e contornos normais. Estruturas avaliadas com aspecto habitual. Conclusão: Estudo sem achados relevantes.",normal
1498,Eletrocardiograma de repouso. Indicação: dor torácica. Estruturas avaliadas com aspecto habitual. Pneumoperitônio compatível com perfuração de víscera oca. Conclusão: Necessita avaliação médica imediata.,urgente
1499,Eletrocardiograma de repouso. Indicação: dor abdominal. Seios costofrênicos livres. Parênquima pulmonar com transparência preservada. Conclusão: Sem alterações significativas.,normal
1500,Angiotomografia de artérias pulmonares. Indicação: dor torácica. Fígado de dimensões e ecotextura normais. Não há supradesnivelamento do segmento ST. Estruturas avaliadas com aspecto habitual.,normal
1501,Tomografia computadorizada de crânio sem contraste. Indicação: dor abdominal. Pequeno derrame pleural à esquerda. Parênquima pulmonar com transparência preservada. Conclusão: Recomenda-se acompanhamento ambulatorial.,atencao
1502,Ultrassonografia de abdome total. Indicação: síncope. Ritmo sinusal com frequência cardíaca normal. Pequeno derrame pleural à esquerda. Não há sinais de perfuração.,atencao
1503,Eletrocardiograma de repouso. Indicação: lombalgia crônica. Sem desvio da linha média. Fígado de dimensões e ecotextura normais. Linfonodos mediastinais levemente aumentados.,atencao
1504,Ressonância magnética de coluna lombar. Indicação: dispneia progressiva. Estruturas avaliadas com aspecto habitual. Extrassístoles ventriculares frequentes. Ausência de sinais de hemorragia. Conclusão: Sugere-se correlação clínica e controle evolutivo.,atencao
1505,Ressonância magnética de coluna lombar. Indicação: febre persistente. Parênquima pulmonar com transparência preservada. Opacidade em vidro fosco periférica de pequena extensão. Sem sinais de tromboembolismo. Conclusão: Recomenda-se acompanhamento ambulatorial.,atencao
1506,Tomografia computadorizada de crânio sem contraste. Indicação: dor torácica. Ritmo sinusal com frequência cardíaca normal. Corpos vertebrais com altura e alinhamento preservados. Conclusão: Estudo sem achados relevantes.,normal
1507,"Angiotomografia de artérias pulmonares. Indicação: dor torácica. Vesícula biliar de paredes finas, sem cálculos. Linfonodos mediastinais levemente aumentados. Conclusão: Recomenda-se acompanhamento ambulatorial.",atencao
1508,Ultrassonografia de abdome total. Indicação: síncope. Linfonodos mediastinais levemente aumentados. Sem sinais de tromboembolismo. Seios costofrênicos livres. Conclusão: Achado que requer seguimento em consulta.,atencao
1509,"Eletrocardiograma de repouso. Indicação: dispneia progressiva. Pneumotórax hipertensivo à direita com desvio do mediastino. Rins de forma, tamanho e contornos normais. Conclusão: Resultado crítico, acionar protocolo de emergência.",urgente
1510,"Tomografia computadorizada de crânio sem contraste. Indicação: febre persistente. Ritmo sinusal com frequência cardíaca normal. Rins de forma, tamanho e contornos normais. Conclusão: Estudo sem achados relevantes.",normal
1511,Ultrassonografia de abdome total. Indicação: controle de rotina. Ritmo sinusal com frequência cardíaca normal. Falha de enchimento em artéria pulmonar principal compatível com tromboembolismo.,urgente
1512,Tomografia computadorizada de tórax. Indicação: trauma após queda. Parênquima pulmonar com transparência preservada. Fígado de dimensões e ecotextura normais.,normal
1513,Radiografia de tórax em PA e perfil. Indicação: febre persistente. Sistema ventricular de dimensões preservadas. Sem evidência de pneumotórax. Parênquima pulmonar com transparência preservada.,normal
1514,Angiotomografia de artérias pulmonares. Indicação: febre persistente. Espessamento parietal da vesícula biliar sem sinais de complicação. Hematoma subdural agudo com efeito de massa.,urgente
1515,Angiotomografia de artérias pulmonares. Indicação: dor abdominal. Traçado sem alterações da repolarização ventricular. Discreta cardiomegalia. Conclusão: Sugere-se correlação clínica e controle evolutivo.,atencao
1516,Eletrocardiograma de repouso. Indicação: dor torácica. Bloqueio de ramo direito incompleto. Corpos vertebrais com altura e alinhamento preservados. Ausência de sinais de hemorragia. Conclusão: Recomenda-se acompanhamento ambulatorial.,atencao
1517,Eletrocardiograma de repouso. Indicação: controle de rotina. Ausência de sinais de hemorragia. Fígado de dimensões e ecotextura normais. Aorta de calibre normal. Conclusão: Sem alterações significativas.,normal
1518,Ultrassonografia de abdome total. Indicação: avaliação pré-operatória. Pneumoperitônio compatível com perfuração de víscera oca. Aorta de calibre normal.,urgente
1519,Ultrassonografia obstétrica. Indicação: trauma após queda. Corpos vertebrais com altura e alinhamento preservados. Área cardíaca dentro dos limites da normalidade. Sem evidência de pneumotórax. Conclusão: Estudo sem achados relevantes.,normal
1520,Tomografia computadorizada de tórax. Indicação: cefaleia intensa. Sistema ventricular de dimensões preservadas. Fígado de dimensões e ecotextura normais. Conclusão: Estudo sem achados relevantes.,normal
1521,Eletrocardiograma de repouso. Indicação: febre persistente. Parênquima pulmonar com transparência preservada. Estruturas avaliadas com aspecto habitual. Conclusão: Sem alterações significativas.,normal
1522,"Ultrassonografia de abdome total. Indicação: lombalgia crônica. Aorta de calibre normal. Rins de forma, tamanho e contornos normais. Conclusão: Estudo sem achados relevantes.",atencao
1523,Ressonância magnética de coluna lombar. Indicação: lombalgia crônica. Cisto ovariano complexo de 4 cm. Dissecção de aorta torácica tipo A. Conclusão: Achado crítico: comunicado à equipe assistente.,urgente
1524,Eletrocardiograma de repouso. Indicação: febre persistente. Fígado de dimensões e ecotextura normais. Aorta de calibre normal. Conclusão: Estudo sem achados relevantes.,normal
1525,Ressonância magnética de coluna lombar. Indicação: cefaleia intensa. Corpos vertebrais com altura e alinhamento preservados. Seios costofrênicos livres. Conclusão: Sem alterações significativas.,normal
1526,Ultrassonografia de abdome total. Indicação: lombalgia crônica. Corpos vertebrais com altura e alinhamento preservados. Sem sinais de tromboembolismo. Protrusão discal L4-L5 com compressão radicular leve. Conclusão: Recomenda-se acompanhamento ambulatorial.,atencao
1527,Radiografia de tórax em PA e perfil. Indicação: trauma após queda. Seios costofrênicos livres. Corpos vertebrais com altura e alinhamento preservados. Conclusão: Estudo sem achados relevantes.,normal
1528,Tomografia computadorizada de tórax. Indicação: trauma após queda. Ausência de sinais de hemorragia. Ritmo sinusal com frequência cardíaca normal. Aorta de calibre normal. Conclusão: Estudo sem achados relevantes.,normal
1529,Eletrocardiograma de repouso. Indicação: síncope. Pneumotórax hipertensivo à direita com desvio do mediastino. Discreta cardiomegalia.,urgente
1530,"Tomografia computadorizada de crânio sem contraste. Indicação: dispneia progressiva. Vesícula biliar de paredes finas, sem cálculos. Cisto ovariano complexo de 4 cm. Conclusão: Achado que requer seguimento em consulta.",atencao
1531,Tomografia computadorizada de tórax. Indicação: dor torácica. Espessamento parietal da vesícula biliar sem sinais de complicação. Ritmo sinusal com frequência cardíaca normal. Conclusão: Achado que requer seguimento em consulta.,atencao
1532,Eletrocardiograma de repouso. Indicação: dor torácica. Seios costofrênicos livres. Sistema ventricular de dimensões preservadas. Conclusão: Exame dentro dos limites da normalidade.,atencao
1533,Radiografia de tórax em PA e perfil. Indicação: dispneia progressiva. Área cardíaca dentro dos limites da normalidade. Ritmo sinusal com frequência cardíaca normal.,normal
1534,Ultrassonografia de abdome total. Indicação: trauma após queda. Ritmo sinusal com frequência cardíaca normal. Área cardíaca dentro dos limites da normalidade. Ausência de sinais de hemorragia. Conclusão: Exame dentro dos limites da normalidade.,normal
1535,Ultrassonografia de abdome total. Indicação: dor abdominal. Linfonodos mediastinais levemente aumentados. Apendicite aguda com sinais de perfuração e abscesso. Conclusão: Achado crítico: comunicado à equipe assistente.,urgente
1536,Radiografia de tórax em PA e perfil. Indicação: controle de rotina. Protrusão discal L4-L5 com compressão radicular leve. Estruturas avaliadas com aspecto habitual. Conclusão: Recomenda-se acompanhamento ambulatorial.,atencao
1537,Tomografia computadorizada de tórax. Indicação: febre persistente. Pequeno derrame pleural à esquerda. Sem evidência de pneumotórax. Seios costofrênicos livres.,atencao
1538,Ultrassonografia de abdome total. Indicação: avaliação pré-operatória. Seios costofrênicos livres. Área cardíaca dentro dos limites da normalidade. Conclusão: Sem alterações significativas.,normal
1539,Radiografia de tórax em PA e perfil. Indicação: trauma após queda. Sem sinais de tromboembolismo. Seios costofrênicos livres. Fígado de dimensões e ecotextura normais.,normal
1540,Tomografia computadorizada de tórax. Indicação: dor torácica. Aorta de calibre normal. Discreta cardiomegalia. Conclusão: Sugere-se correlação clínica e controle evolutivo.,atencao
1541,Tomografia computadorizada de tórax. Indicação: dor torácica. Área cardíaca dentro dos limites da normalidade. Opacidade em vidro fosco periférica de pequena extensão.,atencao
1542,"Radiografia de tórax em PA e perfil. Indicação: lombalgia crônica. Vesícula biliar de paredes finas, sem cálculos. Cisto ovariano complexo de 4 cm. Conclusão: Recomenda-se acompanhamento ambulatorial.",atencao
1543,Tomografia computadorizada de crânio sem contraste. Indicação: dispneia progressiva. Sistema ventricular de dimensões preservadas. Fígado de dimensões e ecotextura normais. Conclusão: Sem alterações significativas.,normal
1544,Ultrassonografia de abdome total. Indicação: controle de rotina. Ritmo sinusal com frequência cardíaca normal. Traçado sem alterações da repolarização ventricular. Sem evidência de pneumotórax. Conclusão: Estudo sem achados relevantes.,normal
1545,Tomografia computadorizada de crânio sem contraste. Indicação: dor abdominal. Espessamento parietal da vesícula biliar sem sinais de complicação. Área cardíaca dentro dos limites da normalidade. Conclusão: Recomenda-se acompanhamento ambulatorial.,atencao
1546,Radiografia de tórax em PA e perfil. Indicação: dor torácica. Sistema ventricular de dimensões preservadas. Parênquima pulmonar com transparência preservada. Não há supradesnivelamento do segmento ST. Conclusão: Exame dentro dos limites da normalidade.,normal
1547,"Tomografia computadorizada de crânio sem contraste. Indicação: avaliação pré-operatória. Traçado sem alterações da repolarização ventricular. Vesícula biliar de paredes finas, sem cálculos. Não há supradesnivelamento do segmento ST.",normal
1548,"Ressonância magnética de coluna lombar. Indicação: febre persistente. Hematoma subdural agudo com efeito de massa. Vesícula biliar de paredes finas, sem cálculos.",urgente
1549,"Tomografia computadorizada de crânio sem contraste. Indicação: lombalgia crônica. Hematoma subdural agudo com efeito de massa. Rins de forma, tamanho e contornos normais. Conclusão: Resultado crítico, acionar protocolo de emergência.",urgente
1550,Tomografia computadorizada de crânio sem contraste. Indicação: controle de rotina. Fígado de dimensões e ecotextura normais. Esteatose hepática moderada. Conclusão: Sugere-se correlação clínica e controle evolutivo.,atencao
1551,Angiotomografia de artérias pulmonares. Indicação: avaliação pré-operatória. Estruturas avaliadas com aspecto habitual. Compressão medular aguda com sinais de mielopatia. Conclusão: Necessita avaliação médica imediata.,urgente
1552,Angiotomografia de artérias pulmonares. Indicação: dor abdominal. Dissecção de aorta torácica tipo A. Pequeno derrame pleural à esquerda. Conclusão: Necessita avaliação médica imediata.,urgente
1553,Tomografia computadorizada de crânio sem contraste. Indicação: trauma após queda. Esteatose hepática moderada. Pneumoperitônio compatível com perfuração de víscera oca.,urgente
1554,Radiografia de tórax em PA e perfil. Indicação: dor abdominal. Fígado de dimensões e ecotextura normais. Área cardíaca dentro dos limites da normalidade.,normal
1555,Radiografia de tórax em PA e perfil. Indicação: avaliação pré-operatória. Nódulo pulmonar sólido de 8 mm no lobo superior direito. Seios costofrênicos livres. Sem desvio da linha média. Conclusão: Recomenda-se acompanhamento ambulatorial.,atencao
1556,Tomografia computadorizada de tórax. Indicação: controle de rotina. Estruturas avaliadas com aspecto habitual. Pneumoperitônio compatível com perfuração de víscera oca.,urgente
1557,"Eletrocardiograma de repouso. Indicação: lombalgia crônica. Vesícula biliar de paredes finas, sem cálculos. Fibrilação ventricular. Conclusão: Resultado crítico, acionar protocolo de emergência.",urgente
1558,Tomografia computadorizada de tórax. Indicação: lombalgia crônica. Espessamento parietal da vesícula biliar sem sinais de complicação. Falha de enchimento em artéria pulmonar principal compatível com tromboembolismo. Conclusão: Achado crítico: comunicado à equipe assistente.,urgente
1559,Tomografia computadorizada de crânio sem contraste. Indicação: febre persistente. Discreta cardiomegalia. Supradesnivelamento do segmento ST em parede anterior. Conclusão: Necessita avaliação médica imediata.,urgente
1560,Eletrocardiograma de repouso. Indicação: controle de rotina. Bloqueio de ramo direito incompleto. Pneumoperitônio compatível com perfuração de víscera oca. Conclusão: Necessita avaliação médica imediata.,urgente
1561,Tomografia computadorizada de tórax. Indicação: dor abdominal. Extrassístoles ventriculares frequentes. Aorta de calibre normal. Conclusão: Sugere-se correlação clínica e controle evolutivo.,atencao
1562,Eletrocardiograma de repouso. Indicação: cefaleia intensa. Espessamento parietal da vesícula biliar sem sinais de complicação. Estruturas avaliadas com aspecto habitual.,atencao
1563,Tomografia computadorizada de tórax. Indicação: dor abdominal. Fígado de dimensões e ecotextura normais. Sistema ventricular de dimensões preservadas. Conclusão: Exame dentro dos limites da normalidade.,normal
1564,"Ressonância magnética de coluna lombar. Indicação: dor abdominal. Traçado sem alterações da repolarização ventricular. Vesícula biliar de paredes finas, sem cálculos. Sem evidência de pneumotórax. Conclusão: Sem alterações significativas.",normal
1565,"Angiotomografia de artérias pulmonares. Indicação: dispneia progressiva. Vesícula biliar de paredes finas, sem cálculos. Fígado de dimensões e ecotextura normais.",normal
1566,"Ressonância magnética de coluna lombar. Indicação: trauma após queda. Vesícula biliar de paredes finas, sem cálculos. Aorta de calibre normal. Conclusão: Exame dentro dos limites da normalidade.",normal
1567,Radiografia de tórax em PA e perfil. Indicação: dor abdominal. Fígado de dimensões e ecotextura normais. Nódulo pulmonar sólido de 8 mm no lobo superior direito.,atencao
1568,Ultrassonografia de abdome total. Indicação: trauma após queda. Ritmo sinusal com frequência cardíaca normal. Sem sinais de tromboembolismo. Sistema ventricular de dimensões preservadas.,normal
1569,Ultrassonografia de abdome total. Indicação: controle de rotina. Pequeno derrame pleural à esquerda. Sem sinais de tromboembolismo. Parênquima pulmonar com transparência preservada.,atencao
1570,Radiografia de tórax em PA e perfil. Indicação: síncope. Ritmo sinusal com frequência cardíaca normal. Discreta cardiomegalia. Conclusão: Recomenda-se acompanhamento ambulatorial.,atencao
1571,Ressonância magnética de coluna lombar. Indicação: trauma após queda. Seios costofrênicos livres. Nódulo pulmonar sólido de 8 mm no lobo superior direito.,atencao
1572,Ultrassonografia obstétrica. Indicação: dor abdominal. Sem sinais de tromboembolismo. Seios costofrênicos livres. Parênquima pulmonar com transparência preservada. Conclusão: Exame dentro dos limites da normalidade.,normal
1573,"Radiografia de tórax em PA e perfil. Indicação: dor torácica. Sistema ventricular de dimensões preservadas. Apendicite aguda com sinais de perfuração e abscesso. Conclusão: Resultado crítico, acionar protocolo de emergência.",urgente
1574,Radiografia de tórax em PA e perfil. Indicação: trauma após queda. Extrassístoles ventriculares frequentes. Seios costofrênicos livres. Conclusão: Sugere-se correlação clínica e controle evolutivo.,atencao
1575,"Tomografia computadorizada de crânio sem contraste. Indicação: febre persistente. Nódulo pulmonar sólido de 8 mm no lobo superior direito. Rins de forma, tamanho e contornos normais. Conclusão: Sugere-se correlação clínica e controle evolutivo.",atencao
1576,"Radiografia de tórax em PA e perfil. Indicação: cefaleia intensa. Fígado de dimensões e ecotextura normais. Rins de forma, tamanho e contornos normais. Ausência de sinais de hemorragia. Conclusão: Sem alterações significativas.",normal
1577,Angiotomografia de artérias pulmonares. Indicação: lombalgia crônica. Sistema ventricular de dimensões preservadas. Espessamento parietal da vesícula biliar sem sinais de complicação.,atencao
1578,"Tomografia computadorizada de tórax. Indicação: controle de rotina. Rins de forma, tamanho e contornos normais. Discreta cardiomegalia. Conclusão: Sugere-se correlação clínica e controle evolutivo.",atencao
1579,"Ressonância magnética de coluna lombar. Indicação: febre persistente. Parênquima pulmonar com transparência preservada. Pneumoperitônio compatível com perfuração de víscera oca. Conclusão: Resultado crítico, acionar protocolo de emergência.",urgente
1580,Angiotomografia de artérias pulmonares. Indicação: dor torácica. Não há sinais de perfuração. Traçado sem alterações da repolarização ventricular. Sistema ventricular de dimensões preservadas.,normal
1581,Radiografia de tórax em PA e perfil. Indicação: lombalgia crônica. Sem evidência de pneumotórax. Extrassístoles ventriculares frequentes. Parênquima pulmonar com transparência preservada.,atencao
1582,Radiografia de tórax em PA e perfil. Indicação: lombalgia crônica. Sistema ventricular de dimensões preservadas. Discreta cardiomegalia.,atencao
1583,Angiotomografia de artérias pulmonares. Indicação: controle de rotina. Corpos vertebrais com altura e alinhamento preservados. Não há supradesnivelamento do segmento ST. Traçado sem alterações da repolarização ventricular.,normal
1584,Eletrocardiograma de repouso. Indicação: dor abdominal. Estruturas avaliadas com aspecto habitual. Sistema ventricular de dimensões preservadas. Conclusão: Exame dentro dos limites da normalidade.,normal
1585,"Ultrassonografia obstétrica. Indicação: febre persistente. Falha de enchimento em artéria pulmonar principal compatível com tromboembolismo. Rins de forma, tamanho e contornos normais. Conclusão: Achado crítico: comunicado à equipe assistente.",urgente
1586,"Eletrocardiograma de repouso. Indicação: lombalgia crônica. Vesícula biliar de paredes finas, sem cálculos. Nódulo pulmonar sólido de 8 mm no lobo superior direito. Conclusão: Recomenda-se acompanhamento ambulatorial.",atencao
1587,Tomografia computadorizada de tórax. Indicação: febre persistente. Ritmo sinusal com frequência cardíaca normal. Estruturas avaliadas com aspecto habitual. Não há sinais de perfuração. Conclusão: Estudo sem achados relevantes.,normal
1588,"Radiografia de tórax em PA e perfil. Indicação: síncope. Vesícula biliar de paredes finas, sem cálculos. Estruturas avaliadas com aspecto habitual. Sem sinais de tromboembolismo.",normal
1589,Tomografia computadorizada de tórax. Indicação: dor torácica. Corpos vertebrais com altura e alinhamento preservados. Extrassístoles ventriculares frequentes. Conclusão: Achado que requer seguimento em consulta.,atencao
1590,"Angiotomografia de artérias pulmonares. Indicação: síncope. Rins de forma, tamanho e contornos normais. Seios costofrênicos livres.",normal
1591,Ultrassonografia obstétrica. Indicação: cefaleia intensa. Opacidade em vidro fosco periférica de pequena extensão. Fígado de dimensões e ecotextura normais. Não há sinais de perfuração. Conclusão: Achado que requer seguimento em consulta.,atencao
1592,Ressonância magnética de coluna lombar. Indicação: síncope. Sem sinais de tromboembolismo. Pequeno derrame pleural à esquerda. Fígado de dimensões e ecotextura normais.,atencao
1593,Tomografia computadorizada de crânio sem contraste. Indicação: controle de rotina. Ritmo sinusal com frequência cardíaca normal. Fígado de dimensões e ecotextura normais. Conclusão: Estudo sem achados relevantes.,normal
1594,"Radiografia de tórax em PA e perfil. Indicação: febre persistente. Rins de forma, tamanho e contornos normais. Estruturas avaliadas com aspecto habitual. Conclusão: Estudo sem achados relevantes.",normal
1595,Angiotomografia de artérias pulmonares. Indicação: dor torácica. Sem evidência de pneumotórax. Linfonodos mediastinais levemente aumentados. Corpos vertebrais com altura e alinhamento preservados. Conclusão: Recomenda-se acompanhamento ambulatorial.,atencao
1596,Ressonância magnética de coluna lombar. Indicação: trauma após queda. Traçado sem alterações da repolarização ventricular. Fibrilação ventricular.,urgente
1597,Radiografia de tórax em PA e perfil. Indicação: dor abdominal. Seios costofrênicos livres. Traçado sem alterações da repolarização ventricular. Sem evidência de pneumotórax. Conclusão: Estudo sem achados relevantes.,normal
1598,"Tomografia computadorizada de tórax. Indicação: febre persistente. Sistema ventricular de dimensões preservadas. Rins de forma, tamanho e contornos normais. Conclusão: Sem alterações significativas.",normal
1599,Angiotomografia de artérias pulmonares. Indicação: síncope. Sistema ventricular de dimensões preservadas. Bloqueio de ramo direito incompleto.,atencao
1600,Ultrassonografia obstétrica. Indicação: febre persistente. Traçado sem alterações da repolarização ventricular. Pequeno derrame pleural à esquerda.,atencao
1601,Ressonância magnética de coluna lombar. Indicação: síncope. Sistema ventricular de dimensões preservadas. Sem evidência de pneumotórax. Parênquima pulmonar com transparência preservada. Conclusão: Exame dentro dos limites da normalidade.,normal
1602,Eletrocardiograma de repouso. Indicação: lombalgia crônica. Linfonodos mediastinais levemente aumentados. Hemorragia intraparenquimatosa extensa com desvio da linha média.,urgente
1603,Ultrassonografia de abdome total. Indicação: dor torácica. Nódulo pulmonar sólido de 8 mm no lobo superior direito. Traçado sem alterações da repolarização ventricular. Conclusão: Sugere-se correlação clínica e controle evolutivo.,atencao
1604,Radiografia de tórax em PA e perfil. Indicação: cefaleia intensa. Opacidade em vidro fosco periférica de pequena extensão. Falha de enchimento em artéria pulmonar principal compatível com tromboembolismo. Conclusão: Achado crítico: comunicado à equipe assistente.,urgente
1605,Ressonância magnética de coluna lombar. Indicação: dor torácica. Parênquima pulmonar com transparência preservada. Nódulo pulmonar sólido de 8 mm no lobo superior direito. Conclusão: Sugere-se correlação clínica e controle evolutivo.,atencao
1606,Tomografia computadorizada de crânio sem contraste. Indicação: dor abdominal. Corpos vertebrais com altura e alinhamento preservados. Apendicite aguda com sinais de perfuração e abscesso.,urgente
1607,Ultrassonografia obstétrica. Indicação: febre persistente. Não há sinais de perfuração. Área cardíaca dentro dos limites da normalidade. Linfonodos mediastinais levemente aumentados. Conclusão: Sugere-se correlação clínica e controle evolutivo.,atencao
1608,Eletrocardiograma de repouso. Indicação: febre persistente. Área cardíaca dentro dos limites da normalidade. Estruturas avaliadas com aspecto habitual.,normal
1609,"Angiotomografia de artérias pulmonares. Indicação: controle de rotina. Sem sinais de tromboembolismo. Área cardíaca dentro dos limites da normalidade. Rins de forma, tamanho e contornos normais.",normal
1610,"Angiotomografia de artérias pulmonares. Indicação: dor torácica. Rins de forma, tamanho e contornos normais. Área cardíaca dentro dos limites da normalidade.",normal
1611,Angiotomografia de artérias pulmonares. Indicação: lombalgia crônica. Pequeno derrame pleural à esquerda. Falha de enchimento em artéria pulmonar principal compatível com tromboembolismo. Conclusão: Achado crítico: comunicado à equipe assistente.,urgente
1612,Tomografia computadorizada de tórax. Indicação: dor abdominal. Extrassístoles ventriculares frequentes. Supradesnivelamento do segmento ST em parede anterior. Conclusão: Necessita avaliação médica imediata.,urgente
1613,Tomografia computadorizada de crânio sem contraste. Indicação: avaliação pré-operatória. Ritmo sinusal com frequência cardíaca normal. Estruturas avaliadas com aspecto habitual. Conclusão: Exame dentro dos limites da normalidade.,normal
1614,Radiografia de tórax em PA e perfil. Indicação: febre persistente. Ritmo sinusal com frequência cardíaca normal. Pequeno derrame pleural à esquerda.,atencao
1615,Ressonância magnética de coluna lombar. Indicação: controle de rotina. Corpos vertebrais com altura e alinhamento preservados. Aorta de calibre normal. Conclusão: Exame dentro dos limites da normalidade.,normal
1616,Tomografia computadorizada de crânio sem contraste. Indicação: lombalgia crônica. Fígado de dimensões e ecotextura normais. Cálculo renal não obstrutivo de 6 mm à direita. Ausência de sinais de hemorragia.,atencao
1617,"Tomografia computadorizada de tórax. Indicação: febre persistente. Fígado de dimensões e ecotextura normais. Ausência de sinais de hemorragia. Vesícula biliar de paredes finas, sem cálculos. Conclusão: Exame dentro dos limites da normalidade.",normal
1618,Ultrassonografia de abdome total. Indicação: dispneia progressiva. Ausência de sinais de hemorragia. Seios costofrênicos livres. Parênquima pulmonar com transparência preservada.,normal
1619,Tomografia computadorizada de tórax. Indicação: controle de rotina. Estruturas avaliadas com aspecto habitual. Pequeno derrame pleural à esquerda.,atencao
1620,Tomografia computadorizada de tórax. Indicação: cefaleia intensa. Sem desvio da linha média. Ritmo sinusal com frequência cardíaca normal. Traçado sem alterações da repolarização ventricular.,normal
1621,Ultrassonografia obstétrica. Indicação: trauma após queda. Discreta cardiomegalia. Fibrilação ventricular.,urgente
1622,Tomografia computadorizada de tórax. Indicação: lombalgia crônica. Não há sinais de perfuração. Sistema ventricular de dimensões preservadas. Traçado sem alterações da repolarização ventricular.,urgente
1623,Angiotomografia de artérias pulmonares. Indicação: cefaleia intensa. Corpos vertebrais com altura e alinhamento preservados. Aorta de calibre normal.,normal
1624,Angiotomografia de artérias pulmonares. Indicação: lombalgia crônica. Estruturas avaliadas com aspecto habitual. Esteatose hepática moderada. Conclusão: Recomenda-se acompanhamento ambulatorial.,atencao
1625,Tomografia computadorizada de tórax. Indicação: controle de rotina. Traçado sem alterações da repolarização ventricular. Discreta cardiomegalia. Conclusão: Sugere-se correlação clínica e controle evolutivo.,atencao
1626,"Ressonância magnética de coluna lombar. Indicação: dor torácica. Vesícula biliar de paredes finas, sem cálculos. Sistema ventricular de dimensões preservadas. Conclusão: Sem alterações significativas.",normal
1627,Tomografia computadorizada de crânio sem contraste. Indicação: lombalgia crônica. Sem sinais de tromboembolismo. Área cardíaca dentro dos limites da normalidade. Linfonodos mediastinais levemente aumentados. Conclusão: Sugere-se correlação clínica e controle evolutivo.,atencao
1628,"Radiografia de tórax em PA e perfil. Indicação: lombalgia crônica. Rins de forma, tamanho e contornos normais. Vesícula biliar de paredes finas, sem cálculos. Conclusão: Estudo sem achados relevantes.",normal
1629,Eletrocardiograma de repouso. Indicação: lombalgia crônica. Ausência de sinais de hemorragia. Nódulo pulmonar sólido de 8 mm no lobo superior direito. Área cardíaca dentro dos limites da normalidade.,atencao
1630,"Ultrassonografia de abdome total. Indicação: lombalgia crônica. Seios costofrênicos livres. Rins de forma, tamanho e contornos normais. Conclusão: Sem alterações significativas.",normal
1631,Eletrocardiograma de repouso. Indicação: síncope. Aorta de calibre normal. Protrusão discal L4-L5 com compressão radicular leve. Conclusão: Sugere-se correlação clínica e controle evolutivo.,atencao
1632,Ultrassonografia obstétrica. Indicação: dor torácica. Traçado sem alterações da repolarização ventricular. Não há sinais de perfuração. Aorta de calibre normal.,normal
1633,"Angiotomografia de artérias pulmonares. Indicação: avaliação pré-operatória. Vesícula biliar de paredes finas, sem cálculos. Discreta cardiomegalia. Conclusão: Achado que requer seguimento em consulta.",atencao
1634,"Angiotomografia de artérias pulmonares. Indicação: cefaleia intensa. Hematoma subdural agudo com efeito de massa. Aorta de calibre normal. Conclusão: Resultado crítico, acionar protocolo de emergência.",urgente
1635,"Tomografia computadorizada de tórax. Indicação: síncope. Seios costofrênicos livres. Rins de forma, tamanho e contornos normais.",normal
1636,Ultrassonografia de abdome total. Indicação: avaliação pré-operatória. Extrassístoles ventriculares frequentes. Estruturas avaliadas com aspecto habitual. Conclusão: Recomenda-se acompanhamento ambulatorial.,atencao
1637,Tomografia computadorizada de tórax. Indicação: trauma após queda. Aneurisma de aorta abdominal roto. Nódulo pulmonar sólido de 8 mm no lobo superior direito.,urgente
1638,"Ressonância magnética de coluna lombar. Indicação: febre persistente. Compressão medular aguda com sinais de mielopatia. Extrassístoles ventriculares frequentes. Conclusão: Resultado crítico, acionar protocolo de emergência.",urgente
1639,Tomografia computadorizada de crânio sem contraste. Indicação: controle de rotina. Supradesnivelamento do segmento ST em parede anterior. Opacidade em vidro fosco periférica de pequena extensão.,urgente
1640,Tomografia computadorizada de tórax. Indicação: lombalgia crônica. Corpos vertebrais com altura e alinhamento preservados. Bloqueio de ramo direito incompleto. Conclusão: Achado que requer seguimento em consulta.,atencao
1641,"Ultrassonografia de abdome total. Indicação: controle de rotina. Linfonodos mediastinais levemente aumentados. Vesícula biliar de paredes finas, sem cálculos.",atencao
1642,"Ultrassonografia de abdome total. Indicação: trauma após queda. Opacidade em vidro fosco periférica de pequena extensão. Rins de forma, tamanho e contornos normais. Conclusão: Sugere-se correlação clínica e controle evolutivo.",atencao
1643,"Ressonância magnética de coluna lombar. Indicação: controle de rotina. Vesícula biliar de paredes finas, sem cálculos. Sistema ventricular de dimensões preservadas. Conclusão: Sem alterações significativas.",normal
1644,"Tomografia computadorizada de tórax. Indicação: febre persistente. Falha de enchimento em artéria pulmonar principal compatível com tromboembolismo. Aorta de calibre normal. Conclusão: Resultado crítico, acionar protocolo de emergência.",urgente
1645,"Ultrassonografia de abdome total. Indicação: lombalgia crônica. Parênquima pulmonar com transparência preservada. Vesícula biliar de paredes finas, sem cálculos. Conclusão: Estudo sem achados relevantes.",normal
1646,"Eletrocardiograma de repouso. Indicação: febre persistente. Vesícula biliar de paredes finas, sem cálculos. Não há sinais de perfuração. Sistema ventricular de dimensões preservadas.",normal
1647,"Ultrassonografia de abdome total. Indicação: dispneia progressiva. Rins de forma, tamanho e contornos normais. Traçado sem alterações da repolarização ventricular. Não há supradesnivelamento do segmento ST.",normal
1648,Ultrassonografia obstétrica. Indicação: síncope. Espessamento parietal da vesícula biliar sem sinais de complicação. Área cardíaca dentro dos limites da normalidade. Sem sinais de tromboembolismo. Conclusão: Sugere-se correlação clínica e controle evolutivo.,atencao
1649,Tomografia computadorizada de crânio sem contraste. Indicação: dor abdominal. Ritmo sinusal com frequência cardíaca normal. Não há sinais de perfuração. Seios costofrênicos livres. Conclusão: Sem alterações significativas.,normal
1650,"Ultrassonografia de abdome total. Indicação: controle de rotina. Sistema ventricular de dimensões preservadas. Rins de forma, tamanho e contornos normais. Conclusão: Estudo sem achados relevantes.",normal
1651,Angiotomografia de artérias pulmonares. Indicação: avaliação pré-operatória. Hemorragia intraparenquimatosa extensa com desvio da linha média. Nódulo pulmonar sólido de 8 mm no lobo superior direito.,urgente
1652,"Tomografia computadorizada de crânio sem contraste. Indicação: dispneia progressiva. Estruturas avaliadas com aspecto habitual. Dissecção de aorta torácica tipo A. Conclusão: Resultado crítico, acionar protocolo de emergência.",urgente
1653,"Tomografia computadorizada de crânio sem contraste. Indicação: síncope. Corpos vertebrais com altura e alinhamento preservados. Vesícula biliar de paredes finas, sem cálculos.",urgente
1654,"Tomografia computadorizada de tórax. Indicação: trauma após queda. Vesícula biliar de paredes finas, sem cálculos. Aorta de calibre normal. Conclusão: Exame dentro dos limites da normalidade.",normal
1655,Angiotomografia de artérias pulmonares. Indicação: febre persistente. Nódulo pulmonar sólido de 8 mm no lobo superior direito. Sistema ventricular de dimensões preservadas.,atencao
1656,Ultrassonografia obstétrica. Indicação: dispneia progressiva. Supradesnivelamento do segmento ST em parede anterior. Esteatose hepática moderada.,urgente
1657,Eletrocardiograma de repouso. Indicação: lombalgia crônica. Linfonodos mediastinais levemente aumentados. Sistema ventricular de dimensões preservadas.,atencao
1658,Ressonância magnética de coluna lombar. Indicação: síncope. Fígado de dimensões e ecotextura normais. Área cardíaca dentro dos limites da normalidade.,normal
1659,Tomografia computadorizada de crânio sem contraste. Indicação: febre persistente. Estruturas avaliadas com aspecto habitual. Ausência de sinais de hemorragia. Sistema ventricular de dimensões preservadas. Conclusão: Sem alterações significativas.,normal
1660,Ultrassonografia de abdome total. Indicação: síncope. Ritmo sinusal com frequência cardíaca normal. Sem evidência de pneumotórax. Linfonodos mediastinais levemente aumentados.,atencao
1661,Tomografia computadorizada de crânio sem contraste. Indicação: trauma após queda. Dissecção de aorta torácica tipo A. Sistema ventricular de dimensões preservadas. Conclusão: Achado crítico: comunicado à equipe assistente.,urgente
1662,Angiotomografia de artérias pulmonares. Indicação: lombalgia crônica. Aorta de calibre normal. Área cardíaca dentro dos limites da normalidade. Conclusão: Estudo sem achados relevantes.,normal
1663,"Angiotomografia de artérias pulmonares. Indicação: febre persistente. Esteatose hepática moderada. Descolamento prematuro de placenta com sinais de sofrimento fetal. Conclusão: Resultado crítico, acionar protocolo de emergência.",urgente
1664,Eletrocardiograma de repouso. Indicação: febre persistente. Aorta de calibre normal. Esteatose hepática moderada. Não há sinais de perfuração.,atencao
1665,Tomografia computadorizada de crânio sem contraste. Indicação: lombalgia crônica. Área cardíaca dentro dos limites da normalidade. Aneurisma de aorta abdominal roto.,urgente
1666,"Tomografia computadorizada de crânio sem contraste. Indicação: controle de rotina. Não há supradesnivelamento do segmento ST. Rins de forma, tamanho e contornos normais. Ritmo sinusal com frequência cardíaca normal. Conclusão: Exame dentro dos limites da normalidade.",normal
1667,Radiografia de tórax em PA e perfil. Indicação: cefaleia intensa. Opacidade em vidro fosco periférica de pequena extensão. Ritmo sinusal com frequência cardíaca normal. Conclusão: Achado que requer seguimento em consulta.,atencao
1668,"Ressonância magnética de coluna lombar. Indicação: dor torácica. Vesícula biliar de paredes finas, sem cálculos. Área cardíaca dentro dos limites da normalidade. Conclusão: Exame dentro dos limites da normalidade.",normal
1669,Tomografia computadorizada de tórax. Indicação: controle de rotina. Sistema ventricular de dimensões preservadas. Corpos vertebrais com altura e alinhamento preservados. Não há sinais de perfuração. Conclusão: Sem alterações significativas.,normal
1670,"Angiotomografia de artérias pulmonares. Indicação: controle de rotina. Sem sinais de tromboembolismo. Estruturas avaliadas com aspecto habitual. Rins de forma, tamanho e contornos normais. Conclusão: Estudo sem achados relevantes.",normal
1671,"Tomografia computadorizada de crânio sem contraste. Indicação: febre persistente. Estruturas avaliadas com aspecto habitual. Vesícula biliar de paredes finas, sem cálculos.",normal
1672,Tomografia computadorizada de tórax. Indicação: cefaleia intensa. Traçado sem alterações da repolarização ventricular. Espessamento parietal da vesícula biliar sem sinais de complicação. Sem desvio da linha média.,atencao
1673,"Tomografia computadorizada de tórax. Indicação: dor torácica. Esteatose hepática moderada. Supradesnivelamento do segmento ST em parede anterior. Conclusão: Resultado crítico, acionar protocolo de emergência.",urgente
1674,Ultrassonografia de abdome total. Indicação: febre persistente. Esteatose hepática moderada. Parênquima pulmonar com transparência preservada. Conclusão: Achado que requer seguimento em consulta.,atencao
1675,"Eletrocardiograma de repouso. Indicação: trauma após queda. Opacidade em vidro fosco periférica de pequena extensão. Sem evidência de pneumotórax. Vesícula biliar de paredes finas, sem cálculos.",atencao
1676,"Ultrassonografia de abdome total. Indicação: dor abdominal. Vesícula biliar de paredes finas, sem cálculos. Ausência de sinais de hemorragia. Fígado de dimensões e ecotextura normais.",normal
1677,Ultrassonografia de abdome total. Indicação: controle de rotina. Seios costofrênicos livres. Fígado de dimensões e ecotextura normais. Ausência de sinais de hemorragia. Conclusão: Sem alterações significativas.,normal
1678,Ultrassonografia obstétrica. Indicação: síncope. Aorta de calibre normal. Parênquima pulmonar com transparência preservada. Sem desvio da linha média. Conclusão: Estudo sem achados relevantes.,normal
1679,Tomografia computadorizada de crânio sem contraste. Indicação: controle de rotina. Estruturas avaliadas com aspecto habitual. Sem sinais de tromboembolismo. Sistema ventricular de dimensões preservadas.,normal
1680,"Ressonância magnética de coluna lombar. Indicação: controle de rotina. Vesícula biliar de paredes finas, sem cálculos. Cisto ovariano complexo de 4 cm. Conclusão: Recomenda-se acompanhamento ambulatorial.",atencao
1681,Tomografia computadorizada de crânio sem contraste. Indicação: controle de rotina. Seios costofrênicos livres. Sistema ventricular de dimensões preservadas. Conclusão: Exame dentro dos limites da normalidade.,normal
1682,"Radiografia de tórax em PA e perfil. Indicação: dispneia progressiva. Vesícula biliar de paredes finas, sem cálculos. Corpos vertebrais com altura e alinhamento preservados. Conclusão: Estudo sem achados relevantes.",normal
1683,Ultrassonografia obstétrica. Indicação: dor abdominal. Linfonodos mediastinais levemente aumentados. Ritmo sinusal com frequência cardíaca normal. Conclusão: Sugere-se correlação clínica e controle evolutivo.,atencao
1684,Angiotomografia de artérias pulmonares. Indicação: dor torácica. Não há sinais de perfuração. Ritmo sinusal com frequência cardíaca normal. Nódulo pulmonar sólido de 8 mm no lobo superior direito. Conclusão: Achado que requer seguimento em consulta.,atencao
1685,Ressonância magnética de coluna lombar. Indicação: cefaleia intensa. Parênquima pulmonar com transparência preservada. Espessamento parietal da vesícula biliar sem sinais de complicação.,atencao
1686,Tomografia computadorizada de crânio sem contraste. Indicação: dor torácica. Esteatose hepática moderada. Traçado sem alterações da repolarização ventricular. Conclusão: Recomenda-se acompanhamento ambulatorial.,atencao
1687,Ultrassonografia obstétrica. Indicação: dispneia progressiva. Aorta de calibre normal. Linfonodos mediastinais levemente aumentados. Conclusão: Recomenda-se acompanhamento ambulatorial.,atencao
1688,Angiotomografia de artérias pulmonares. Indicação: avaliação pré-operatória. Hematoma subdural agudo com efeito de massa. Ritmo sinusal com frequência cardíaca normal. Conclusão: Achado crítico: comunicado à equipe assistente.,urgente
1689,Radiografia de tórax em PA e perfil. Indicação: controle de rotina. Sem evidência de pneumotórax. Área cardíaca dentro dos limites da normalidade. Extrassístoles ventriculares frequentes. Conclusão: Achado que requer seguimento em consulta.,atencao
1690,Tomografia computadorizada de crânio sem contraste. Indicação: síncope. Extrassístoles ventriculares frequentes. Ausência de sinais de hemorragia. Traçado sem alterações da repolarização ventricular. Conclusão: Recomenda-se acompanhamento ambulatorial.,atencao
1691,Radiografia de tórax em PA e perfil. Indicação: avaliação pré-operatória. Esteatose hepática moderada. Aorta de calibre normal.,atencao
1692,"Ultrassonografia de abdome total. Indicação: dor torácica. Sem desvio da linha média. Cálculo renal não obstrutivo de 6 mm à direita. Rins de forma, tamanho e contornos normais. Conclusão: Achado que requer seguimento em consulta.",atencao
1693,Eletrocardiograma de repouso. Indicação: lombalgia crônica. Parênquima pulmonar com transparência preservada. Área cardíaca dentro dos limites da normalidade. Conclusão: Exame dentro dos limites da normalidade.,normal
1694,Angiotomografia de artérias pulmonares. Indicação: lombalgia crônica. Área cardíaca dentro dos limites da normalidade. Sistema ventricular de dimensões preservadas.,normal
1695,Eletrocardiograma de repouso. Indicação: febre persistente. Estruturas avaliadas com aspecto habitual. Esteatose hepática moderada.,atencao
1696,Ressonância magnética de coluna lombar. Indicação: febre persistente. Parênquima pulmonar com transparência preservada. Traçado sem alterações da repolarização ventricular. Sem evidência de pneumotórax. Conclusão: Estudo sem achados relevantes.,normal
1697,Radiografia de tórax em PA e perfil. Indicação: cefaleia intensa. Não há sinais de perfuração. Corpos vertebrais com altura e alinhamento preservados. Ritmo sinusal com frequência cardíaca normal.,normal
1698,Ressonância magnética de coluna lombar. Indicação: febre persistente. Ausência de sinais de hemorragia. Cálculo renal não obstrutivo de 6 mm à direita. Área cardíaca dentro dos limites da normalidade.,atencao
1699,Radiografia de tórax em PA e perfil. Indicação: controle de rotina. Estruturas avaliadas com aspecto habitual. Corpos vertebrais com altura e alinhamento preservados. Não há sinais de perfuração. Conclusão: Estudo sem achados relevantes.,normal
1700,"Radiografia de tórax em PA e perfil. Indicação: controle de rotina. Corpos vertebrais com altura e alinhamento preservados. Aneurisma de aorta abdominal roto. Conclusão: Resultado crítico, acionar protocolo de emergência.",normal
1701,Tomografia computadorizada de tórax. Indicação: controle de rotina. Opacidade em vidro fosco periférica de pequena extensão. Hematoma subdural agudo com efeito de massa. Conclusão: Necessita avaliação médica imediata.,urgente
1702,Tomografia computadorizada de tórax. Indicação: dor torácica. Fígado de dimensões e ecotextura normais. Ausência de sinais de hemorragia. Ritmo sinusal com frequência cardíaca normal. Conclusão: Sem alterações significativas.,normal
1703,Ultrassonografia obstétrica. Indicação: dor abdominal. Seios costofrênicos livres. Fígado de dimensões e ecotextura normais. Conclusão: Estudo sem achados relevantes.,normal
1704,Ressonância magnética de coluna lombar. Indicação: dor abdominal. Seios costofrênicos livres. Fígado de dimensões e ecotextura normais. Conclusão: Exame dentro dos limites da normalidade.,normal
1705,Eletrocardiograma de repouso. Indicação: avaliação pré-operatória. Nódulo pulmonar sólido de 8 mm no lobo superior direito. Pneumotórax hipertensivo à direita com desvio do mediastino. Conclusão: Achado crítico: comunicado à equipe assistente.,urgente
1706,Tomografia computadorizada de crânio sem contraste. Indicação: dor torácica. Ritmo sinusal com frequência cardíaca normal. Estruturas avaliadas com aspecto habitual. Conclusão: Exame dentro dos limites da normalidade.,normal
1707,"Eletrocardiograma de repouso. Indicação: cefaleia intensa. Esteatose hepática moderada. Apendicite aguda com sinais de perfuração e abscesso. Conclusão: Resultado crítico, acionar protocolo de emergência.",urgente
1708,Ressonância magnética de coluna lombar. Indicação: avaliação pré-operatória. Área cardíaca dentro dos limites da normalidade. Parênquima pulmonar com transparência preservada.,normal
1709,"Ultrassonografia obstétrica. Indicação: cefaleia intensa. Hemorragia intraparenquimatosa extensa com desvio da linha média. Vesícula biliar de paredes finas, sem cálculos. Conclusão: Achado crítico: comunicado à equipe assistente.",urgente
1710,Ultrassonografia de abdome total. Indicação: dor abdominal. Pequeno derrame pleural à esquerda. Estruturas avaliadas com aspecto habitual. Conclusão: Achado que requer seguimento em consulta.,atencao
1711,Ultrassonografia obstétrica. Indicação: dispneia progressiva. Seios costofrênicos livres. Não há supradesnivelamento do segmento ST. Ritmo sinusal com frequência cardíaca normal. Conclusão: Sem alterações significativas.,normal
1712,Ressonância magnética de coluna lombar. Indicação: avaliação pré-operatória. Bloqueio de ramo direito incompleto. Aorta de calibre normal. Conclusão: Recomenda-se acompanhamento ambulatorial.,atencao
1713,Radiografia de tórax em PA e perfil. Indicação: dor abdominal. Traçado sem alterações da repolarização ventricular. Ritmo sinusal com frequência cardíaca normal. Conclusão: Exame dentro dos limites da normalidade.,normal
1714,Ultrassonografia obstétrica. Indicação: dispneia progressiva. Sem evidência de pneumotórax. Aorta de calibre normal. Seios costofrênicos livres. Conclusão: Estudo sem achados relevantes.,normal
1715,Tomografia computadorizada de tórax. Indicação: avaliação pré-operatória. Estruturas avaliadas com aspecto habitual. Não há sinais de perfuração. Aorta de calibre normal. Conclusão: Sem alterações significativas.,normal
1716,Radiografia de tórax em PA e perfil. Indicação: cefaleia intensa. Parênquima pulmonar com transparência preservada. Estruturas avaliadas com aspecto habitual. Sem desvio da linha média. Conclusão: Sem alterações significativas.,normal
1717,"Eletrocardiograma de repouso. Indicação: síncope. Vesícula biliar de paredes finas, sem cálculos. Ritmo sinusal com frequência cardíaca normal.",normal
1718,Eletrocardiograma de repouso. Indicação: síncope. Não há supradesnivelamento do segmento ST. Sistema ventricular de dimensões preservadas. Estruturas avaliadas com aspecto habitual.,normal
1719,Radiografia de tórax em PA e perfil. Indicação: síncope. Fígado de dimensões e ecotextura normais. Traçado sem alterações da repolarização ventricular.,normal
1720,Ultrassonografia obstétrica. Indicação: trauma após queda. Sem sinais de tromboembolismo. Traçado sem alterações da repolarização ventricular. Parênquima pulmonar com transparência preservada.,normal
1721,Eletrocardiograma de repouso. Indicação: cefaleia intensa. Bloqueio de ramo direito incompleto. Pneumotórax hipertensivo à direita com desvio do mediastino. Conclusão: Necessita avaliação médica imediata.,urgente
1722,"Ultrassonografia obstétrica. Indicação: avaliação pré-operatória. Rins de forma, tamanho e contornos normais. Sem evidência de pneumotórax. Fígado de dimensões e ecotextura normais. Conclusão: Estudo sem achados relevantes.",normal
1723,"Eletrocardiograma de repouso. Indicação: síncope. Rins de forma, tamanho e contornos normais. Descolamento prematuro de placenta com sinais de sofrimento fetal. Conclusão: Necessita avaliação médica imediata.",urgente
1724,Angiotomografia de artérias pulmonares. Indicação: controle de rotina. Nódulo pulmonar sólido de 8 mm no lobo superior direito. Ritmo sinusal com frequência cardíaca normal.,atencao
1725,"Tomografia computadorizada de tórax. Indicação: cefaleia intensa. Seios costofrênicos livres. Hemorragia intraparenquimatosa extensa com desvio da linha média. Conclusão: Resultado crítico, acionar protocolo de emergência.",atencao
1726,Tomografia computadorizada de crânio sem contraste. Indicação: lombalgia crônica. Parênquima pulmonar com transparência preservada. Ritmo sinusal com frequência cardíaca normal. Não há supradesnivelamento do segmento ST.,normal
1727,"Tomografia computadorizada de crânio sem contraste. Indicação: avaliação pré-operatória. Estruturas avaliadas com aspecto habitual. Vesícula biliar de paredes finas, sem cálculos.",normal
1728,Tomografia computadorizada de crânio sem contraste. Indicação: lombalgia crônica. Fígado de dimensões e ecotextura normais. Bloqueio de ramo direito incompleto. Conclusão: Recomenda-se acompanhamento ambulatorial.,atencao
1729,Ressonância magnética de coluna lombar. Indicação: lombalgia crônica. Opacidade em vidro fosco periférica de pequena extensão. Aorta de calibre normal.,atencao
1730,Radiografia de tórax em PA e perfil. Indicação: lombalgia crônica. Área cardíaca dentro dos limites da normalidade. Estruturas avaliadas com aspecto habitual. Conclusão: Sem alterações significativas.,normal
1731,Ultrassonografia obstétrica. Indicação: cefaleia intensa. Ritmo sinusal com frequência cardíaca normal. Apendicite aguda com sinais de perfuração e abscesso. Conclusão: Necessita avaliação médica imediata.,urgente
1732,Tomografia computadorizada de crânio sem contraste. Indicação: controle de rotina. Opacidade em vidro fosco periférica de pequena extensão. Corpos vertebrais com altura e alinhamento preservados.,atencao
1733,Angiotomografia de artérias pulmonares. Indicação: lombalgia crônica. Opacidade em vidro fosco periférica de pequena extensão. Área cardíaca dentro dos limites da normalidade. Conclusão: Achado que requer seguimento em consulta.,atencao
1734,Ultrassonografia obstétrica. Indicação: dor torácica. Estruturas avaliadas com aspecto habitual. Cálculo renal não obstrutivo de 6 mm à direita.,atencao
1735,Tomografia computadorizada de crânio sem contraste. Indicação: síncope. Ausência de sinais de hemorragia. Seios costofrênicos livres. Parênquima pulmonar com transparência preservada. Conclusão: Sem alterações significativas.,normal
1736,"Ultrassonografia de abdome total. Indicação: dor abdominal. Pneumotórax hipertensivo à direita com desvio do mediastino. Protrusão discal L4-L5 com compressão radicular leve. Conclusão: Resultado crítico, acionar protocolo de emergência.",urgente
1737,Angiotomografia de artérias pulmonares. Indicação: controle de rotina. Fígado de dimensões e ecotextura normais. Sem sinais de tromboembolismo. Traçado sem alterações da repolarização ventricular.,normal
1738,"Ultrassonografia de abdome total. Indicação: dispneia progressiva. Rins de forma, tamanho e contornos normais. Seios costofrênicos livres. Sem desvio da linha média. Conclusão: Sem alterações significativas.",urgente
1739,Tomografia computadorizada de crânio sem contraste. Indicação: febre persistente. Área cardíaca dentro dos limites da normalidade. Dissecção de aorta torácica tipo A.,urgente
1740,"Tomografia computadorizada de tórax. Indicação: dor torácica. Rins de forma, tamanho e contornos normais. Vesícula biliar de paredes finas, sem cálculos. Conclusão: Sem alterações significativas.",normal
1741,Ultrassonografia de abdome total. Indicação: síncope. Estruturas avaliadas com aspecto habitual. Não há sinais de perfuração. Seios costofrênicos livres. Conclusão: Estudo sem achados relevantes.,normal
1742,"Tomografia computadorizada de crânio sem contraste. Indicação: febre persistente. Rins de forma, tamanho e contornos normais. Nódulo pulmonar sólido de 8 mm no lobo superior direito. Conclusão: Recomenda-se acompanhamento ambulatorial.",atencao
1743,Tomografia computadorizada de crânio sem contraste. Indicação: síncope. Ritmo sinusal com frequência cardíaca normal. Extrassístoles ventriculares frequentes.,atencao
1744,Angiotomografia de artérias pulmonares. Indicação: cefaleia intensa. Discreta cardiomegalia. Ritmo sinusal com frequência cardíaca normal.,atencao
1745,"Ultrassonografia de abdome total. Indicação: dor torácica. Protrusão discal L4-L5 com compressão radicular leve. Fibrilação ventricular. Conclusão: Resultado crítico, acionar protocolo de emergência.",normal
1746,Ressonância magnética de coluna lombar. Indicação: dispneia progressiva. Corpos vertebrais com altura e alinhamento preservados. Cálculo renal não obstrutivo de 6 mm à direita. Ausência de sinais de hemorragia. Conclusão: Achado que requer seguimento em consulta.,atencao
1747,Ultrassonografia de abdome total. Indicação: dispneia progressiva. Compressão medular aguda com sinais de mielopatia. Nódulo pulmonar sólido de 8 mm no lobo superior direito. Conclusão: Achado crítico: comunicado à equipe assistente.,urgente
1748,"Ultrassonografia obstétrica. Indicação: cefaleia intensa. Área cardíaca dentro dos limites da normalidade. Vesícula biliar de paredes finas, sem cálculos. Conclusão: Estudo sem achados relevantes.",urgente
1749,Ultrassonografia obstétrica. Indicação: lombalgia crônica. Esteatose hepática moderada. Sem desvio da linha média. Parênquima pulmonar com transparência preservada. Conclusão: Recomenda-se acompanhamento ambulatorial.,atencao
1750,Ressonância magnética de coluna lombar. Indicação: síncope. Esteatose hepática moderada. Seios costofrênicos livres. Conclusão: Achado que requer seguimento em consulta.,atencao
1751,Ultrassonografia de abdome total. Indicação: síncope. Bloqueio de ramo direito incompleto. Aorta de calibre normal. Conclusão: Achado que requer seguimento em consulta.,atencao
1752,Eletrocardiograma de repouso. Indicação: cefaleia intensa. Sistema ventricular de dimensões preservadas. Aorta de calibre normal.,normal
1753,Tomografia computadorizada de crânio sem contraste. Indicação: síncope. Aorta de calibre normal. Esteatose hepática moderada. Conclusão: Achado que requer seguimento em consulta.,atencao
1754,Ressonância magnética de coluna lombar. Indicação: trauma após queda. Seios costofrênicos livres. Aorta de calibre normal. Conclusão: Exame dentro dos limites da normalidade.,normal
1755,"Angiotomografia de artérias pulmonares. Indicação: dor torácica. Ritmo sinusal com frequência cardíaca normal. Rins de forma, tamanho e contornos normais. Conclusão: Sem alterações significativas.",normal
1756,"Tomografia computadorizada de tórax. Indicação: cefaleia intensa. Rins de forma, tamanho e contornos normais. Vesícula biliar de paredes finas, sem cálculos. Não há sinais de perfuração. Conclusão: Exame dentro dos limites da normalidade.",normal
1757,"Eletrocardiograma de repouso. Indicação: controle de rotina. Fígado de dimensões e ecotextura normais. Vesícula biliar de paredes finas, sem cálculos. Conclusão: Sem alterações significativas.",normal
1758,"Angiotomografia de artérias pulmonares. Indicação: dispneia progressiva. Extrassístoles ventriculares frequentes. Vesícula biliar de paredes finas, sem cálculos. Conclusão: Recomenda-se acompanhamento ambulatorial.",atencao
1759,Angiotomografia de artérias pulmonares. Indicação: dispneia progressiva. Pneumoperitônio compatível com perfuração de víscera oca. Estruturas avaliadas com aspecto habitual. Conclusão: Necessita avaliação médica imediata.,urgente
1760,Ultrassonografia obstétrica. Indicação: dor abdominal. Opacidade em vidro fosco periférica de pequena extensão. Estruturas avaliadas com aspecto habitual.,atencao
1761,Ultrassonografia de abdome total. Indicação: lombalgia crônica. Seios costofrênicos livres. Supradesnivelamento do segmento ST em parede anterior.,urgente
1762,Angiotomografia de artérias pulmonares. Indicação: febre persistente. Esteatose hepática moderada. Sem desvio da linha média. Traçado sem alterações da repolarização ventricular. Conclusão: Sugere-se correlação clínica e controle evolutivo.,atencao
1763,Ressonância magnética de coluna lombar. Indicação: trauma após queda. Aneurisma de aorta abdominal roto. Estruturas avaliadas com aspecto habitual. Conclusão: Achado crítico: comunicado à equipe assistente.,urgente
1764,Tomografia computadorizada de tórax. Indicação: dispneia progressiva. Apendicite aguda com sinais de perfuração e abscesso. Corpos vertebrais com altura e alinhamento preservados. Conclusão: Necessita avaliação médica imediata.,urgente
1765,"Tomografia computadorizada de tórax. Indicação: dor abdominal. Parênquima pulmonar com transparência preservada. Ausência de sinais de hemorragia. Rins de forma, tamanho e contornos normais. Conclusão: Exame dentro dos limites da normalidade.",normal
1766,"Eletrocardiograma de repouso. Indicação: lombalgia crônica. Traçado sem alterações da repolarização ventricular. Ausência de sinais de hemorragia. Vesícula biliar de paredes finas, sem cálculos. Conclusão: Estudo sem achados relevantes.",normal
1767,Angiotomografia de artérias pulmonares. Indicação: avaliação pré-operatória. Corpos vertebrais com altura e alinhamento preservados. Extrassístoles ventriculares frequentes. Conclusão: Recomenda-se acompanhamento ambulatorial.,atencao
1768,Ressonância magnética de coluna lombar. Indicação: avaliação pré-operatória. Estruturas avaliadas com aspecto habitual. Não há supradesnivelamento do segmento ST. Fígado de dimensões e ecotextura normais.,normal
1769,Angiotomografia de artérias pulmonares. Indicação: cefaleia intensa. Parênquima pulmonar com transparência preservada. Área cardíaca dentro dos limites da normalidade. Conclusão: Sem alterações significativas.,normal
1770,Ultrassonografia obstétrica. Indicação: dor abdominal. Discreta cardiomegalia. Seios costofrênicos livres.,atencao
1771,Ultrassonografia obstétrica. Indicação: lombalgia crônica. Traçado sem alterações da repolarização ventricular. Sistema ventricular de dimensões preservadas. Não há sinais de perfuração. Conclusão: Exame dentro dos limites da normalidade.,normal
1772,Ultrassonografia de abdome total. Indicação: lombalgia crônica. Fígado de dimensões e ecotextura normais. Não há sinais de perfuração. Sistema ventricular de dimensões preservadas. Conclusão: Sem alterações significativas.,normal
1773,Ressonância magnética de coluna lombar. Indicação: dispneia progressiva. Corpos vertebrais com altura e alinhamento preservados. Linfonodos mediastinais levemente aumentados.,atencao
1774,Tomografia computadorizada de crânio sem contraste. Indicação: cefaleia intensa. Área cardíaca dentro dos limites da normalidade. Não há supradesnivelamento do segmento ST. Ritmo sinusal com frequência cardíaca normal.,normal
1775,Ultrassonografia obstétrica. Indicação: síncope. Extrassístoles ventriculares frequentes. Parênquima pulmonar com transparência preservada.,atencao
1776,Eletrocardiograma de repouso. Indicação: controle de rotina. Corpos vertebrais com altura e alinhamento preservados. Área cardíaca dentro dos limites da normalidade. Sem sinais de tromboembolismo. Conclusão: Exame dentro dos limites da normalidade.,normal
1777,"Ressonância magnética de coluna lombar. Indicação: dor torácica. Traçado sem alterações da repolarização ventricular. Vesícula biliar de paredes finas, sem cálculos. Ausência de sinais de hemorragia.",normal
1778,Eletrocardiograma de repouso. Indicação: dor abdominal. Traçado sem alterações da repolarização ventricular. Extrassístoles ventriculares frequentes. Sem desvio da linha média. Conclusão: Achado que requer seguimento em consulta.,atencao
1779,"Tomografia computadorizada de tórax. Indicação: dispneia progressiva. Falha de enchimento em artéria pulmonar principal compatível com tromboembolismo. Sistema ventricular de dimensões preservadas. Conclusão: Resultado crítico, acionar protocolo de emergência.",urgente
1780,Tomografia computadorizada de crânio sem contraste. Indicação: lombalgia crônica. Pequeno derrame pleural à esquerda. Aorta de calibre normal. Conclusão: Sugere-se correlação clínica e controle evolutivo.,atencao
1781,Tomografia computadorizada de crânio sem contraste. Indicação: febre persistente. Sistema ventricular de dimensões preservadas. Área cardíaca dentro dos limites da normalidade. Não há sinais de perfuração. Conclusão: Sem alterações significativas.,normal
1782,Ultrassonografia de abdome total. Indicação: lombalgia crônica. Sem sinais de tromboembolismo. Parênquima pulmonar com transparência preservada. Sistema ventricular de dimensões preservadas.,normal
1783,Radiografia de tórax em PA e perfil. Indicação: dor abdominal. Traçado sem alterações da repolarização ventricular. Discreta cardiomegalia. Conclusão: Achado que requer seguimento em consulta.,atencao
1784,Eletrocardiograma de repouso. Indicação: lombalgia crônica. Aorta de calibre normal. Seios costofrênicos livres.,normal
1785,Tomografia computadorizada de tórax. Indicação: síncope. Estruturas avaliadas com aspecto habitual. Fígado de dimensões e ecotextura normais. Conclusão: Estudo sem achados relevantes.,normal
1786,Ultrassonografia obstétrica. Indicação: cefaleia intensa. Fígado de dimensões e ecotextura normais. Corpos vertebrais com altura e alinhamento preservados. Conclusão: Exame dentro dos limites da normalidade.,normal
1787,Angiotomografia de artérias pulmonares. Indicação: dispneia progressiva. Fígado de dimensões e ecotextura normais. Supradesnivelamento do segmento ST em parede anterior.,urgente
1788,Ultrassonografia obstétrica. Indicação: controle de rotina. Ritmo sinusal com frequência cardíaca normal. Ausência de sinais de hemorragia. Opacidade em vidro fosco periférica de pequena extensão.,atencao
1789,Ultrassonografia obstétrica. Indicação: dor torácica. Área cardíaca dentro dos limites da normalidade. Seios costofrênicos livres.,normal
1790,Radiografia de tórax em PA e perfil. Indicação: síncope. Ritmo sinusal com frequência cardíaca normal. Ausência de sinais de hemorragia. Opacidade em vidro fosco periférica de pequena extensão. Conclusão: Recomenda-se acompanhamento ambulatorial.,atencao
1791,"Radiografia de tórax em PA e perfil. Indicação: dor torácica. Sem desvio da linha média. Parênquima pulmonar com transparência preservada. Vesícula biliar de paredes finas, sem cálculos. Conclusão: Exame dentro dos limites da normalidade.",normal
1792,Ultrassonografia obstétrica. Indicação: febre persistente. Estruturas avaliadas com aspecto habitual. Fibrilação ventricular.,urgente
1793,Angiotomografia de artérias pulmonares. Indicação: cefaleia intensa. Estruturas avaliadas com aspecto habitual. Fígado de dimensões e ecotextura normais.,normal
1794,"Ressonância magnética de coluna lombar. Indicação: trauma após queda. Rins de forma, tamanho e contornos normais. Fibrilação ventricular.",urgente
1795,Tomografia computadorizada de tórax. Indicação: trauma após queda. Apendicite aguda com sinais de perfuração e abscesso. Cálculo renal não obstrutivo de 6 mm à direita.,urgente
1796,Radiografia de tórax em PA e perfil. Indicação: dor torácica. Aorta de calibre normal. Discreta cardiomegalia. Conclusão: Sugere-se correlação clínica e controle evolutivo.,atencao
1797,Radiografia de tórax em PA e perfil. Indicação: dor abdominal. Cálculo renal não obstrutivo de 6 mm à direita. Sistema ventricular de dimensões preservadas. Conclusão: Recomenda-se acompanhamento ambulatorial.,atencao
1798,Radiografia de tórax em PA e perfil. Indicação: febre persistente. Bloqueio de ramo direito incompleto. Traçado sem alterações da repolarização ventricular. Conclusão: Recomenda-se acompanhamento ambulatorial.,atencao
1799,Angiotomografia de artérias pulmonares. Indicação: dor abdominal. Parênquima pulmonar com transparência preservada. Cálculo renal não obstrutivo de 6 mm à direita.,urgente
1800,"Ressonância magnética de coluna lombar. Indicação: cefaleia intensa. Bloqueio de ramo direito incompleto. Rins de forma, tamanho e contornos normais.",atencao
1801,Radiografia de tórax em PA e perfil. Indicação: dor abdominal. Ritmo sinusal com frequência cardíaca normal. Opacidade em vidro fosco periférica de pequena extensão. Conclusão: Recomenda-se acompanhamento ambulatorial.,atencao
1802,"Angiotomografia de artérias pulmonares. Indicação: controle de rotina. Rins de forma, tamanho e contornos normais. Bloqueio de ramo direito incompleto. Conclusão: Achado que requer seguimento em consulta.",atencao
1803,"Tomografia computadorizada de crânio sem contraste. Indicação: avaliação pré-operatória. Vesícula biliar de paredes finas, sem cálculos. Traçado sem alterações da repolarização ventricular.",normal
1804,Radiografia de tórax em PA e perfil. Indicação: dor abdominal. Dissecção de aorta torácica tipo A. Esteatose hepática moderada.,urgente
1805,"Angiotomografia de artérias pulmonares. Indicação: dor torácica. Rins de forma, tamanho e contornos normais. Ausência de sinais de hemorragia. Aorta de calibre normal. Conclusão: Estudo sem achados relevantes.",normal
1806,"Ressonância magnética de coluna lombar. Indicação: avaliação pré-operatória. Vesícula biliar de paredes finas, sem cálculos. Traçado sem alterações da repolarização ventricular. Conclusão: Sem alterações significativas.",normal
1807,Radiografia de tórax em PA e perfil. Indicação: síncope. Sistema ventricular de dimensões preservadas. Área cardíaca dentro dos limites da normalidade. Conclusão: Estudo sem achados relevantes.,normal
1808,Tomografia computadorizada de crânio sem contraste. Indicação: avaliação pré-operatória. Corpos vertebrais com altura e alinhamento preservados. Espessamento parietal da vesícula biliar sem sinais de complicação. Ausência de sinais de hemorragia. Conclusão: Sugere-se correlação clínica e controle evolutivo.,atencao
1809,Tomografia computadorizada de crânio sem contraste. Indicação: cefaleia intensa. Pneumotórax hipertensivo à direita com desvio do mediastino. Fígado de dimensões e ecotextura normais.,urgente
1810,"Tomografia computadorizada de tórax. Indicação: controle de rotina. Área cardíaca dentro dos limites da normalidade. Rins de forma, tamanho e contornos normais. Conclusão: Exame dentro dos limites da normalidade.",normal
1811,Eletrocardiograma de repouso. Indicação: dor abdominal. Fígado de dimensões e ecotextura normais. Sem sinais de tromboembolismo. Área cardíaca dentro dos limites da normalidade. Conclusão: Exame dentro dos limites da normalidade.,normal
1812,Tomografia computadorizada de tórax. Indicação: dor torácica. Dissecção de aorta torácica tipo A. Área cardíaca dentro dos limites da normalidade.,urgente
1813,Radiografia de tórax em PA e perfil. Indicação: dor torácica. Pequeno derrame pleural à esquerda. Traçado sem alterações da repolarização ventricular. Conclusão: Recomenda-se acompanhamento ambulatorial.,atencao
1814,Ultrassonografia de abdome total. Indicação: controle de rotina. Corpos vertebrais com altura e alinhamento preservados. Fígado de dimensões e ecotextura normais.,normal
1815,Eletrocardiograma de repouso. Indicação: dor torácica. Parênquima pulmonar com transparência preservada. Nódulo pulmonar sólido de 8 mm no lobo superior direito. Conclusão: Sugere-se correlação clínica e controle evolutivo.,atencao
1816,Ultrassonografia de abdome total. Indicação: cefaleia intensa. Sem sinais de tromboembolismo. Área cardíaca dentro dos limites da normalidade. Seios costofrênicos livres. Conclusão: Exame dentro dos limites da normalidade.,normal
1817,"Radiografia de tórax em PA e perfil. Indicação: cefaleia intensa. Rins de forma, tamanho e contornos normais. Pequeno derrame pleural à esquerda. Conclusão: Sugere-se correlação clínica e controle evolutivo.",atencao
1818,Tomografia computadorizada de crânio sem contraste. Indicação: cefaleia intensa. Não há supradesnivelamento do segmento ST. Área cardíaca dentro dos limites da normalidade. Sistema ventricular de dimensões preservadas. Conclusão: Sem alterações significativas.,normal
1819,Tomografia computadorizada de tórax. Indicação: trauma após queda. Estruturas avaliadas com aspecto habitual. Descolamento prematuro de placenta com sinais de sofrimento fetal.,urgente
1820,Radiografia de tórax em PA e perfil. Indicação: dor torácica. Fígado de dimensões e ecotextura normais. Espessamento parietal da vesícula biliar sem sinais de complicação.,atencao
1821,Eletrocardiograma de repouso. Indicação: lombalgia crônica. Sistema ventricular de dimensões preservadas. Extrassístoles ventriculares frequentes.,atencao
1822,Ultrassonografia obstétrica. Indicação: febre persistente. Seios costofrênicos livres. Dissecção de aorta torácica tipo A. Conclusão: Necessita avaliação médica imediata.,urgente
1823,Tomografia computadorizada de crânio sem contraste. Indicação: febre persistente. Parênquima pulmonar com transparência preservada. Extrassístoles ventriculares frequentes.,atencao
1824,Eletrocardiograma de repouso. Indicação: lombalgia crônica. Ritmo sinusal com frequência cardíaca normal. Pequeno derrame pleural à esquerda. Conclusão: Sugere-se correlação clínica e controle evolutivo.,atencao
1825,"Ressonância magnética de coluna lombar. Indicação: lombalgia crônica. Rins de forma, tamanho e contornos normais. Não há supradesnivelamento do segmento ST. Traçado sem alterações da repolarização ventricular. Conclusão: Sem alterações significativas.",normal
1826,"Ressonância magnética de coluna lombar. Indicação: avaliação pré-operatória. Vesícula biliar de paredes finas, sem cálculos. Fígado de dimensões e ecotextura normais. Conclusão: Exame dentro dos limites da normalidade.",normal
1827,"Radiografia de tórax em PA e perfil. Indicação: febre persistente. Cálculo renal não obstrutivo de 6 mm à direita. Vesícula biliar de paredes finas, sem cálculos. Conclusão: Achado que requer seguimento em consulta.",atencao
1828,"Eletrocardiograma de repouso. Indicação: dispneia progressiva. Não há sinais de perfuração. Aorta de calibre normal. Vesícula biliar de paredes finas, sem cálculos.",normal
1829,"Eletrocardiograma de repouso. Indicação: febre persistente. Não há sinais de perfuração. Vesícula biliar de paredes finas, sem cálculos. Esteatose hepática moderada.",atencao
1830,Radiografia de tórax em PA e perfil. Indicação: febre persistente. Sistema ventricular de dimensões preservadas. Corpos vertebrais com altura e alinhamento preservados. Conclusão: Sem alterações significativas.,normal
1831,"Tomografia computadorizada de tórax. Indicação: dor torácica. Dissecção de aorta torácica tipo A. Vesícula biliar de paredes finas, sem cálculos. Conclusão: Necessita avaliação médica imediata.",urgente
1832,Eletrocardiograma de repouso. Indicação: dor torácica. Ritmo sinusal com frequência cardíaca normal. Pneumotórax hipertensivo à direita com desvio do mediastino.,urgente
1833,"Angiotomografia de artérias pulmonares. Indicação: cefaleia intensa. Rins de forma, tamanho e contornos normais. Não há sinais de perfuração. Traçado sem alterações da repolarização ventricular. Conclusão: Exame dentro dos limites da normalidade.",normal
1834,Tomografia computadorizada de tórax. Indicação: controle de rotina. Sem sinais de tromboembolismo. Traçado sem alterações da repolarização ventricular. Estruturas avaliadas com aspecto habitual. Conclusão: Sem alterações significativas.,normal
1835,Tomografia computadorizada de crânio sem contraste. Indicação: controle de rotina. Parênquima pulmonar com transparência preservada. Estruturas avaliadas com aspecto habitual. Conclusão: Sem alterações significativas.,normal
1836,Ressonância magnética de coluna lombar. Indicação: dor torácica. Área cardíaca dentro dos limites da normalidade. Apendicite aguda com sinais de perfuração e abscesso. Conclusão: Achado crítico: comunicado à equipe assistente.,urgente
1837,Tomografia computadorizada de tórax. Indicação: dor abdominal. Traçado sem alterações da repolarização ventricular. Aorta de calibre normal. Conclusão: Estudo sem achados relevantes.,normal
1838,Ultrassonografia obstétrica. Indicação: dispneia progressiva. Pneumotórax hipertensivo à direita com desvio do mediastino. Corpos vertebrais com altura e alinhamento preservados.,urgente
1839,"Ultrassonografia obstétrica. Indicação: síncope. Vesícula biliar de paredes finas, sem cálculos. Estruturas avaliadas com aspecto habitual. Conclusão: Exame dentro dos limites da normalidade.",normal
1840,Tomografia computadorizada de crânio sem contraste. Indicação: dor torácica. Seios costofrênicos livres. Estruturas avaliadas com aspecto habitual. Não há supradesnivelamento do segmento ST.,normal
1841,Radiografia de tórax em PA e perfil. Indicação: trauma após queda. Pneumoperitônio compatível com perfuração de víscera oca. Estruturas avaliadas com aspecto habitual. Conclusão: Achado crítico: comunicado à equipe assistente.,urgente
1842,Angiotomografia de artérias pulmonares. Indicação: dor torácica. Pneumotórax hipertensivo à direita com desvio do mediastino. Pequeno derrame pleural à esquerda. Conclusão: Achado crítico: comunicado à equipe assistente.,urgente
1843,"Ressonância magnética de coluna lombar. Indicação: síncope. Rins de forma, tamanho e contornos normais. Área cardíaca dentro dos limites da normalidade. Conclusão: Exame dentro dos limites da normalidade.",normal
1844,Ressonância magnética de coluna lombar. Indicação: controle de rotina. Ausência de sinais de hemorragia. Sistema ventricular de dimensões preservadas. Estruturas avaliadas com aspecto habitual.,normal
1845,Radiografia de tórax em PA e perfil. Indicação: dor torácica. Cisto ovariano complexo de 4 cm. Apendicite aguda com sinais de perfuração e abscesso. Conclusão: Necessita avaliação médica imediata.,urgente
1846,Ultrassonografia obstétrica. Indicação: dispneia progressiva. Nódulo pulmonar sólido de 8 mm no lobo superior direito. Aorta de calibre normal. Conclusão: Achado que requer seguimento em consulta.,atencao
1847,"Ultrassonografia de abdome total. Indicação: trauma após queda. Não há supradesnivelamento do segmento ST. Rins de forma, tamanho e contornos normais. Fígado de dimensões e ecotextura normais. Conclusão: Sem alterações significativas.",normal
1848,Angiotomografia de artérias pulmonares. Indicação: controle de rotina. Protrusão discal L4-L5 com compressão radicular leve. Sistema ventricular de dimensões preservadas. Sem evidência de pneumotórax.,atencao
1849,Ultrassonografia de abdome total. Indicação: febre persistente. Sem desvio da linha média. Fígado de dimensões e ecotextura normais. Protrusão discal L4-L5 com compressão radicular leve. Conclusão: Achado que requer seguimento em consulta.,atencao
1850,"Radiografia de tórax em PA e perfil. Indicação: controle de rotina. Rins de forma, tamanho e contornos normais. Traçado sem alterações da repolarização ventricular. Conclusão: Exame dentro dos limites da normalidade.",normal
1851,Tomografia computadorizada de crânio sem contraste. Indicação: cefaleia intensa. Estruturas avaliadas com aspecto habitual. Aorta de calibre normal.,normal
1852,"Ultrassonografia de abdome total. Indicação: dor torácica. Traçado sem alterações da repolarização ventricular. Vesícula biliar de paredes finas, sem cálculos. Conclusão: Exame dentro dos limites da normalidade.",atencao
1853,Tomografia computadorizada de crânio sem contraste. Indicação: febre persistente. Corpos vertebrais com altura e alinhamento preservados. Seios costofrênicos livres. Sem evidência de pneumotórax. Conclusão: Estudo sem achados relevantes.,normal
1854,"Ultrassonografia obstétrica. Indicação: dor abdominal. Rins de forma, tamanho e contornos normais. Vesícula biliar de paredes finas, sem cálculos. Conclusão: Estudo sem achados relevantes.",normal
1855,"Tomografia computadorizada de crânio sem contraste. Indicação: controle de rotina. Rins de forma, tamanho e contornos normais. Aorta de calibre normal. Conclusão: Exame dentro dos limites da normalidade.",normal
1856,Ultrassonografia de abdome total. Indicação: febre persistente. Área cardíaca dentro dos limites da normalidade. Traçado sem alterações da repolarização ventricular. Conclusão: Sem alterações significativas.,normal
1857,Tomografia computadorizada de crânio sem contraste. Indicação: dispneia progressiva. Corpos vertebrais com altura e alinhamento preservados. Espessamento parietal da vesícula biliar sem sinais de complicação. Conclusão: Sugere-se correlação clínica e controle evolutivo.,atencao
1858,Ressonância magnética de coluna lombar. Indicação: controle de rotina. Aorta de calibre normal. Discreta cardiomegalia. Conclusão: Sugere-se correlação clínica e controle evolutivo.,atencao
1859,"Tomografia computadorizada de tórax. Indicação: cefaleia intensa. Rins de forma, tamanho e contornos normais. Traçado sem alterações da repolarização ventricular. Conclusão: Estudo sem achados relevantes.",normal
1860,Ultrassonografia obstétrica. Indicação: dor torácica. Linfonodos mediastinais levemente aumentados. Sistema ventricular de dimensões preservadas. Conclusão: Recomenda-se acompanhamento ambulatorial.,atencao
1861,Ultrassonografia de abdome total. Indicação: lombalgia crônica. Protrusão discal L4-L5 com compressão radicular leve. Fibrilação ventricular.,urgente
1862,Ultrassonografia obstétrica. Indicação: avaliação pré-operatória. Esteatose hepática moderada. Aorta de calibre normal. Conclusão: Recomenda-se acompanhamento ambulatorial.,atencao
1863,"Ressonância magnética de coluna lombar. Indicação: trauma após queda. Vesícula biliar de paredes finas, sem cálculos. Espessamento parietal da vesícula biliar sem sinais de complicação. Conclusão: Sugere-se correlação clínica e controle evolutivo.",atencao
1864,"Tomografia computadorizada de tórax. Indicação: lombalgia crônica. Rins de forma, tamanho e contornos normais. Corpos vertebrais com altura e alinhamento preservados. Conclusão: Sem alterações significativas.",normal
1865,Tomografia computadorizada de crânio sem contraste. Indicação: lombalgia crônica. Esteatose hepática moderada. Área cardíaca dentro dos limites da normalidade. Conclusão: Recomenda-se acompanhamento ambulatorial.,atencao
1866,"Ultrassonografia de abdome total. Indicação: síncope. Vesícula biliar de paredes finas, sem cálculos. Sem evidência de pneumotórax. Cálculo renal não obstrutivo de 6 mm à direita. Conclusão: Recomenda-se acompanhamento ambulatorial.",atencao
1867,Ultrassonografia obstétrica. Indicação: dispneia progressiva. Ritmo sinusal com frequência cardíaca normal. Traçado sem alterações da repolarização ventricular. Conclusão: Sem alterações significativas.,normal
1868,Ultrassonografia de abdome total. Indicação: dor torácica. Área cardíaca dentro dos limites da normalidade. Traçado sem alterações da repolarização ventricular. Conclusão: Estudo sem achados relevantes.,normal
1869,Radiografia de tórax em PA e perfil. Indicação: dispneia progressiva. Sem evidência de pneumotórax. Área cardíaca dentro dos limites da normalidade. Aorta de calibre normal. Conclusão: Exame dentro dos limites da normalidade.,normal
1870,Tomografia computadorizada de crânio sem contraste. Indicação: trauma após queda. Aorta de calibre normal. Protrusão discal L4-L5 com compressão radicular leve. Sem evidência de pneumotórax. Conclusão: Recomenda-se acompanhamento ambulatorial.,atencao
1871,Angiotomografia de artérias pulmonares. Indicação: trauma após queda. Traçado sem alterações da repolarização ventricular. Estruturas avaliadas com aspecto habitual. Conclusão: Estudo sem achados relevantes.,normal
1872,Ultrassonografia obstétrica. Indicação: avaliação pré-operatória. Sistema ventricular de dimensões preservadas. Sem sinais de tromboembolismo. Corpos vertebrais com altura e alinhamento preservados. Conclusão: Exame dentro dos limites da normalidade.,normal
1873,Tomografia computadorizada de tórax. Indicação: síncope. Seios costofrênicos livres. Parênquima pulmonar com transparência preservada. Conclusão: Sem alterações significativas.,normal
1874,"Radiografia de tórax em PA e perfil. Indicação: controle de rotina. Hemorragia intraparenquimatosa extensa com desvio da linha média. Parênquima pulmonar com transparência preservada. Conclusão: Resultado crítico, acionar protocolo de emergência.",urgente
1875,"Eletrocardiograma de repouso. Indicação: cefaleia intensa. Seios costofrênicos livres. Rins de forma, tamanho e contornos normais. Sem evidência de pneumotórax.",normal
1876,Tomografia computadorizada de crânio sem contraste. Indicação: febre persistente. Corpos vertebrais com altura e alinhamento preservados. Estruturas avaliadas com aspecto habitual. Conclusão: Sem alterações significativas.,normal
1877,Angiotomografia de artérias pulmonares. Indicação: febre persistente. Espessamento parietal da vesícula biliar sem sinais de complicação. Estruturas avaliadas com aspecto habitual.,atencao
1878,Angiotomografia de artérias pulmonares. Indicação: dor abdominal. Sistema ventricular de dimensões preservadas. Não há sinais de perfuração. Estruturas avaliadas com aspecto habitual. Conclusão: Sem alterações significativas.,normal
1879,Angiotomografia de artérias pulmonares. Indicação: trauma após queda. Fígado de dimensões e ecotextura normais. Traçado sem alterações da repolarização ventricular.,normal
1880,Ressonância magnética de coluna lombar. Indicação: dor torácica. Traçado sem alterações da repolarização ventricular. Cálculo renal não obstrutivo de 6 mm à direita. Conclusão: Recomenda-se acompanhamento ambulatorial.,atencao
1881,Angiotomografia de artérias pulmonares. Indicação: controle de rotina. Sem evidência de pneumotórax. Seios costofrênicos livres. Parênquima pulmonar com transparência preservada.,normal
1882,Ressonância magnética de coluna lombar. Indicação: lombalgia crônica. Sistema ventricular de dimensões preservadas. Sem evidência de pneumotórax. Aorta de calibre normal. Conclusão: Sem alterações significativas.,normal
1883,Tomografia computadorizada de crânio sem contraste. Indicação: síncope. Seios costofrênicos livres. Área cardíaca dentro dos limites da normalidade.,normal
1884,Angiotomografia de artérias pulmonares. Indicação: dispneia progressiva. Fibrilação ventricular. Ritmo sinusal com frequência cardíaca normal.,urgente
1885,Eletrocardiograma de repouso. Indicação: avaliação pré-operatória. Área cardíaca dentro dos limites da normalidade. Sistema ventricular de dimensões preservadas. Conclusão: Exame dentro dos limites da normalidade.,normal
1886,Ultrassonografia de abdome total. Indicação: dor torácica. Extrassístoles ventriculares frequentes. Não há supradesnivelamento do segmento ST. Ritmo sinusal com frequência cardíaca normal. Conclusão: Sugere-se correlação clínica e controle evolutivo.,atencao
1887,Eletrocardiograma de repouso. Indicação: dor abdominal. Espessamento parietal da vesícula biliar sem sinais de complicação. Aorta de calibre normal. Conclusão: Sugere-se correlação clínica e controle evolutivo.,atencao
1888,Eletrocardiograma de repouso. Indicação: dor abdominal. Discreta cardiomegalia. Sistema ventricular de dimensões preservadas. Conclusão: Sugere-se correlação clínica e controle evolutivo.,atencao
1889,"Eletrocardiograma de repouso. Indicação: febre persistente. Seios costofrênicos livres. Rins de forma, tamanho e contornos normais.",normal
1890,Ultrassonografia de abdome total. Indicação: dispneia progressiva. Supradesnivelamento do segmento ST em parede anterior. Parênquima pulmonar com transparência preservada. Conclusão: Achado crítico: comunicado à equipe assistente.,urgente
1891,"Radiografia de tórax em PA e perfil. Indicação: síncope. Sistema ventricular de dimensões preservadas. Rins de forma, tamanho e contornos normais. Conclusão: Sem alterações significativas.",normal
1892,Angiotomografia de artérias pulmonares. Indicação: síncope. Dissecção de aorta torácica tipo A. Sistema ventricular de dimensões preservadas. Conclusão: Necessita avaliação médica imediata.,urgente
1893,Ultrassonografia de abdome total. Indicação: dor torácica. Fígado de dimensões e ecotextura normais. Corpos vertebrais com altura e alinhamento preservados. Não há sinais de perfuração. Conclusão: Sem alterações significativas.,normal
1894,Eletrocardiograma de repouso. Indicação: dor torácica. Fígado de dimensões e ecotextura normais. Traçado sem alterações da repolarização ventricular. Conclusão: Exame dentro dos limites da normalidade.,normal
1895,Tomografia computadorizada de crânio sem contraste. Indicação: dispneia progressiva. Cálculo renal não obstrutivo de 6 mm à direita. Falha de enchimento em artéria pulmonar principal compatível com tromboembolismo. Conclusão: Necessita avaliação médica imediata.,urgente
1896,Ultrassonografia obstétrica. Indicação: trauma após queda. Traçado sem alterações da repolarização ventricular. Parênquima pulmonar com transparência preservada. Conclusão: Estudo sem achados relevantes.,normal
1897,Ultrassonografia obstétrica. Indicação: lombalgia crônica. Ausência de sinais de hemorragia. Área cardíaca dentro dos limites da normalidade. Sistema ventricular de dimensões preservadas.,normal
1898,Eletrocardiograma de repouso. Indicação: dor abdominal. Esteatose hepática moderada. Ritmo sinusal com frequência cardíaca normal.,atencao
1899,Ultrassonografia obstétrica. Indicação: dispneia progressiva. Fígado de dimensões e ecotextura normais. Traçado sem alterações da repolarização ventricular. Conclusão: Sem alterações significativas.,normal
1900,"Tomografia computadorizada de tórax. Indicação: dor torácica. Vesícula biliar de paredes finas, sem cálculos. Aorta de calibre normal. Não há sinais de perfuração. Conclusão: Sem alterações significativas.",normal
1901,Tomografia computadorizada de tórax. Indicação: síncope. Seios costofrênicos livres. Aorta de calibre normal. Conclusão: Sem alterações significativas.,urgente
1902,Radiografia de tórax em PA e perfil. Indicação: dor torácica. Aorta de calibre normal. Linfonodos mediastinais levemente aumentados.,atencao
1903,Tomografia computadorizada de crânio sem contraste. Indicação: dor torácica. Aorta de calibre normal. Sistema ventricular de dimensões preservadas. Conclusão: Exame dentro dos limites da normalidade.,normal
1904,Tomografia computadorizada de tórax. Indicação: controle de rotina. Fígado de dimensões e ecotextura normais. Pequeno derrame pleural à esquerda. Sem desvio da linha média. Conclusão: Recomenda-se acompanhamento ambulatorial.,atencao
1905,Ultrassonografia de abdome total. Indicação: síncope. Parênquima pulmonar com transparência preservada. Aorta de calibre normal.,normal
1906,Tomografia computadorizada de crânio sem contraste. Indicação: avaliação pré-operatória. Área cardíaca dentro dos limites da normalidade. Sem evidência de pneumotórax. Estruturas avaliadas com aspecto habitual. Conclusão: Exame dentro dos limites da normalidade.,normal
1907,Angiotomografia de artérias pulmonares. Indicação: controle de rotina. Estruturas avaliadas com aspecto habitual. Extrassístoles ventriculares frequentes. Conclusão: Achado que requer seguimento em consulta.,atencao
1908,Ultrassonografia de abdome total. Indicação: dor abdominal. Dissecção de aorta torácica tipo A. Aorta de calibre normal.,urgente
1909,Ultrassonografia de abdome total. Indicação: trauma após queda. Não há supradesnivelamento do segmento ST. Esteatose hepática moderada. Área cardíaca dentro dos limites da normalidade. Conclusão: Recomenda-se acompanhamento ambulatorial.,atencao
1910,Tomografia computadorizada de tórax. Indicação: dor torácica. Sistema ventricular de dimensões preservadas. Fígado de dimensões e ecotextura normais.,normal
1911,Ultrassonografia de abdome total. Indicação: febre persistente. Parênquima pulmonar com transparência preservada. Bloqueio de ramo direito incompleto. Conclusão: Recomenda-se acompanhamento ambulatorial.,atencao
1912,"Ultrassonografia obstétrica. Indicação: dor torácica. Área cardíaca dentro dos limites da normalidade. Sem desvio da linha média. Vesícula biliar de paredes finas, sem cálculos.",normal
1913,Radiografia de tórax em PA e perfil. Indicação: cefaleia intensa. Sem desvio da linha média. Corpos vertebrais com altura e alinhamento preservados. Estruturas avaliadas com aspecto habitual. Conclusão: Estudo sem achados relevantes.,normal
1914,Tomografia computadorizada de tórax. Indicação: cefaleia intensa. Corpos vertebrais com altura e alinhamento preservados. Traçado sem alterações da repolarização ventricular.,normal
1915,Eletrocardiograma de repouso. Indicação: febre persistente. Dissecção de aorta torácica tipo A. Discreta cardiomegalia.,urgente
1916,Ultrassonografia de abdome total. Indicação: trauma após queda. Área cardíaca dentro dos limites da normalidade. Aorta de calibre normal. Sem evidência de pneumotórax. Conclusão: Estudo sem achados relevantes.,normal
1917,"Tomografia computadorizada de tórax. Indicação: dor abdominal. Traçado sem alterações da repolarização ventricular. Vesícula biliar de paredes finas, sem cálculos.",normal
1918,Tomografia computadorizada de tórax. Indicação: controle de rotina. Extrassístoles ventriculares frequentes. Sistema ventricular de dimensões preservadas. Conclusão: Achado que requer seguimento em consulta.,atencao
1919,Ressonância magnética de coluna lombar. Indicação: trauma após queda. Sem desvio da linha média. Traçado sem alterações da repolarização ventricular. Protrusão discal L4-L5 com compressão radicular leve.,atencao
1920,Tomografia computadorizada de crânio sem contraste. Indicação: lombalgia crônica. Apendicite aguda com sinais de perfuração e abscesso. Fígado de dimensões e ecotextura normais. Conclusão: Achado crítico: comunicado à equipe assistente.,atencao
1921,Ultrassonografia de abdome total. Indicação: lombalgia crônica. Fígado de dimensões e ecotextura normais. Parênquima pulmonar com transparência preservada. Conclusão: Estudo sem achados relevantes.,normal
1922,Angiotomografia de artérias pulmonares. Indicação: controle de rotina. Seios costofrênicos livres. Traçado sem alterações da repolarização ventricular. Não há sinais de perfuração. Conclusão: Estudo sem achados relevantes.,normal
1923,Ressonância magnética de coluna lombar. Indicação: febre persistente. Parênquima pulmonar com transparência preservada. Sistema ventricular de dimensões preservadas. Conclusão: Sem alterações significativas.,normal
1924,Tomografia computadorizada de crânio sem contraste. Indicação: controle de rotina. Traçado sem alterações da repolarização ventricular. Ausência de sinais de hemorragia. Aorta de calibre normal. Conclusão: Estudo sem achados relevantes.,normal
1925,Ressonância magnética de coluna lombar. Indicação: dor abdominal. Não há supradesnivelamento do segmento ST. Fígado de dimensões e ecotextura normais. Seios costofrênicos livres. Conclusão: Exame dentro dos limites da normalidade.,normal
1926,Ultrassonografia obstétrica. Indicação: lombalgia crônica. Protrusão discal L4-L5 com compressão radicular leve. Supradesnivelamento do segmento ST em parede anterior. Conclusão: Achado crítico: comunicado à equipe assistente.,urgente
1927,"Radiografia de tórax em PA e perfil. Indicação: dispneia progressiva. Seios costofrênicos livres. Supradesnivelamento do segmento ST em parede anterior. Conclusão: Resultado crítico, acionar protocolo de emergência.",urgente
1928,Tomografia computadorizada de tórax. Indicação: cefaleia intensa. Fígado de dimensões e ecotextura normais. Esteatose hepática moderada. Sem evidência de pneumotórax.,atencao
1929,"Angiotomografia de artérias pulmonares. Indicação: avaliação pré-operatória. Opacidade em vidro fosco periférica de pequena extensão. Rins de forma, tamanho e contornos normais. Conclusão: Achado que requer seguimento em consulta.",atencao
1930,Tomografia computadorizada de crânio sem contraste. Indicação: controle de rotina. Corpos vertebrais com altura e alinhamento preservados. Bloqueio de ramo direito incompleto. Conclusão: Achado que requer seguimento em consulta.,atencao
1931,Tomografia computadorizada de tórax. Indicação: controle de rotina. Corpos vertebrais com altura e alinhamento preservados. Ausência de sinais de hemorragia. Traçado sem alterações da repolarização ventricular. Conclusão: Estudo sem achados relevantes.,normal
1932,Ultrassonografia obstétrica. Indicação: lombalgia crônica. Não há supradesnivelamento do segmento ST. Sistema ventricular de dimensões preservadas. Bloqueio de ramo direito incompleto. Conclusão: Achado que requer seguimento em consulta.,atencao
1933,Angiotomografia de artérias pulmonares. Indicação: dor abdominal. Hemorragia intraparenquimatosa extensa com desvio da linha média. Discreta cardiomegalia. Conclusão: Achado crítico: comunicado à equipe assistente.,urgente
1934,Tomografia computadorizada de tórax. Indicação: cefaleia intensa. Hemorragia intraparenquimatosa extensa com desvio da linha média. Sistema ventricular de dimensões preservadas. Conclusão: Necessita avaliação médica imediata.,urgente
1935,Eletrocardiograma de repouso. Indicação: síncope. Linfonodos mediastinais levemente aumentados. Corpos vertebrais com altura e alinhamento preservados. Conclusão: Achado que requer seguimento em consulta.,atencao
1936,Tomografia computadorizada de tórax. Indicação: febre persistente. Opacidade em vidro fosco periférica de pequena extensão. Corpos vertebrais com altura e alinhamento preservados. Conclusão: Sugere-se correlação clínica e controle evolutivo.,atencao
1937,"Eletrocardiograma de repouso. Indicação: síncope. Espessamento parietal da vesícula biliar sem sinais de complicação. Rins de forma, tamanho e contornos normais.",atencao
1938,Ultrassonografia de abdome total. Indicação: febre persistente. Seios costofrênicos livres. Sistema ventricular de dimensões preservadas. Conclusão: Sem alterações significativas.,normal
1939,Angiotomografia de artérias pulmonares. Indicação: trauma após queda. Protrusão discal L4-L5 com compressão radicular leve. Sistema ventricular de dimensões preservadas. Conclusão: Achado que requer seguimento em consulta.,atencao
1940,"Eletrocardiograma de repouso. Indicação: síncope. Sem desvio da linha média. Bloqueio de ramo direito incompleto. Rins de forma, tamanho e contornos normais. Conclusão: Achado que requer seguimento em consulta.",atencao
1941,"Ressonância magnética de coluna lombar. Indicação: controle de rotina. Sem evidência de pneumotórax. Seios costofrênicos livres. Rins de forma, tamanho e contornos normais. Conclusão: Estudo sem achados relevantes.",urgente
1942,"Ressonância magnética de coluna lombar. Indicação: cefaleia intensa. Supradesnivelamento do segmento ST em parede anterior. Vesícula biliar de paredes finas, sem cálculos. Conclusão: Achado crítico: comunicado à equipe assistente.",urgente
1943,"Ultrassonografia de abdome total. Indicação: cefaleia intensa. Protrusão discal L4-L5 com compressão radicular leve. Rins de forma, tamanho e contornos normais. Sem sinais de tromboembolismo. Conclusão: Sugere-se correlação clínica e controle evolutivo.",atencao
1944,Angiotomografia de artérias pulmonares. Indicação: febre persistente. Dissecção de aorta torácica tipo A. Fígado de dimensões e ecotextura normais.,urgente
1945,Eletrocardiograma de repouso. Indicação: trauma após queda. Fígado de dimensões e ecotextura normais. Aorta de calibre normal. Conclusão: Sem alterações significativas.,normal
1946,Ultrassonografia de abdome total. Indicação: síncope. Pneumoperitônio compatível com perfuração de víscera oca. Aorta de calibre normal. Conclusão: Necessita avaliação médica imediata.,urgente
1947,Eletrocardiograma de repouso. Indicação: febre persistente. Estruturas avaliadas com aspecto habitual. Cálculo renal não obstrutivo de 6 mm à direita. Conclusão: Recomenda-se acompanhamento ambulatorial.,atencao
1948,"Angiotomografia de artérias pulmonares. Indicação: controle de rotina. Corpos vertebrais com altura e alinhamento preservados. Rins de forma, tamanho e contornos normais.",normal
1949,Eletrocardiograma de repouso. Indicação: cefaleia intensa. Ritmo sinusal com frequência cardíaca normal. Área cardíaca dentro dos limites da normalidade. Ausência de sinais de hemorragia. Conclusão: Estudo sem achados relevantes.,normal
1950,Ultrassonografia obstétrica. Indicação: dor torácica. Sem sinais de tromboembolismo. Corpos vertebrais com altura e alinhamento preservados. Sistema ventricular de dimensões preservadas. Conclusão: Estudo sem achados relevantes.,normal
1951,"Ressonância magnética de coluna lombar. Indicação: dor abdominal. Rins de forma, tamanho e contornos normais. Sem evidência de pneumotórax. Espessamento parietal da vesícula biliar sem sinais de complicação. Conclusão: Sugere-se correlação clínica e controle evolutivo.",atencao
1952,Angiotomografia de artérias pulmonares. Indicação: dispneia progressiva. Pequeno derrame pleural à esquerda. Supradesnivelamento do segmento ST em parede anterior. Conclusão: Achado crítico: comunicado à equipe assistente.,urgente
1953,Ressonância magnética de coluna lombar. Indicação: cefaleia intensa. Área cardíaca dentro dos limites da normalidade. Sem desvio da linha média. Parênquima pulmonar com transparência preservada.,normal
1954,"Angiotomografia de artérias pulmonares. Indicação: trauma após queda. Não há supradesnivelamento do segmento ST. Sistema ventricular de dimensões preservadas. Rins de forma, tamanho e contornos normais. Conclusão: Sem alterações significativas.",normal
1955,Tomografia computadorizada de crânio sem contraste. Indicação: síncope. Cisto ovariano complexo de 4 cm. Ritmo sinusal com frequência cardíaca normal.,atencao
1956,Ultrassonografia de abdome total. Indicação: dispneia progressiva. Sistema ventricular de dimensões preservadas. Sem evidência de pneumotórax. Aorta de calibre normal. Conclusão: Estudo sem achados relevantes.,normal
1957,"Radiografia de tórax em PA e perfil. Indicação: trauma após queda. Falha de enchimento em artéria pulmonar principal compatível com tromboembolismo. Esteatose hepática moderada. Conclusão: Resultado crítico, acionar protocolo de emergência.",urgente
1958,Radiografia de tórax em PA e perfil. Indicação: trauma após queda. Fígado de dimensões e ecotextura normais. Discreta cardiomegalia. Conclusão: Recomenda-se acompanhamento ambulatorial.,atencao
1959,Radiografia de tórax em PA e perfil. Indicação: dispneia progressiva. Ritmo sinusal com frequência cardíaca normal. Sem sinais de tromboembolismo. Traçado sem alterações da repolarização ventricular.,normal
1960,"Radiografia de tórax em PA e perfil. Indicação: dor torácica. Não há supradesnivelamento do segmento ST. Traçado sem alterações da repolarização ventricular. Vesícula biliar de paredes finas, sem cálculos. Conclusão: Estudo sem achados relevantes.",normal
1961,Tomografia computadorizada de tórax. Indicação: cefaleia intensa. Traçado sem alterações da repolarização ventricular. Aorta de calibre normal.,normal
1962,Eletrocardiograma de repouso. Indicação: trauma após queda. Fígado de dimensões e ecotextura normais. Não há sinais de perfuração. Nódulo pulmonar sólido de 8 mm no lobo superior direito. Conclusão: Sugere-se correlação clínica e controle evolutivo.,atencao
1963,"Tomografia computadorizada de tórax. Indicação: controle de rotina. Opacidade em vidro fosco periférica de pequena extensão. Rins de forma, tamanho e contornos normais. Conclusão: Recomenda-se acompanhamento ambulatorial.",atencao
1964,Ressonância magnética de coluna lombar. Indicação: controle de rotina. Ritmo sinusal com frequência cardíaca normal. Discreta cardiomegalia. Sem evidência de pneumotórax. Conclusão: Recomenda-se acompanhamento ambulatorial.,atencao
1965,Angiotomografia de artérias pulmonares. Indicação: síncope. Ritmo sinusal com frequência cardíaca normal. Ausência de sinais de hemorragia. Pequeno derrame pleural à esquerda. Conclusão: Sugere-se correlação clínica e controle evolutivo.,atencao
1966,Ultrassonografia obstétrica. Indicação: cefaleia intensa. Apendicite aguda com sinais de perfuração e abscesso. Traçado sem alterações da repolarização ventricular. Conclusão: Achado crítico: comunicado à equipe assistente.,urgente
1967,"Angiotomografia de artérias pulmonares. Indicação: controle de rotina. Corpos vertebrais com altura e alinhamento preservados. Rins de forma, tamanho e contornos normais. Conclusão: Estudo sem achados relevantes.",normal
1968,Eletrocardiograma de repouso. Indicação: dor abdominal. Estruturas avaliadas com aspecto habitual. Pneumotórax hipertensivo à direita com desvio do mediastino.,urgente
1969,Eletrocardiograma de repouso. Indicação: avaliação pré-operatória. Ritmo sinusal com frequência cardíaca normal. Área cardíaca dentro dos limites da normalidade. Não há sinais de perfuração. Conclusão: Estudo sem achados relevantes.,normal
1970,Tomografia computadorizada de crânio sem contraste. Indicação: síncope. Estruturas avaliadas com aspecto habitual. Não há supradesnivelamento do segmento ST. Aorta de calibre normal. Conclusão: Exame dentro dos limites da normalidade.,normal
1971,Ressonância magnética de coluna lombar. Indicação: dor torácica. Corpos vertebrais com altura e alinhamento preservados. Seios costofrênicos livres. Conclusão: Estudo sem achados relevantes.,normal
1972,Tomografia computadorizada de crânio sem contraste. Indicação: avaliação pré-operatória. Linfonodos mediastinais levemente aumentados. Traçado sem alterações da repolarização ventricular.,atencao
1973,Tomografia computadorizada de tórax. Indicação: dispneia progressiva. Sem sinais de tromboembolismo. Seios costofrênicos livres. Estruturas avaliadas com aspecto habitual. Conclusão: Estudo sem achados relevantes.,normal
1974,Tomografia computadorizada de tórax. Indicação: dor abdominal. Parênquima pulmonar com transparência preservada. Opacidade em vidro fosco periférica de pequena extensão. Não há sinais de perfuração.,atencao
1975,"Ressonância magnética de coluna lombar. Indicação: febre persistente. Vesícula biliar de paredes finas, sem cálculos. Bloqueio de ramo direito incompleto. Não há sinais de perfuração.",atencao
1976,Ultrassonografia de abdome total. Indicação: avaliação pré-operatória. Parênquima pulmonar com transparência preservada. Cisto ovariano complexo de 4 cm. Conclusão: Recomenda-se acompanhamento ambulatorial.,atencao
1977,"Tomografia computadorizada de crânio sem contraste. Indicação: lombalgia crônica. Corpos vertebrais com altura e alinhamento preservados. Não há supradesnivelamento do segmento ST. Vesícula biliar de paredes finas, sem cálculos.",normal
1978,Radiografia de tórax em PA e perfil. Indicação: cefaleia intensa. Corpos vertebrais com altura e alinhamento preservados. Estruturas avaliadas com aspecto habitual. Conclusão: Exame dentro dos limites da normalidade.,normal
1979,Ultrassonografia de abdome total. Indicação: síncope. Esteatose hepática moderada. Sistema ventricular de dimensões preservadas. Sem sinais de tromboembolismo. Conclusão: Recomenda-se acompanhamento ambulatorial.,atencao
1980,Tomografia computadorizada de crânio sem contraste. Indicação: avaliação pré-operatória. Pequeno derrame pleural à esquerda. Sem desvio da linha média. Área cardíaca dentro dos limites da normalidade. Conclusão: Achado que requer seguimento em consulta.,atencao
1981,Tomografia computadorizada de tórax. Indicação: dor torácica. Ausência de sinais de hemorragia. Protrusão discal L4-L5 com compressão radicular leve. Fígado de dimensões e ecotextura normais. Conclusão: Sugere-se correlação clínica e controle evolutivo.,atencao
1982,Eletrocardiograma de repouso. Indicação: síncope. Discreta cardiomegalia. Falha de enchimento em artéria pulmonar principal compatível com tromboembolismo. Conclusão: Achado crítico: comunicado à equipe assistente.,urgente
1983,Eletrocardiograma de repouso. Indicação: dispneia progressiva. Corpos vertebrais com altura e alinhamento preservados. Cálculo renal não obstrutivo de 6 mm à direita. Conclusão: Achado que requer seguimento em consulta.,atencao
1984,Ressonância magnética de coluna lombar. Indicação: dor torácica. Espessamento parietal da vesícula biliar sem sinais de complicação. Hemorragia intraparenquimatosa extensa com desvio da linha média. Conclusão: Necessita avaliação médica imediata.,urgente
1985,Angiotomografia de artérias pulmonares. Indicação: lombalgia crônica. Não há sinais de perfuração. Sistema ventricular de dimensões preservadas. Traçado sem alterações da repolarização ventricular. Conclusão: Estudo sem achados relevantes.,normal
1986,Tomografia computadorizada de tórax. Indicação: febre persistente. Traçado sem alterações da repolarização ventricular. Seios costofrênicos livres.,normal
1987,Ressonância magnética de coluna lombar. Indicação: febre persistente. Discreta cardiomegalia. Sem desvio da linha média. Fígado de dimensões e ecotextura normais.,atencao
1988,Ressonância magnética de coluna lombar. Indicação: síncope. Esteatose hepática moderada. Estruturas avaliadas com aspecto habitual. Conclusão: Recomenda-se acompanhamento ambulatorial.,atencao
1989,Tomografia computadorizada de tórax. Indicação: dor torácica. Sistema ventricular de dimensões preservadas. Traçado sem alterações da repolarização ventricular. Conclusão: Sem alterações significativas.,normal
1990,Ressonância magnética de coluna lombar. Indicação: febre persistente. Discreta cardiomegalia. Não há sinais de perfuração. Estruturas avaliadas com aspecto habitual. Conclusão: Recomenda-se acompanhamento ambulatorial.,atencao
1991,"Tomografia computadorizada de tórax. Indicação: febre persistente. Rins de forma, tamanho e contornos normais. Área cardíaca dentro dos limites da normalidade. Conclusão: Sem alterações significativas.",normal
1992,Eletrocardiograma de repouso. Indicação: síncope. Opacidade em vidro fosco periférica de pequena extensão. Estruturas avaliadas com aspecto habitual. Conclusão: Recomenda-se acompanhamento ambulatorial.,atencao
1993,Ultrassonografia de abdome total. Indicação: lombalgia crônica. Estruturas avaliadas com aspecto habitual. Sem sinais de tromboembolismo. Nódulo pulmonar sólido de 8 mm no lobo superior direito. Conclusão: Achado que requer seguimento em consulta.,atencao
1994,Tomografia computadorizada de tórax. Indicação: cefaleia intensa. Dissecção de aorta torácica tipo A. Parênquima pulmonar com transparência preservada. Conclusão: Achado crítico: comunicado à equipe assistente.,urgente
1995,Tomografia computadorizada de tórax. Indicação: febre persistente. Descolamento prematuro de placenta com sinais de sofrimento fetal. Opacidade em vidro fosco periférica de pequena extensão. Conclusão: Achado crítico: comunicado à equipe assistente.,urgente
1996,Tomografia computadorizada de crânio sem contraste. Indicação: lombalgia crônica. Fígado de dimensões e ecotextura normais. Sistema ventricular de dimensões preservadas. Conclusão: Sem alterações significativas.,normal
1997,Radiografia de tórax em PA e perfil. Indicação: dor torácica. Bloqueio de ramo direito incompleto. Área cardíaca dentro dos limites da normalidade. Conclusão: Achado que requer seguimento em consulta.,atencao
1998,Ressonância magnética de coluna lombar. Indicação: lombalgia crônica. Apendicite aguda com sinais de perfuração e abscesso. Extrassístoles ventriculares frequentes. Conclusão: Necessita avaliação médica imediata.,urgente
1999,Tomografia computadorizada de crânio sem contraste. Indicação: síncope. Área cardíaca dentro dos limites da normalidade. Não há supradesnivelamento do segmento ST. Seios costofrênicos livres. Conclusão: Estudo sem achados relevantes.,normal
2000,Tomografia computadorizada de tórax. Indicação: controle de rotina. Ritmo sinusal com frequência cardíaca normal. Supradesnivelamento do segmento ST em parede anterior. Conclusão: Achado crítico: comunicado à equipe assistente.,urgente
2001,"Tomografia computadorizada de tórax. Indicação: síncope. Cálculo renal não obstrutivo de 6 mm à direita. Ausência de sinais de hemorragia. Vesícula biliar de paredes finas, sem cálculos.",atencao
2002,"Tomografia computadorizada de crânio sem contraste. Indicação: cefaleia intensa. Corpos vertebrais com altura e alinhamento preservados. Rins de forma, tamanho e contornos normais. Sem desvio da linha média. Conclusão: Estudo sem achados relevantes.",normal
2003,Tomografia computadorizada de tórax. Indicação: lombalgia crônica. Ritmo sinusal com frequência cardíaca normal. Sem sinais de tromboembolismo. Aorta de calibre normal. Conclusão: Sem alterações significativas.,normal
2004,Radiografia de tórax em PA e perfil. Indicação: controle de rotina. Estruturas avaliadas com aspecto habitual. Não há sinais de perfuração. Aorta de calibre normal. Conclusão: Exame dentro dos limites da normalidade.,normal
2005,Ultrassonografia de abdome total. Indicação: cefaleia intensa. Estruturas avaliadas com aspecto habitual. Sistema ventricular de dimensões preservadas.,normal
2006,Ultrassonografia de abdome total. Indicação: lombalgia crônica. Estruturas avaliadas com aspecto habitual. Extrassístoles ventriculares frequentes.,atencao
2007,Tomografia computadorizada de tórax. Indicação: síncope. Descolamento prematuro de placenta com sinais de sofrimento fetal. Estruturas avaliadas com aspecto habitual. Conclusão: Necessita avaliação médica imediata.,urgente
2008,Ultrassonografia obstétrica. Indicação: febre persistente. Sem sinais de tromboembolismo. Aorta de calibre normal. Ritmo sinusal com frequência cardíaca normal. Conclusão: Exame dentro dos limites da normalidade.,normal
2009,Ultrassonografia obstétrica. Indicação: febre persistente. Parênquima pulmonar com transparência preservada. Extrassístoles ventriculares frequentes.,atencao
2010,Angiotomografia de artérias pulmonares. Indicação: controle de rotina. Espessamento parietal da vesícula biliar sem sinais de complicação. Pneumotórax hipertensivo à direita com desvio do mediastino. Conclusão: Necessita avaliação médica imediata.,urgente
2011,Tomografia computadorizada de crânio sem contraste. Indicação: dor torácica. Ritmo sinusal com frequência cardíaca normal. Sem sinais de tromboembolismo. Pequeno derrame pleural à esquerda.,atencao
2012,"Tomografia computadorizada de tórax. Indicação: cefaleia intensa. Vesícula biliar de paredes finas, sem cálculos. Traçado sem alterações da repolarização ventricular. Conclusão: Exame dentro dos limites da normalidade.",normal
2013,Tomografia computadorizada de crânio sem contraste. Indicação: lombalgia crônica. Protrusão discal L4-L5 com compressão radicular leve. Aneurisma de aorta abdominal roto. Conclusão: Necessita avaliação médica imediata.,urgente
2014,Tomografia computadorizada de crânio sem contraste. Indicação: dor torácica. Traçado sem alterações da repolarização ventricular. Bloqueio de ramo direito incompleto. Conclusão: Achado que requer seguimento em consulta.,atencao
2015,"Eletrocardiograma de repouso. Indicação: trauma após queda. Pequeno derrame pleural à esquerda. Sem sinais de tromboembolismo. Rins de forma, tamanho e contornos normais. Conclusão: Achado que requer seguimento em consulta.",atencao
2016,Ressonância magnética de coluna lombar. Indicação: síncope. Cisto ovariano complexo de 4 cm. Fibrilação ventricular. Conclusão: Necessita avaliação médica imediata.,urgente
2017,Ultrassonografia obstétrica. Indicação: controle de rotina. Traçado sem alterações da repolarização ventricular. Aorta de calibre normal. Não há supradesnivelamento do segmento ST.,normal
2018,Angiotomografia de artérias pulmonares. Indicação: lombalgia crônica. Seios costofrênicos livres. Área cardíaca dentro dos limites da normalidade. Conclusão: Exame dentro dos limites da normalidade.,normal
2019,"Ultrassonografia obstétrica. Indicação: trauma após queda. Rins de forma, tamanho e contornos normais. Cálculo renal não obstrutivo de 6 mm à direita. Conclusão: Recomenda-se acompanhamento ambulatorial.",atencao
2020,Angiotomografia de artérias pulmonares. Indicação: dor torácica. Fígado de dimensões e ecotextura normais. Corpos vertebrais com altura e alinhamento preservados. Conclusão: Estudo sem achados relevantes.,normal
2021,"Angiotomografia de artérias pulmonares. Indicação: febre persistente. Rins de forma, tamanho e contornos normais. Fígado de dimensões e ecotextura normais. Sem desvio da linha média. Conclusão: Estudo sem achados relevantes.",urgente
2022,"Eletrocardiograma de repouso. Indicação: avaliação pré-operatória. Cálculo renal não obstrutivo de 6 mm à direita. Vesícula biliar de paredes finas, sem cálculos. Conclusão: Recomenda-se acompanhamento ambulatorial.",atencao
2023,Ultrassonografia de abdome total. Indicação: síncope. Sem desvio da linha média. Fígado de dimensões e ecotextura normais. Opacidade em vidro fosco periférica de pequena extensão.,atencao
2024,"Ressonância magnética de coluna lombar. Indicação: trauma após queda. Rins de forma, tamanho e contornos normais. Seios costofrênicos livres.",normal
2025,Radiografia de tórax em PA e perfil. Indicação: dispneia progressiva. Sem sinais de tromboembolismo. Sistema ventricular de dimensões preservadas. Fígado de dimensões e ecotextura normais.,normal
2026,Tomografia computadorizada de tórax. Indicação: cefaleia intensa. Nódulo pulmonar sólido de 8 mm no lobo superior direito. Área cardíaca dentro dos limites da normalidade. Conclusão: Sugere-se correlação clínica e controle evolutivo.,atencao
2027,Radiografia de tórax em PA e perfil. Indicação: dor torácica. Não há sinais de perfuração. Opacidade em vidro fosco periférica de pequena extensão. Área cardíaca dentro dos limites da normalidade.,normal
2028,Radiografia de tórax em PA e perfil. Indicação: dor abdominal. Fígado de dimensões e ecotextura normais. Espessamento parietal da vesícula biliar sem sinais de complicação. Conclusão: Achado que requer seguimento em consulta.,atencao
2029,Tomografia computadorizada de crânio sem contraste. Indicação: lombalgia crônica. Seios costofrênicos livres. Sistema ventricular de dimensões preservadas. Conclusão: Sem alterações significativas.,normal
2030,Radiografia de tórax em PA e perfil. Indicação: dor torácica. Estruturas avaliadas com aspecto habitual. Ritmo sinusal com frequência cardíaca normal. Não há sinais de perfuração.,normal
2031,Ressonância magnética de coluna lombar. Indicação: trauma após queda. Sistema ventricular de dimensões preservadas. Nódulo pulmonar sólido de 8 mm no lobo superior direito. Conclusão: Achado que requer seguimento em consulta.,atencao
2032,Ultrassonografia obstétrica. Indicação: lombalgia crônica. Sem sinais de tromboembolismo. Fígado de dimensões e ecotextura normais. Traçado sem alterações da repolarização ventricular.,normal
2033,Tomografia computadorizada de crânio sem contraste. Indicação: lombalgia crônica. Área cardíaca dentro dos limites da normalidade. Espessamento parietal da vesícula biliar sem sinais de complicação. Conclusão: Achado que requer seguimento em consulta.,atencao
2034,Angiotomografia de artérias pulmonares. Indicação: dor abdominal. Extrassístoles ventriculares frequentes. Não há sinais de perfuração. Parênquima pulmonar com transparência preservada.,atencao
2035,Radiografia de tórax em PA e perfil. Indicação: febre persistente. Corpos vertebrais com altura e alinhamento preservados. Fígado de dimensões e ecotextura normais. Conclusão: Sem alterações significativas.,normal
2036,Ressonância magnética de coluna lombar. Indicação: controle de rotina. Sem evidência de pneumotórax. Estruturas avaliadas com aspecto habitual. Fígado de dimensões e ecotextura normais.,normal
2037,Angiotomografia de artérias pulmonares. Indicação: avaliação pré-operatória. Sistema ventricular de dimensões preservadas. Esteatose hepática moderada. Conclusão: Recomenda-se acompanhamento ambulatorial.,atencao
2038,Radiografia de tórax em PA e perfil. Indicação: dor abdominal. Ritmo sinusal com frequência cardíaca normal. Aorta de calibre normal. Conclusão: Exame dentro dos limites da normalidade.,normal
2039,Eletrocardiograma de repouso. Indicação: avaliação pré-operatória. Fibrilação ventricular. Cálculo renal não obstrutivo de 6 mm à direita. Conclusão: Necessita avaliação médica imediata.,urgente
2040,Ultrassonografia de abdome total. Indicação: síncope. Sistema ventricular de dimensões preservadas. Seios costofrênicos livres. Sem evidência de pneumotórax. Conclusão: Sem alterações significativas.,normal
2041,Tomografia computadorizada de tórax. Indicação: dispneia progressiva. Aorta de calibre normal. Sistema ventricular de dimensões preservadas. Sem evidência de pneumotórax. Conclusão: Exame dentro dos limites da normalidade.,normal
2042,Tomografia computadorizada de tórax. Indicação: cefaleia intensa. Não há supradesnivelamento do segmento ST. Corpos vertebrais com altura e alinhamento preservados. Parênquima pulmonar com transparência preservada. Conclusão: Sem alterações significativas.,normal
2043,"Ultrassonografia de abdome total. Indicação: síncope. Sistema ventricular de dimensões preservadas. Não há supradesnivelamento do segmento ST. Vesícula biliar de paredes finas, sem cálculos. Conclusão: Estudo sem achados relevantes.",normal
2044,Tomografia computadorizada de tórax. Indicação: dor abdominal. Área cardíaca dentro dos limites da normalidade. Sistema ventricular de dimensões preservadas. Ausência de sinais de hemorragia. Conclusão: Estudo sem achados relevantes.,normal
2045,Tomografia computadorizada de crânio sem contraste. Indicação: dor torácica. Estruturas avaliadas com aspecto habitual. Protrusão discal L4-L5 com compressão radicular leve. Conclusão: Achado que requer seguimento em consulta.,atencao
2046,Ultrassonografia obstétrica. Indicação: avaliação pré-operatória. Cálculo renal não obstrutivo de 6 mm à direita. Fígado de dimensões e ecotextura normais. Conclusão: Sugere-se correlação clínica e controle evolutivo.,atencao
2047,Eletrocardiograma de repouso. Indicação: avaliação pré-operatória. Opacidade em vidro fosco periférica de pequena extensão. Aorta de calibre normal. Conclusão: Sugere-se correlação clínica e controle evolutivo.,atencao
2048,Eletrocardiograma de repouso. Indicação: síncope. Ritmo sinusal com frequência cardíaca normal. Sem sinais de tromboembolismo. Espessamento parietal da vesícula biliar sem sinais de complicação. Conclusão: Sugere-se correlação clínica e controle evolutivo.,atencao
2049,Radiografia de tórax em PA e perfil. Indicação: trauma após queda. Ritmo sinusal com frequência cardíaca normal. Parênquima pulmonar com transparência preservada. Conclusão: Exame dentro dos limites da normalidade.,normal
2050,"Ultrassonografia de abdome total. Indicação: lombalgia crônica. Rins de forma, tamanho e contornos normais. Área cardíaca dentro dos limites da normalidade. Ausência de sinais de hemorragia. Conclusão: Exame dentro dos limites da normalidade.",normal
2051,Tomografia computadorizada de crânio sem contraste. Indicação: dor abdominal. Corpos vertebrais com altura e alinhamento preservados. Esteatose hepática moderada. Conclusão: Achado que requer seguimento em consulta.,atencao
2052,Ressonância magnética de coluna lombar. Indicação: cefaleia intensa. Sistema ventricular de dimensões preservadas. Não há supradesnivelamento do segmento ST. Área cardíaca dentro dos limites da normalidade. Conclusão: Estudo sem achados relevantes.,normal
2053,"Ressonância magnética de coluna lombar. Indicação: trauma após queda. Vesícula biliar de paredes finas, sem cálculos. Corpos vertebrais com altura e alinhamento preservados. Sem sinais de tromboembolismo. Conclusão: Estudo sem achados relevantes.",normal
2054,Eletrocardiograma de repouso. Indicação: dispneia progressiva. Bloqueio de ramo direito incompleto. Sem desvio da linha média. Corpos vertebrais com altura e alinhamento preservados.,atencao
2055,Angiotomografia de artérias pulmonares. Indicação: síncope. Sem desvio da linha média. Fígado de dimensões e ecotextura normais. Parênquima pulmonar com transparência preservada.,normal
2056,Angiotomografia de artérias pulmonares. Indicação: dispneia progressiva. Nódulo pulmonar sólido de 8 mm no lobo superior direito. Compressão medular aguda com sinais de mielopatia. Conclusão: Achado crítico: comunicado à equipe assistente.,urgente
2057,"Ressonância magnética de coluna lombar. Indicação: avaliação pré-operatória. Discreta cardiomegalia. Rins de forma, tamanho e contornos normais. Sem evidência de pneumotórax. Conclusão: Achado que requer seguimento em consulta.",atencao
2058,Angiotomografia de artérias pulmonares. Indicação: lombalgia crônica. Cálculo renal não obstrutivo de 6 mm à direita. Não há sinais de perfuração. Fígado de dimensões e ecotextura normais.,atencao
2059,"Eletrocardiograma de repouso. Indicação: síncope. Traçado sem alterações da repolarização ventricular. Rins de forma, tamanho e contornos normais. Conclusão: Estudo sem achados relevantes.",normal
2060,Ressonância magnética de coluna lombar. Indicação: avaliação pré-operatória. Sistema ventricular de dimensões preservadas. Traçado sem alterações da repolarização ventricular.,normal
2061,Tomografia computadorizada de crânio sem contraste. Indicação: síncope. Estruturas avaliadas com aspecto habitual. Área cardíaca dentro dos limites da normalidade. Sem desvio da linha média.,normal
2062,Tomografia computadorizada de crânio sem contraste. Indicação: controle de rotina. Opacidade em vidro fosco periférica de pequena extensão. Fibrilação ventricular. Conclusão: Necessita avaliação médica imediata.,urgente
2063,Ultrassonografia obstétrica. Indicação: dor torácica. Fibrilação ventricular. Cisto ovariano complexo de 4 cm.,urgente
2064,Ressonância magnética de coluna lombar. Indicação: cefaleia intensa. Apendicite aguda com sinais de perfuração e abscesso. Discreta cardiomegalia.,urgente
2065,Angiotomografia de artérias pulmonares. Indicação: lombalgia crônica. Parênquima pulmonar com transparência preservada. Pequeno derrame pleural à esquerda. Sem evidência de pneumotórax. Conclusão: Achado que requer seguimento em consulta.,atencao
2066,Angiotomografia de artérias pulmonares. Indicação: lombalgia crônica. Parênquima pulmonar com transparência preservada. Compressão medular aguda com sinais de mielopatia. Conclusão: Necessita avaliação médica imediata.,urgente
2067,"Tomografia computadorizada de crânio sem contraste. Indicação: dispneia progressiva. Rins de forma, tamanho e contornos normais. Sistema ventricular de dimensões preservadas. Ausência de sinais de hemorragia.",normal
2068,Radiografia de tórax em PA e perfil. Indicação: dor abdominal. Fibrilação ventricular. Esteatose hepática moderada.,urgente
2069,Ultrassonografia de abdome total. Indicação: dor abdominal. Hematoma subdural agudo com efeito de massa. Traçado sem alterações da repolarização ventricular.,urgente
2070,Radiografia de tórax em PA e perfil. Indicação: avaliação pré-operatória. Traçado sem alterações da repolarização ventricular. Dissecção de aorta torácica tipo A. Conclusão: Necessita avaliação médica imediata.,normal
2071,"Tomografia computadorizada de crânio sem contraste. Indicação: síncope. Rins de forma, tamanho e contornos normais. Ritmo sinusal com frequência cardíaca normal. Sem evidência de pneumotórax.",normal
2072,Eletrocardiograma de repouso. Indicação: controle de rotina. Sistema ventricular de dimensões preservadas. Linfonodos mediastinais levemente aumentados.,atencao
2073,"Radiografia de tórax em PA e perfil. Indicação: lombalgia crônica. Vesícula biliar de paredes finas, sem cálculos. Protrusão discal L4-L5 com compressão radicular leve. Conclusão: Sugere-se correlação clínica e controle evolutivo.",atencao
2074,Tomografia computadorizada de tórax. Indicação: dispneia progressiva. Aorta de calibre normal. Descolamento prematuro de placenta com sinais de sofrimento fetal. Conclusão: Necessita avaliação médica imediata.,urgente
2075,Ultrassonografia obstétrica. Indicação: trauma após queda. Aorta de calibre normal. Sem desvio da linha média. Seios costofrênicos livres. Conclusão: Estudo sem achados relevantes.,normal
2076,Angiotomografia de artérias pulmonares. Indicação: síncope. Aorta de calibre normal. Sem sinais de tromboembolismo. Ritmo sinusal com frequência cardíaca normal. Conclusão: Estudo sem achados relevantes.,normal
2077,Angiotomografia de artérias pulmonares. Indicação: cefaleia intensa. Protrusão discal L4-L5 com compressão radicular leve. Traçado sem alterações da repolarização ventricular. Conclusão: Recomenda-se acompanhamento ambulatorial.,atencao
2078,"Angiotomografia de artérias pulmonares. Indicação: febre persistente. Rins de forma, tamanho e contornos normais. Discreta cardiomegalia. Conclusão: Recomenda-se acompanhamento ambulatorial.",atencao
2079,Eletrocardiograma de repouso. Indicação: trauma após queda. Traçado sem alterações da repolarização ventricular. Seios costofrênicos livres.,normal
2080,Ultrassonografia obstétrica. Indicação: avaliação pré-operatória. Esteatose hepática moderada. Corpos vertebrais com altura e alinhamento preservados. Sem evidência de pneumotórax.,atencao
2081,Angiotomografia de artérias pulmonares. Indicação: dor torácica. Sem sinais de tromboembolismo. Ritmo sinusal com frequência cardíaca normal. Sistema ventricular de dimensões preservadas.,normal
2082,Angiotomografia de artérias pulmonares. Indicação: cefaleia intensa. Estruturas avaliadas com aspecto habitual. Parênquima pulmonar com transparência preservada.,normal
2083,Ultrassonografia de abdome total. Indicação: dor abdominal. Opacidade em vidro fosco periférica de pequena extensão. Traçado sem alterações da repolarização ventricular.,atencao
2084,Ressonância magnética de coluna lombar. Indicação: cefaleia intensa. Ritmo sinusal com frequência cardíaca normal. Hematoma subdural agudo com efeito de massa. Conclusão: Achado crítico: comunicado à equipe assistente.,normal
2085,Ultrassonografia obstétrica. Indicação: febre persistente. Sem sinais de tromboembolismo. Seios costofrênicos livres. Ritmo sinusal com frequência cardíaca normal. Conclusão: Estudo sem achados relevantes.,normal
2086,Tomografia computadorizada de crânio sem contraste. Indicação: lombalgia crônica. Ritmo sinusal com frequência cardíaca normal. Cisto ovariano complexo de 4 cm.,atencao
2087,Radiografia de tórax em PA e perfil. Indicação: febre persistente. Seios costofrênicos livres. Corpos vertebrais com altura e alinhamento preservados. Não há supradesnivelamento do segmento ST. Conclusão: Exame dentro dos limites da normalidade.,normal
2088,Eletrocardiograma de repouso. Indicação: síncope. Opacidade em vidro fosco periférica de pequena extensão. Corpos vertebrais com altura e alinhamento preservados.,atencao
2089,Ultrassonografia de abdome total. Indicação: dor abdominal. Aorta de calibre normal. Opacidade em vidro fosco periférica de pequena extensão.,atencao
2090,Eletrocardiograma de repouso. Indicação: trauma após queda. Traçado sem alterações da repolarização ventricular. Nódulo pulmonar sólido de 8 mm no lobo superior direito.,atencao
2091,Eletrocardiograma de repouso. Indicação: dor torácica. Fígado de dimensões e ecotextura normais. Falha de enchimento em artéria pulmonar principal compatível com tromboembolismo. Conclusão: Achado crítico: comunicado à equipe assistente.,urgente
2092,Ultrassonografia obstétrica. Indicação: dor abdominal. Ritmo sinusal com frequência cardíaca normal. Opacidade em vidro fosco periférica de pequena extensão. Conclusão: Sugere-se correlação clínica e controle evolutivo.,atencao
2093,Eletrocardiograma de repouso. Indicação: cefaleia intensa. Estruturas avaliadas com aspecto habitual. Ritmo sinusal com frequência cardíaca normal.,normal
2094,"Angiotomografia de artérias pulmonares. Indicação: dor torácica. Área cardíaca dentro dos limites da normalidade. Sem evidência de pneumotórax. Vesícula biliar de paredes finas, sem cálculos.",normal
2095,Eletrocardiograma de repouso. Indicação: cefaleia intensa. Área cardíaca dentro dos limites da normalidade. Traçado sem alterações da repolarização ventricular.,normal
2096,Ressonância magnética de coluna lombar. Indicação: avaliação pré-operatória. Área cardíaca dentro dos limites da normalidade. Não há sinais de perfuração. Espessamento parietal da vesícula biliar sem sinais de complicação. Conclusão: Achado que requer seguimento em consulta.,atencao
2097,Eletrocardiograma de repouso. Indicação: cefaleia intensa. Pneumoperitônio compatível com perfuração de víscera oca. Área cardíaca dentro dos limites da normalidade.,urgente
2098,Tomografia computadorizada de crânio sem contraste. Indicação: dor torácica. Cisto ovariano complexo de 4 cm. Corpos vertebrais com altura e alinhamento preservados. Conclusão: Achado que requer seguimento em consulta.,atencao
2099,Tomografia computadorizada de tórax. Indicação: dispneia progressiva. Opacidade em vidro fosco periférica de pequena extensão. Corpos vertebrais com altura e alinhamento preservados. Não há supradesnivelamento do segmento ST. Conclusão: Sugere-se correlação clínica e controle evolutivo.,atencao
2100,Angiotomografia de artérias pulmonares. Indicação: trauma após queda. Sem desvio da linha média. Área cardíaca dentro dos limites da normalidade. Aorta de calibre normal. Conclusão: Exame dentro dos limites da normalidade.,normal
2101,Ultrassonografia de abdome total. Indicação: controle de rotina. Parênquima pulmonar com transparência preservada. Sem sinais de tromboembolismo. Bloqueio de ramo direito incompleto. Conclusão: Sugere-se correlação clínica e controle evolutivo.,atencao
2102,Tomografia computadorizada de crânio sem contraste. Indicação: febre persistente. Estruturas avaliadas com aspecto habitual. Discreta cardiomegalia. Conclusão: Sugere-se correlação clínica e controle evolutivo.,atencao
2103,Tomografia computadorizada de tórax. Indicação: dor torácica. Não há sinais de perfuração. Estruturas avaliadas com aspecto habitual. Área cardíaca dentro dos limites da normalidade.,normal
2104,Tomografia computadorizada de tórax. Indicação: cefaleia intensa. Discreta cardiomegalia. Apendicite aguda com sinais de perfuração e abscesso. Conclusão: Necessita avaliação médica imediata.,urgente
2105,"Ressonância magnética de coluna lombar. Indicação: dor torácica. Parênquima pulmonar com transparência preservada. Descolamento prematuro de placenta com sinais de sofrimento fetal. Conclusão: Resultado crítico, acionar protocolo de emergência.",urgente
2106,"Radiografia de tórax em PA e perfil. Indicação: avaliação pré-operatória. Rins de forma, tamanho e contornos normais. Descolamento prematuro de placenta com sinais de sofrimento fetal. Conclusão: Achado crítico: comunicado à equipe assistente.",urgente
2107,Tomografia computadorizada de tórax. Indicação: controle de rotina. Aorta de calibre normal. Parênquima pulmonar com transparência preservada. Sem desvio da linha média.,normal
2108,Tomografia computadorizada de crânio sem contraste. Indicação: febre persistente. Espessamento parietal da vesícula biliar sem sinais de complicação. Ausência de sinais de hemorragia. Área cardíaca dentro dos limites da normalidade.,atencao
2109,Eletrocardiograma de repouso. Indicação: febre persistente. Corpos vertebrais com altura e alinhamento preservados. Parênquima pulmonar com transparência preservada. Sem evidência de pneumotórax. Conclusão: Exame dentro dos limites da normalidade.,normal
2110,Eletrocardiograma de repouso. Indicação: trauma após queda. Estruturas avaliadas com aspecto habitual. Seios costofrênicos livres.,normal
2111,Eletrocardiograma de repouso. Indicação: controle de rotina. Sistema ventricular de dimensões preservadas. Supradesnivelamento do segmento ST em parede anterior. Conclusão: Achado crítico: comunicado à equipe assistente.,urgente
2112,"Tomografia computadorizada de tórax. Indicação: trauma após queda. Fígado de dimensões e ecotextura normais. Rins de forma, tamanho e contornos normais.",normal
2113,Radiografia de tórax em PA e perfil. Indicação: síncope. Cálculo renal não obstrutivo de 6 mm à direita. Fígado de dimensões e ecotextura normais.,atencao
2114,"Tomografia computadorizada de tórax. Indicação: febre persistente. Rins de forma, tamanho e contornos normais. Sem evidência de pneumotórax. Estruturas avaliadas com aspecto habitual. Conclusão: Exame dentro dos limites da normalidade.",normal
2115,Ultrassonografia obstétrica. Indicação: febre persistente. Pequeno derrame pleural à esquerda. Traçado sem alterações da repolarização ventricular.,normal
2116,Eletrocardiograma de repouso. Indicação: dor abdominal. Extrassístoles ventriculares frequentes. Sistema ventricular de dimensões preservadas. Conclusão: Recomenda-se acompanhamento ambulatorial.,atencao
2117,Tomografia computadorizada de crânio sem contraste. Indicação: síncope. Sistema ventricular de dimensões preservadas. Fibrilação ventricular. Conclusão: Necessita avaliação médica imediata.,urgente
2118,"Angiotomografia de artérias pulmonares. Indicação: dispneia progressiva. Aorta de calibre normal. Rins de forma, tamanho e contornos normais. Conclusão: Estudo sem achados relevantes.",normal
2119,Angiotomografia de artérias pulmonares. Indicação: controle de rotina. Corpos vertebrais com altura e alinhamento preservados. Discreta cardiomegalia.,atencao
2120,Eletrocardiograma de repouso. Indicação: dispneia progressiva. Não há supradesnivelamento do segmento ST. Fígado de dimensões e ecotextura normais. Espessamento parietal da vesícula biliar sem sinais de complicação.,atencao
2121,"Tomografia computadorizada de crânio sem contraste. Indicação: síncope. Rins de forma, tamanho e contornos normais. Pequeno derrame pleural à esquerda. Não há sinais de perfuração. Conclusão: Sugere-se correlação clínica e controle evolutivo.",atencao
2122,Angiotomografia de artérias pulmonares. Indicação: síncope. Seios costofrênicos livres. Compressão medular aguda com sinais de mielopatia.,urgente
2123,Ultrassonografia de abdome total. Indicação: dispneia progressiva. Apendicite aguda com sinais de perfuração e abscesso. Opacidade em vidro fosco periférica de pequena extensão. Conclusão: Achado crítico: comunicado à equipe assistente.,urgente
2124,"Tomografia computadorizada de crânio sem contraste. Indicação: trauma após queda. Não há sinais de perfuração. Rins de forma, tamanho e contornos normais. Vesícula biliar de paredes finas, sem cálculos. Conclusão: Exame dentro dos limites da normalidade.",normal
2125,Tomografia computadorizada de tórax. Indicação: trauma após queda. Aorta de calibre normal. Extrassístoles ventriculares frequentes.,atencao
2126,Ressonância magnética de coluna lombar. Indicação: dor torácica. Ausência de sinais de hemorragia. Aorta de calibre normal. Ritmo sinusal com frequência cardíaca normal. Conclusão: Sem alterações significativas.,normal
2127,"Angiotomografia de artérias pulmonares. Indicação: avaliação pré-operatória. Rins de forma, tamanho e contornos normais. Ausência de sinais de hemorragia. Discreta cardiomegalia. Conclusão: Recomenda-se acompanhamento ambulatorial.",atencao
2128,"Radiografia de tórax em PA e perfil. Indicação: dor torácica. Parênquima pulmonar com transparência preservada. Rins de forma, tamanho e contornos normais. Não há supradesnivelamento do segmento ST.",normal
2129,Ultrassonografia obstétrica. Indicação: trauma após queda. Compressão medular aguda com sinais de mielopatia. Extrassístoles ventriculares frequentes.,urgente
2130,"Angiotomografia de artérias pulmonares. Indicação: dor torácica. Vesícula biliar de paredes finas, sem cálculos. Sistema ventricular de dimensões preservadas. Ausência de sinais de hemorragia. Conclusão: Sem alterações significativas.",normal
2131,"Radiografia de tórax em PA e perfil. Indicação: dor torácica. Estruturas avaliadas com aspecto habitual. Rins de forma, tamanho e contornos normais. Conclusão: Exame dentro dos limites da normalidade.",normal
2132,"Tomografia computadorizada de crânio sem contraste. Indicação: trauma após queda. Pequeno derrame pleural à esquerda. Pneumotórax hipertensivo à direita com desvio do mediastino. Conclusão: Resultado crítico, acionar protocolo de emergência.",urgente
2133,"Ressonância magnética de coluna lombar. Indicação: dispneia progressiva. Sem sinais de tromboembolismo. Sistema ventricular de dimensões preservadas. Vesícula biliar de paredes finas, sem cálculos.",normal
2134,Eletrocardiograma de repouso. Indicação: dor torácica. Parênquima pulmonar com transparência preservada. Sem evidência de pneumotórax. Sistema ventricular de dimensões preservadas. Conclusão: Sem alterações significativas.,normal
2135,Eletrocardiograma de repouso. Indicação: dispneia progressiva. Apendicite aguda com sinais de perfuração e abscesso. Bloqueio de ramo direito incompleto. Conclusão: Achado crítico: comunicado à equipe assistente.,urgente
2136,Tomografia computadorizada de tórax. Indicação: dispneia progressiva. Área cardíaca dentro dos limites da normalidade. Aneurisma de aorta abdominal roto. Conclusão: Achado crítico: comunicado à equipe assistente.,urgente
2137,"Ultrassonografia de abdome total. Indicação: lombalgia crônica. Corpos vertebrais com altura e alinhamento preservados. Rins de forma, tamanho e contornos normais.",normal
2138,"Angiotomografia de artérias pulmonares. Indicação: controle de rotina. Vesícula biliar de paredes finas, sem cálculos. Dissecção de aorta torácica tipo A. Conclusão: Resultado crítico, acionar protocolo de emergência.",urgente
2139,Tomografia computadorizada de tórax. Indicação: avaliação pré-operatória. Sistema ventricular de dimensões preservadas. Ritmo sinusal com frequência cardíaca normal. Conclusão: Exame dentro dos limites da normalidade.,normal
2140,Ultrassonografia de abdome total. Indicação: dor abdominal. Estruturas avaliadas com aspecto habitual. Ausência de sinais de hemorragia. Espessamento parietal da vesícula biliar sem sinais de complicação.,atencao
2141,Tomografia computadorizada de tórax. Indicação: lombalgia crônica. Aorta de calibre normal. Sistema ventricular de dimensões preservadas. Ausência de sinais de hemorragia.,normal
2142,"Ressonância magnética de coluna lombar. Indicação: dor abdominal. Estruturas avaliadas com aspecto habitual. Sem desvio da linha média. Rins de forma, tamanho e contornos normais. Conclusão: Estudo sem achados relevantes.",normal
2143,Radiografia de tórax em PA e perfil. Indicação: dispneia progressiva. Seios costofrênicos livres. Ausência de sinais de hemorragia. Bloqueio de ramo direito incompleto. Conclusão: Sugere-se correlação clínica e controle evolutivo.,atencao
2144,Tomografia computadorizada de crânio sem contraste. Indicação: controle de rotina. Ritmo sinusal com frequência cardíaca normal. Área cardíaca dentro dos limites da normalidade. Conclusão: Exame dentro dos limites da normalidade.,normal
2145,Eletrocardiograma de repouso. Indicação: lombalgia crônica. Aorta de calibre normal. Não há supradesnivelamento do segmento ST. Sistema ventricular de dimensões preservadas.,normal
2146,Eletrocardiograma de repouso. Indicação: dispneia progressiva. Seios costofrênicos livres. Estruturas avaliadas com aspecto habitual. Conclusão: Exame dentro dos limites da normalidade.,normal
2147,Angiotomografia de artérias pulmonares. Indicação: trauma após queda. Fígado de dimensões e ecotextura normais. Ausência de sinais de hemorragia. Traçado sem alterações da repolarização ventricular. Conclusão: Exame dentro dos limites da normalidade.,normal
2148,Ultrassonografia de abdome total. Indicação: dispneia progressiva. Corpos vertebrais com altura e alinhamento preservados. Área cardíaca dentro dos limites da normalidade. Não há sinais de perfuração. Conclusão: Sem alterações significativas.,normal
2149,Tomografia computadorizada de tórax. Indicação: dor abdominal. Pequeno derrame pleural à esquerda. Aorta de calibre normal. Conclusão: Recomenda-se acompanhamento ambulatorial.,atencao
2150,Radiografia de tórax em PA e perfil. Indicação: lombalgia crônica. Aneurisma de aorta abdominal roto. Bloqueio de ramo direito incompleto.,urgente
2151,Angiotomografia de artérias pulmonares. Indicação: controle de rotina. Esteatose hepática moderada. Fígado de dimensões e ecotextura normais.,atencao
2152,"Ultrassonografia obstétrica. Indicação: lombalgia crônica. Rins de forma, tamanho e contornos normais. Sem desvio da linha média. Fígado de dimensões e ecotextura normais. Conclusão: Estudo sem achados relevantes.",normal
2153,Radiografia de tórax em PA e perfil. Indicação: dor torácica. Seios costofrênicos livres. Parênquima pulmonar com transparência preservada. Conclusão: Sem alterações significativas.,normal
2154,Tomografia computadorizada de tórax. Indicação: controle de rotina. Sistema ventricular de dimensões preservadas. Ritmo sinusal com frequência cardíaca normal. Conclusão: Sem alterações significativas.,normal
2155,Angiotomografia de artérias pulmonares. Indicação: lombalgia crônica. Área cardíaca dentro dos limites da normalidade. Parênquima pulmonar com transparência preservada. Não há sinais de perfuração.,normal
2156,Ressonância magnética de coluna lombar. Indicação: controle de rotina. Fígado de dimensões e ecotextura normais. Sistema ventricular de dimensões preservadas. Conclusão: Sem alterações significativas.,normal
2157,Eletrocardiograma de repouso. Indicação: dispneia progressiva. Parênquima pulmonar com transparência preservada. Traçado sem alterações da repolarização ventricular. Conclusão: Estudo sem achados relevantes.,normal
2158,"Ultrassonografia de abdome total. Indicação: lombalgia crônica. Vesícula biliar de paredes finas, sem cálculos. Parênquima pulmonar com transparência preservada. Conclusão: Estudo sem achados relevantes.",normal
2159,"Eletrocardiograma de repouso. Indicação: trauma após queda. Compressão medular aguda com sinais de mielopatia. Linfonodos mediastinais levemente aumentados. Conclusão: Resultado crítico, acionar protocolo de emergência.",urgente
2160,Tomografia computadorizada de crânio sem contraste. Indicação: lombalgia crônica. Cisto ovariano complexo de 4 cm. Apendicite aguda com sinais de perfuração e abscesso.,urgente
2161,Radiografia de tórax em PA e perfil. Indicação: dor abdominal. Aorta de calibre normal. Parênquima pulmonar com transparência preservada. Conclusão: Sem alterações significativas.,normal
2162,Eletrocardiograma de repouso. Indicação: cefaleia intensa. Ausência de sinais de hemorragia. Área cardíaca dentro dos limites da normalidade. Aorta de calibre normal. Conclusão: Estudo sem achados relevantes.,normal
2163,Angiotomografia de artérias pulmonares. Indicação: dor torácica. Ritmo sinusal com frequência cardíaca normal. Corpos vertebrais com altura e alinhamento preservados. Não há supradesnivelamento do segmento ST. Conclusão: Exame dentro dos limites da normalidade.,normal
2164,"Radiografia de tórax em PA e perfil. Indicação: trauma após queda. Rins de forma, tamanho e contornos normais. Descolamento prematuro de placenta com sinais de sofrimento fetal. Conclusão: Necessita avaliação médica imediata.",urgente
2165,Radiografia de tórax em PA e perfil. Indicação: trauma após queda. Corpos vertebrais com altura e alinhamento preservados. Cálculo renal não obstrutivo de 6 mm à direita. Conclusão: Achado que requer seguimento em consulta.,atencao
2166,Tomografia computadorizada de crânio sem contraste. Indicação: síncope. Traçado sem alterações da repolarização ventricular. Corpos vertebrais com altura e alinhamento preservados.,normal
2167,Angiotomografia de artérias pulmonares. Indicação: controle de rotina. Traçado sem alterações da repolarização ventricular. Protrusão discal L4-L5 com compressão radicular leve.,atencao
2168,Eletrocardiograma de repouso. Indicação: avaliação pré-operatória. Sistema ventricular de dimensões preservadas. Opacidade em vidro fosco periférica de pequena extensão. Conclusão: Recomenda-se acompanhamento ambulatorial.,atencao
2169,Ultrassonografia obstétrica. Indicação: dor abdominal. Sistema ventricular de dimensões preservadas. Discreta cardiomegalia. Conclusão: Recomenda-se acompanhamento ambulatorial.,atencao
2170,Ultrassonografia obstétrica. Indicação: lombalgia crônica. Extrassístoles ventriculares frequentes. Estruturas avaliadas com aspecto habitual. Conclusão: Recomenda-se acompanhamento ambulatorial.,atencao
2171,Ultrassonografia obstétrica. Indicação: cefaleia intensa. Parênquima pulmonar com transparência preservada. Seios costofrênicos livres. Sem sinais de tromboembolismo.,normal
2172,Tomografia computadorizada de tórax. Indicação: controle de rotina. Discreta cardiomegalia. Traçado sem alterações da repolarização ventricular. Conclusão: Sugere-se correlação clínica e controle evolutivo.,atencao
2173,Ultrassonografia de abdome total. Indicação: avaliação pré-operatória. Ritmo sinusal com frequência cardíaca normal. Sistema ventricular de dimensões preservadas. Sem desvio da linha média.,urgente
2174,"Radiografia de tórax em PA e perfil. Indicação: lombalgia crônica. Protrusão discal L4-L5 com compressão radicular leve. Descolamento prematuro de placenta com sinais de sofrimento fetal. Conclusão: Resultado crítico, acionar protocolo de emergência.",urgente
2175,Eletrocardiograma de repouso. Indicação: trauma após queda. Ritmo sinusal com frequência cardíaca normal. Área cardíaca dentro dos limites da normalidade. Conclusão: Exame dentro dos limites da normalidade.,normal
2176,"Radiografia de tórax em PA e perfil. Indicação: febre persistente. Dissecção de aorta torácica tipo A. Opacidade em vidro fosco periférica de pequena extensão. Conclusão: Resultado crítico, acionar protocolo de emergência.",urgente
2177,Angiotomografia de artérias pulmonares. Indicação: avaliação pré-operatória. Aorta de calibre normal. Traçado sem alterações da repolarização ventricular. Sem desvio da linha média. Conclusão: Sem alterações significativas.,normal
2178,Tomografia computadorizada de tórax. Indicação: cefaleia intensa. Sistema ventricular de dimensões preservadas. Estruturas avaliadas com aspecto habitual.,normal
2179,Angiotomografia de artérias pulmonares. Indicação: cefaleia intensa. Corpos vertebrais com altura e alinhamento preservados. Estruturas avaliadas com aspecto habitual. Conclusão: Exame dentro dos limites da normalidade.,normal
2180,Eletrocardiograma de repouso. Indicação: controle de rotina. Ritmo sinusal com frequência cardíaca normal. Fígado de dimensões e ecotextura normais. Conclusão: Exame dentro dos limites da normalidade.,normal
2181,"Eletrocardiograma de repouso. Indicação: lombalgia crônica. Ausência de sinais de hemorragia. Vesícula biliar de paredes finas, sem cálculos. Cálculo renal não obstrutivo de 6 mm à direita.",atencao
2182,Tomografia computadorizada de crânio sem contraste. Indicação: dor torácica. Ausência de sinais de hemorragia. Protrusão discal L4-L5 com compressão radicular leve. Ritmo sinusal com frequência cardíaca normal. Conclusão: Achado que requer seguimento em consulta.,atencao
2183,Angiotomografia de artérias pulmonares. Indicação: dispneia progressiva. Sem sinais de tromboembolismo. Seios costofrênicos livres. Ritmo sinusal com frequência cardíaca normal. Conclusão: Exame dentro dos limites da normalidade.,normal
2184,Ressonância magnética de coluna lombar. Indicação: dor torácica. Parênquima pulmonar com transparência preservada. Fígado de dimensões e ecotextura normais. Conclusão: Exame dentro dos limites da normalidade.,normal
2185,Angiotomografia de artérias pulmonares. Indicação: cefaleia intensa. Não há sinais de perfuração. Protrusão discal L4-L5 com compressão radicular leve. Corpos vertebrais com altura e alinhamento preservados. Conclusão: Recomenda-se acompanhamento ambulatorial.,atencao
2186,Ultrassonografia obstétrica. Indicação: dor abdominal. Parênquima pulmonar com transparência preservada. Área cardíaca dentro dos limites da normalidade. Não há sinais de perfuração. Conclusão: Sem alterações significativas.,normal
2187,Tomografia computadorizada de tórax. Indicação: febre persistente. Traçado sem alterações da repolarização ventricular. Estruturas avaliadas com aspecto habitual. Conclusão: Estudo sem achados relevantes.,normal
2188,Tomografia computadorizada de tórax. Indicação: dispneia progressiva. Fígado de dimensões e ecotextura normais. Seios costofrênicos livres.,normal
2189,Ultrassonografia obstétrica. Indicação: avaliação pré-operatória. Esteatose hepática moderada. Estruturas avaliadas com aspecto habitual. Conclusão: Sugere-se correlação clínica e controle evolutivo.,atencao
2190,Ultrassonografia obstétrica. Indicação: cefaleia intensa. Protrusão discal L4-L5 com compressão radicular leve. Seios costofrênicos livres. Conclusão: Achado que requer seguimento em consulta.,atencao
2191,Ultrassonografia obstétrica. Indicação: dor torácica. Discreta cardiomegalia. Parênquima pulmonar com transparência preservada.,atencao
2192,Tomografia computadorizada de tórax. Indicação: avaliação pré-operatória. Cálculo renal não obstrutivo de 6 mm à direita. Parênquima pulmonar com transparência preservada.,atencao
2193,"Angiotomografia de artérias pulmonares. Indicação: dor torácica. Área cardíaca dentro dos limites da normalidade. Não há sinais de perfuração. Rins de forma, tamanho e contornos normais.",normal
2194,"Tomografia computadorizada de tórax. Indicação: lombalgia crônica. Vesícula biliar de paredes finas, sem cálculos. Fígado de dimensões e ecotextura normais. Conclusão: Sem alterações significativas.",normal
2195,Ultrassonografia obstétrica. Indicação: febre persistente. Ritmo sinusal com frequência cardíaca normal. Traçado sem alterações da repolarização ventricular. Ausência de sinais de hemorragia.,normal
2196,Angiotomografia de artérias pulmonares. Indicação: avaliação pré-operatória. Aorta de calibre normal. Sem sinais de tromboembolismo. Bloqueio de ramo direito incompleto.,atencao
2197,Ultrassonografia obstétrica. Indicação: síncope. Seios costofrênicos livres. Nódulo pulmonar sólido de 8 mm no lobo superior direito.,atencao
2198,Angiotomografia de artérias pulmonares. Indicação: síncope. Traçado sem alterações da repolarização ventricular. Não há supradesnivelamento do segmento ST. Ritmo sinusal com frequência cardíaca normal.,normal
2199,"Ressonância magnética de coluna lombar. Indicação: dor torácica. Vesícula biliar de paredes finas, sem cálculos. Traçado sem alterações da repolarização ventricular. Conclusão: Estudo sem achados relevantes.",normal
2200,"Tomografia computadorizada de crânio sem contraste. Indicação: dor abdominal. Não há sinais de perfuração. Corpos vertebrais com altura e alinhamento preservados. Rins de forma, tamanho e contornos normais. Conclusão: Estudo sem achados relevantes.",normal
2201,Angiotomografia de artérias pulmonares. Indicação: avaliação pré-operatória. Estruturas avaliadas com aspecto habitual. Corpos vertebrais com altura e alinhamento preservados. Conclusão: Sem alterações significativas.,normal
2202,"Tomografia computadorizada de tórax. Indicação: febre persistente. Rins de forma, tamanho e contornos normais. Parênquima pulmonar com transparência preservada. Conclusão: Estudo sem achados relevantes.",normal
2203,Tomografia computadorizada de tórax. Indicação: avaliação pré-operatória. Seios costofrênicos livres. Aneurisma de aorta abdominal roto. Conclusão: Achado crítico: comunicado à equipe assistente.,urgente
2204,Tomografia computadorizada de tórax. Indicação: controle de rotina. Ausência de sinais de hemorragia. Área cardíaca dentro dos limites da normalidade. Traçado sem alterações da repolarização ventricular.,normal
2205,"Ultrassonografia obstétrica. Indicação: febre persistente. Parênquima pulmonar com transparência preservada. Rins de forma, tamanho e contornos normais. Conclusão: Exame dentro dos limites da normalidade.",normal
2206,Tomografia computadorizada de tórax. Indicação: síncope. Pneumoperitônio compatível com perfuração de víscera oca. Pequeno derrame pleural à esquerda.,urgente
2207,Ultrassonografia de abdome total. Indicação: dor torácica. Protrusão discal L4-L5 com compressão radicular leve. Área cardíaca dentro dos limites da normalidade.,normal
2208,Tomografia computadorizada de tórax. Indicação: dor torácica. Seios costofrênicos livres. Área cardíaca dentro dos limites da normalidade. Conclusão: Sem alterações significativas.,normal
2209,Angiotomografia de artérias pulmonares. Indicação: dispneia progressiva. Parênquima pulmonar com transparência preservada. Sem sinais de tromboembolismo. Corpos vertebrais com altura e alinhamento preservados. Conclusão: Exame dentro dos limites da normalidade.,normal
2210,Tomografia computadorizada de crânio sem contraste. Indicação: febre persistente. Corpos vertebrais com altura e alinhamento preservados. Ritmo sinusal com frequência cardíaca normal.,normal
2211,"Radiografia de tórax em PA e perfil. Indicação: dispneia progressiva. Sem desvio da linha média. Rins de forma, tamanho e contornos normais. Ritmo sinusal com frequência cardíaca normal. Conclusão: Sem alterações significativas.",normal
2212,Ultrassonografia de abdome total. Indicação: cefaleia intensa. Corpos vertebrais com altura e alinhamento preservados. Área cardíaca dentro dos limites da normalidade. Conclusão: Exame dentro dos limites da normalidade.,normal
2213,"Radiografia de tórax em PA e perfil. Indicação: lombalgia crônica. Discreta cardiomegalia. Sem desvio da linha média. Rins de forma, tamanho e contornos normais. Conclusão: Sugere-se correlação clínica e controle evolutivo.",atencao
2214,"Ressonância magnética de coluna lombar. Indicação: cefaleia intensa. Rins de forma, tamanho e contornos normais. Sem sinais de tromboembolismo. Aorta de calibre normal. Conclusão: Exame dentro dos limites da normalidade.",normal
2215,Ultrassonografia obstétrica. Indicação: controle de rotina. Sem sinais de tromboembolismo. Parênquima pulmonar com transparência preservada. Opacidade em vidro fosco periférica de pequena extensão. Conclusão: Achado que requer seguimento em consulta.,atencao
2216,Angiotomografia de artérias pulmonares. Indicação: dor torácica. Área cardíaca dentro dos limites da normalidade. Seios costofrênicos livres. Conclusão: Sem alterações significativas.,normal
2217,"Ultrassonografia obstétrica. Indicação: controle de rotina. Falha de enchimento em artéria pulmonar principal compatível com tromboembolismo. Protrusão discal L4-L5 com compressão radicular leve. Conclusão: Resultado crítico, acionar protocolo de emergência.",urgente
2218,Ressonância magnética de coluna lombar. Indicação: dor torácica. Corpos vertebrais com altura e alinhamento preservados. Estruturas avaliadas com aspecto habitual. Conclusão: Exame dentro dos limites da normalidade.,normal
2219,Ultrassonografia obstétrica. Indicação: dor abdominal. Estruturas avaliadas com aspecto habitual. Sem sinais de tromboembolismo. Bloqueio de ramo direito incompleto. Conclusão: Recomenda-se acompanhamento ambulatorial.,atencao
2220,Tomografia computadorizada de tórax. Indicação: controle de rotina. Parênquima pulmonar com transparência preservada. Sistema ventricular de dimensões preservadas.,normal
2221,Radiografia de tórax em PA e perfil. Indicação: dispneia progressiva. Opacidade em vidro fosco periférica de pequena extensão. Compressão medular aguda com sinais de mielopatia. Conclusão: Achado crítico: comunicado à equipe assistente.,urgente
2222,Ressonância magnética de coluna lombar. Indicação: trauma após queda. Sem evidência de pneumotórax. Aorta de calibre normal. Ritmo sinusal com frequência cardíaca normal. Conclusão: Exame dentro dos limites da normalidade.,normal
2223,Ressonância magnética de coluna lombar. Indicação: dor abdominal. Parênquima pulmonar com transparência preservada. Estruturas avaliadas com aspecto habitual.,normal
2224,"Radiografia de tórax em PA e perfil. Indicação: trauma após queda. Seios costofrênicos livres. Rins de forma, tamanho e contornos normais. Conclusão: Exame dentro dos limites da normalidade.",normal
2225,Ultrassonografia de abdome total. Indicação: trauma após queda. Falha de enchimento em artéria pulmonar principal compatível com tromboembolismo. Fígado de dimensões e ecotextura normais.,urgente
2226,"Tomografia computadorizada de tórax. Indicação: dor torácica. Estruturas avaliadas com aspecto habitual. Vesícula biliar de paredes finas, sem cálculos. Não há supradesnivelamento do segmento ST. Conclusão: Sem alterações significativas.",normal
2227,"Tomografia computadorizada de crânio sem contraste. Indicação: controle de rotina. Rins de forma, tamanho e contornos normais. Estruturas avaliadas com aspecto habitual. Não há sinais de perfuração. Conclusão: Estudo sem achados relevantes.",normal
2228,Tomografia computadorizada de tórax. Indicação: dor torácica. Falha de enchimento em artéria pulmonar principal compatível com tromboembolismo. Área cardíaca dentro dos limites da normalidade. Conclusão: Achado crítico: comunicado à equipe assistente.,urgente
2229,Eletrocardiograma de repouso. Indicação: síncope. Ausência de sinais de hemorragia. Protrusão discal L4-L5 com compressão radicular leve. Fígado de dimensões e ecotextura normais. Conclusão: Sugere-se correlação clínica e controle evolutivo.,atencao
2230,"Ultrassonografia de abdome total. Indicação: avaliação pré-operatória. Rins de forma, tamanho e contornos normais. Protrusão discal L4-L5 com compressão radicular leve. Conclusão: Recomenda-se acompanhamento ambulatorial.",atencao
2231,Tomografia computadorizada de crânio sem contraste. Indicação: trauma após queda. Pequeno derrame pleural à esquerda. Corpos vertebrais com altura e alinhamento preservados. Conclusão: Sugere-se correlação clínica e controle evolutivo.,atencao
2232,Eletrocardiograma de repouso. Indicação: avaliação pré-operatória. Hematoma subdural agudo com efeito de massa. Esteatose hepática moderada. Conclusão: Achado crítico: comunicado à equipe assistente.,urgente
2233,Tomografia computadorizada de tórax. Indicação: dor torácica. Seios costofrênicos livres. Sem evidência de pneumotórax. Cisto ovariano complexo de 4 cm. Conclusão: Recomenda-se acompanhamento ambulatorial.,atencao
2234,Eletrocardiograma de repouso. Indicação: dor abdominal. Fígado de dimensões e ecotextura normais. Hemorragia intraparenquimatosa extensa com desvio da linha média. Conclusão: Achado crítico: comunicado à equipe assistente.,urgente
2235,Ultrassonografia de abdome total. Indicação: dor abdominal. Protrusão discal L4-L5 com compressão radicular leve. Estruturas avaliadas com aspecto habitual. Conclusão: Recomenda-se acompanhamento ambulatorial.,atencao
2236,Tomografia computadorizada de crânio sem contraste. Indicação: dispneia progressiva. Ritmo sinusal com frequência cardíaca normal. Traçado sem alterações da repolarização ventricular. Conclusão: Estudo sem achados relevantes.,normal
2237,"Tomografia computadorizada de tórax. Indicação: dispneia progressiva. Corpos vertebrais com altura e alinhamento preservados. Rins de forma, tamanho e contornos normais. Conclusão: Sem alterações significativas.",normal
2238,Tomografia computadorizada de tórax. Indicação: cefaleia intensa. Pneumoperitônio compatível com perfuração de víscera oca. Aorta de calibre normal.,urgente
2239,Tomografia computadorizada de crânio sem contraste. Indicação: síncope. Área cardíaca dentro dos limites da normalidade. Sem sinais de tromboembolismo. Estruturas avaliadas com aspecto habitual. Conclusão: Sem alterações significativas.,normal
2240,Ultrassonografia de abdome total. Indicação: trauma após queda. Ritmo sinusal com frequência cardíaca normal. Área cardíaca dentro dos limites da normalidade. Conclusão: Sem alterações significativas.,normal
2241,Radiografia de tórax em PA e perfil. Indicação: controle de rotina. Sistema ventricular de dimensões preservadas. Corpos vertebrais com altura e alinhamento preservados.,normal
2242,"Ressonância magnética de coluna lombar. Indicação: lombalgia crônica. Vesícula biliar de paredes finas, sem cálculos. Sistema ventricular de dimensões preservadas.",normal
2243,Angiotomografia de artérias pulmonares. Indicação: avaliação pré-operatória. Seios costofrênicos livres. Esteatose hepática moderada.,atencao
2244,"Ultrassonografia obstétrica. Indicação: controle de rotina. Linfonodos mediastinais levemente aumentados. Rins de forma, tamanho e contornos normais. Conclusão: Recomenda-se acompanhamento ambulatorial.",atencao
2245,"Ressonância magnética de coluna lombar. Indicação: dor abdominal. Rins de forma, tamanho e contornos normais. Pequeno derrame pleural à esquerda. Conclusão: Sugere-se correlação clínica e controle evolutivo.",normal
2246,Tomografia computadorizada de tórax. Indicação: dor abdominal. Aorta de calibre normal. Traçado sem alterações da repolarização ventricular. Conclusão: Sem alterações significativas.,normal
2247,Angiotomografia de artérias pulmonares. Indicação: trauma após queda. Esteatose hepática moderada. Hematoma subdural agudo com efeito de massa. Conclusão: Achado crítico: comunicado à equipe assistente.,urgente
2248,Ultrassonografia de abdome total. Indicação: dispneia progressiva. Fígado de dimensões e ecotextura normais. Compressão medular aguda com sinais de mielopatia. Conclusão: Achado crítico: comunicado à equipe assistente.,urgente
2249,Angiotomografia de artérias pulmonares. Indicação: febre persistente. Sem desvio da linha média. Área cardíaca dentro dos limites da normalidade. Corpos vertebrais com altura e alinhamento preservados. Conclusão: Sem alterações significativas.,normal
2250,Radiografia de tórax em PA e perfil. Indicação: síncope. Bloqueio de ramo direito incompleto. Falha de enchimento em artéria pulmonar principal compatível com tromboembolismo. Conclusão: Necessita avaliação médica imediata.,urgente
2251,"Radiografia de tórax em PA e perfil. Indicação: trauma após queda. Parênquima pulmonar com transparência preservada. Rins de forma, tamanho e contornos normais. Ausência de sinais de hemorragia. Conclusão: Exame dentro dos limites da normalidade.",normal
2252,Tomografia computadorizada de tórax. Indicação: controle de rotina. Fígado de dimensões e ecotextura normais. Esteatose hepática moderada. Conclusão: Achado que requer seguimento em consulta.,atencao
2253,Radiografia de tórax em PA e perfil. Indicação: dor torácica. Estruturas avaliadas com aspecto habitual. Seios costofrênicos livres. Conclusão: Estudo sem achados relevantes.,normal
2254,Angiotomografia de artérias pulmonares. Indicação: dispneia progressiva. Seios costofrênicos livres. Parênquima pulmonar com transparência preservada.,normal
2255,Angiotomografia de artérias pulmonares. Indicação: controle de rotina. Seios costofrênicos livres. Fígado de dimensões e ecotextura normais. Sem sinais de tromboembolismo. Conclusão: Estudo sem achados relevantes.,normal
2256,Ultrassonografia obstétrica. Indicação: controle de rotina. Discreta cardiomegalia. Fígado de dimensões e ecotextura normais.,atencao
2257,Ultrassonografia de abdome total. Indicação: cefaleia intensa. Aorta de calibre normal. Ritmo sinusal com frequência cardíaca normal. Conclusão: Estudo sem achados relevantes.,normal
2258,Tomografia computadorizada de crânio sem contraste. Indicação: febre persistente. Área cardíaca dentro dos limites da normalidade. Cálculo renal não obstrutivo de 6 mm à direita. Conclusão: Sugere-se correlação clínica e controle evolutivo.,atencao
2259,Eletrocardiograma de repouso. Indicação: cefaleia intensa. Aorta de calibre normal. Sem desvio da linha média. Ritmo sinusal com frequência cardíaca normal. Conclusão: Sem alterações significativas.,normal
2260,Radiografia de tórax em PA e perfil. Indicação: febre persistente. Extrassístoles ventriculares frequentes. Ritmo sinusal com frequência cardíaca normal. Conclusão: Recomenda-se acompanhamento ambulatorial.,atencao
2261,Angiotomografia de artérias pulmonares. Indicação: cefaleia intensa. Sistema ventricular de dimensões preservadas. Espessamento parietal da vesícula biliar sem sinais de complicação. Conclusão: Sugere-se correlação clínica e controle evolutivo.,normal
2262,"Ultrassonografia obstétrica. Indicação: síncope. Aorta de calibre normal. Rins de forma, tamanho e contornos normais. Não há sinais de perfuração. Conclusão: Exame dentro dos limites da normalidade.",normal
2263,Ultrassonografia de abdome total. Indicação: avaliação pré-operatória. Cálculo renal não obstrutivo de 6 mm à direita. Pneumoperitônio compatível com perfuração de víscera oca.,urgente
2264,Eletrocardiograma de repouso. Indicação: dor abdominal. Seios costofrênicos livres. Sistema ventricular de dimensões preservadas. Conclusão: Sem alterações significativas.,normal
2265,Radiografia de tórax em PA e perfil. Indicação: controle de rotina. Protrusão discal L4-L5 com compressão radicular leve. Fígado de dimensões e ecotextura normais.,atencao
2266,"Tomografia computadorizada de tórax. Indicação: febre persistente. Não há supradesnivelamento do segmento ST. Opacidade em vidro fosco periférica de pequena extensão. Rins de forma, tamanho e contornos normais. Conclusão: Sugere-se correlação clínica e controle evolutivo.",atencao
2267,Eletrocardiograma de repouso. Indicação: cefaleia intensa. Compressão medular aguda com sinais de mielopatia. Estruturas avaliadas com aspecto habitual. Conclusão: Necessita avaliação médica imediata.,urgente
2268,Ressonância magnética de coluna lombar. Indicação: avaliação pré-operatória. Aorta de calibre normal. Fígado de dimensões e ecotextura normais. Sem desvio da linha média. Conclusão: Estudo sem achados relevantes.,normal
2269,Radiografia de tórax em PA e perfil. Indicação: síncope. Discreta cardiomegalia. Corpos vertebrais com altura e alinhamento preservados. Conclusão: Recomenda-se acompanhamento ambulatorial.,atencao
2270,Angiotomografia de artérias pulmonares. Indicação: cefaleia intensa. Fígado de dimensões e ecotextura normais. Sem sinais de tromboembolismo. Ritmo sinusal com frequência cardíaca normal. Conclusão: Exame dentro dos limites da normalidade.,normal
2271,"Angiotomografia de artérias pulmonares. Indicação: cefaleia intensa. Vesícula biliar de paredes finas, sem cálculos. Corpos vertebrais com altura e alinhamento preservados.",normal
2272,Angiotomografia de artérias pulmonares. Indicação: avaliação pré-operatória. Traçado sem alterações da repolarização ventricular. Área cardíaca dentro dos limites da normalidade. Conclusão: Exame dentro dos limites da normalidade.,normal
2273,"Eletrocardiograma de repouso. Indicação: cefaleia intensa. Sistema ventricular de dimensões preservadas. Vesícula biliar de paredes finas, sem cálculos.",normal
2274,"Ultrassonografia obstétrica. Indicação: controle de rotina. Rins de forma, tamanho e contornos normais. Sem sinais de tromboembolismo. Parênquima pulmonar com transparência preservada. Conclusão: Sem alterações significativas.",normal
2275,Angiotomografia de artérias pulmonares. Indicação: dor torácica. Cálculo renal não obstrutivo de 6 mm à direita. Ritmo sinusal com frequência cardíaca normal. Conclusão: Recomenda-se acompanhamento ambulatorial.,atencao
2276,Ultrassonografia de abdome total. Indicação: avaliação pré-operatória. Bloqueio de ramo direito incompleto. Compressão medular aguda com sinais de mielopatia. Conclusão: Necessita avaliação médica imediata.,urgente
2277,Ultrassonografia obstétrica. Indicação: trauma após queda. Seios costofrênicos livres. Nódulo pulmonar sólido de 8 mm no lobo superior direito. Conclusão: Recomenda-se acompanhamento ambulatorial.,atencao
2278,Tomografia computadorizada de tórax. Indicação: febre persistente. Compressão medular aguda com sinais de mielopatia. Espessamento parietal da vesícula biliar sem sinais de complicação.,urgente
2279,"Ultrassonografia obstétrica. Indicação: lombalgia crônica. Traçado sem alterações da repolarização ventricular. Vesícula biliar de paredes finas, sem cálculos. Sem evidência de pneumotórax. Conclusão: Exame dentro dos limites da normalidade.",normal
2280,Ultrassonografia de abdome total. Indicação: síncope. Ritmo sinusal com frequência cardíaca normal. Bloqueio de ramo direito incompleto. Conclusão: Achado que requer seguimento em consulta.,atencao
2281,Ultrassonografia obstétrica. Indicação: febre persistente. Estruturas avaliadas com aspecto habitual. Sistema ventricular de dimensões preservadas.,normal
2282,Eletrocardiograma de repouso. Indicação: síncope. Esteatose hepática moderada. Área cardíaca dentro dos limites da normalidade. Conclusão: Achado que requer seguimento em consulta.,atencao
2283,Angiotomografia de artérias pulmonares. Indicação: cefaleia intensa. Aneurisma de aorta abdominal roto. Linfonodos mediastinais levemente aumentados. Conclusão: Necessita avaliação médica imediata.,urgente
2284,Radiografia de tórax em PA e perfil. Indicação: cefaleia intensa. Área cardíaca dentro dos limites da normalidade. Bloqueio de ramo direito incompleto. Conclusão: Achado que requer seguimento em consulta.,atencao
2285,Tomografia computadorizada de crânio sem contraste. Indicação: síncope. Área cardíaca dentro dos limites da normalidade. Opacidade em vidro fosco periférica de pequena extensão. Conclusão: Sugere-se correlação clínica e controle evolutivo.,atencao
2286,Ultrassonografia de abdome total. Indicação: trauma após queda. Parênquima pulmonar com transparência preservada. Espessamento parietal da vesícula biliar sem sinais de complicação. Conclusão: Sugere-se correlação clínica e controle evolutivo.,atencao
2287,"Tomografia computadorizada de tórax. Indicação: febre persistente. Fígado de dimensões e ecotextura normais. Rins de forma, tamanho e contornos normais. Sem evidência de pneumotórax.",normal
2288,Ultrassonografia de abdome total. Indicação: dor abdominal. Traçado sem alterações da repolarização ventricular. Cálculo renal não obstrutivo de 6 mm à direita. Conclusão: Sugere-se correlação clínica e controle evolutivo.,atencao
2289,Angiotomografia de artérias pulmonares. Indicação: avaliação pré-operatória. Seios costofrênicos livres. Nódulo pulmonar sólido de 8 mm no lobo superior direito. Conclusão: Achado que requer seguimento em consulta.,atencao
2290,"Radiografia de tórax em PA e perfil. Indicação: dor abdominal. Fígado de dimensões e ecotextura normais. Rins de forma, tamanho e contornos normais. Conclusão: Estudo sem achados relevantes.",normal
2291,Eletrocardiograma de repouso. Indicação: trauma após queda. Aorta de calibre normal. Nódulo pulmonar sólido de 8 mm no lobo superior direito. Não há supradesnivelamento do segmento ST. Conclusão: Achado que requer seguimento em consulta.,atencao
2292,Ultrassonografia obstétrica. Indicação: lombalgia crônica. Hematoma subdural agudo com efeito de massa. Seios costofrênicos livres.,urgente
2293,Ultrassonografia de abdome total. Indicação: cefaleia intensa. Traçado sem alterações da repolarização ventricular. Sistema ventricular de dimensões preservadas. Conclusão: Estudo sem achados relevantes.,normal
2294,Tomografia computadorizada de tórax. Indicação: lombalgia crônica. Sistema ventricular de dimensões preservadas. Sem desvio da linha média. Pequeno derrame pleural à esquerda. Conclusão: Achado que requer seguimento em consulta.,atencao
2295,"Angiotomografia de artérias pulmonares. Indicação: dispneia progressiva. Corpos vertebrais com altura e alinhamento preservados. Hemorragia intraparenquimatosa extensa com desvio da linha média. Conclusão: Resultado crítico, acionar protocolo de emergência.",urgente
2296,Tomografia computadorizada de crânio sem contraste. Indicação: avaliação pré-operatória. Esteatose hepática moderada. Seios costofrênicos livres. Sem evidência de pneumotórax. Conclusão: Achado que requer seguimento em consulta.,atencao
2297,Eletrocardiograma de repouso. Indicação: dispneia progressiva. Sistema ventricular de dimensões preservadas. Opacidade em vidro fosco periférica de pequena extensão. Conclusão: Recomenda-se acompanhamento ambulatorial.,atencao
2298,Ressonância magnética de coluna lombar. Indicação: síncope. Área cardíaca dentro dos limites da normalidade. Traçado sem alterações da repolarização ventricular. Conclusão: Sem alterações significativas.,normal
2299,Angiotomografia de artérias pulmonares. Indicação: síncope. Compressão medular aguda com sinais de mielopatia. Aorta de calibre normal.,urgente
2300,Ultrassonografia obstétrica. Indicação: febre persistente. Área cardíaca dentro dos limites da normalidade. Seios costofrênicos livres. Ausência de sinais de hemorragia.,normal
2301,Tomografia computadorizada de crânio sem contraste. Indicação: avaliação pré-operatória. Traçado sem alterações da repolarização ventricular. Estruturas avaliadas com aspecto habitual.,normal
2302,Eletrocardiograma de repouso. Indicação: dispneia progressiva. Sem sinais de tromboembolismo. Fígado de dimensões e ecotextura normais. Ritmo sinusal com frequência cardíaca normal. Conclusão: Sem alterações significativas.,normal
2303,Ultrassonografia obstétrica. Indicação: dor torácica. Não há supradesnivelamento do segmento ST. Parênquima pulmonar com transparência preservada. Área cardíaca dentro dos limites da normalidade. Conclusão: Estudo sem achados relevantes.,normal
2304,"Ultrassonografia de abdome total. Indicação: febre persistente. Estruturas avaliadas com aspecto habitual. Rins de forma, tamanho e contornos normais.",normal
2305,"Ultrassonografia de abdome total. Indicação: dor torácica. Esteatose hepática moderada. Vesícula biliar de paredes finas, sem cálculos. Conclusão: Achado que requer seguimento em consulta.",atencao
2306,Angiotomografia de artérias pulmonares. Indicação: avaliação pré-operatória. Nódulo pulmonar sólido de 8 mm no lobo superior direito. Área cardíaca dentro dos limites da normalidade. Conclusão: Sugere-se correlação clínica e controle evolutivo.,atencao
2307,Eletrocardiograma de repouso. Indicação: dor torácica. Sem desvio da linha média. Sistema ventricular de dimensões preservadas. Aorta de calibre normal. Conclusão: Sem alterações significativas.,normal
2308,Eletrocardiograma de repouso. Indicação: dor torácica. Ritmo sinusal com frequência cardíaca normal. Seios costofrênicos livres.,normal
2309,Tomografia computadorizada de tórax. Indicação: cefaleia intensa. Compressão medular aguda com sinais de mielopatia. Extrassístoles ventriculares frequentes.,urgente
2310,Ressonância magnética de coluna lombar. Indicação: dispneia progressiva. Seios costofrênicos livres. Sem evidência de pneumotórax. Aorta de calibre normal. Conclusão: Sem alterações significativas.,normal
2311,"Ultrassonografia obstétrica. Indicação: síncope. Vesícula biliar de paredes finas, sem cálculos. Sem sinais de tromboembolismo. Rins de forma, tamanho e contornos normais. Conclusão: Sem alterações significativas.",normal
2312,"Ultrassonografia obstétrica. Indicação: controle de rotina. Hemorragia intraparenquimatosa extensa com desvio da linha média. Aorta de calibre normal. Conclusão: Resultado crítico, acionar protocolo de emergência.",urgente
2313,"Tomografia computadorizada de tórax. Indicação: febre persistente. Rins de forma, tamanho e contornos normais. Sem desvio da linha média. Aorta de calibre normal. Conclusão: Sem alterações significativas.",normal
2314,Angiotomografia de artérias pulmonares. Indicação: controle de rotina. Sistema ventricular de dimensões preservadas. Discreta cardiomegalia. Conclusão: Achado que requer seguimento em consulta.,atencao
2315,"Ultrassonografia de abdome total. Indicação: trauma após queda. Sistema ventricular de dimensões preservadas. Vesícula biliar de paredes finas, sem cálculos. Conclusão: Sem alterações significativas.",normal
2316,Ultrassonografia obstétrica. Indicação: síncope. Sistema ventricular de dimensões preservadas. Apendicite aguda com sinais de perfuração e abscesso. Conclusão: Achado crítico: comunicado à equipe assistente.,urgente
2317,"Tomografia computadorizada de tórax. Indicação: dor torácica. Fígado de dimensões e ecotextura normais. Vesícula biliar de paredes finas, sem cálculos. Conclusão: Exame dentro dos limites da normalidade.",normal
2318,Ultrassonografia de abdome total. Indicação: síncope. Pequeno derrame pleural à esquerda. Área cardíaca dentro dos limites da normalidade. Conclusão: Recomenda-se acompanhamento ambulatorial.,atencao
2319,Eletrocardiograma de repouso. Indicação: dispneia progressiva. Estruturas avaliadas com aspecto habitual. Traçado sem alterações da repolarização ventricular.,normal
2320,Tomografia computadorizada de crânio sem contraste. Indicação: dispneia progressiva. Traçado sem alterações da repolarização ventricular. Extrassístoles ventriculares frequentes.,atencao
2321,Tomografia computadorizada de crânio sem contraste. Indicação: trauma após queda. Fígado de dimensões e ecotextura normais. Parênquima pulmonar com transparência preservada. Sem sinais de tromboembolismo. Conclusão: Estudo sem achados relevantes.,normal
2322,"Ultrassonografia obstétrica. Indicação: controle de rotina. Compressão medular aguda com sinais de mielopatia. Rins de forma, tamanho e contornos normais. Conclusão: Resultado crítico, acionar protocolo de emergência.",urgente
2323,Tomografia computadorizada de tórax. Indicação: controle de rotina. Estruturas avaliadas com aspecto habitual. Fígado de dimensões e ecotextura normais. Não há supradesnivelamento do segmento ST. Conclusão: Exame dentro dos limites da normalidade.,normal
2324,"Ultrassonografia de abdome total. Indicação: dor torácica. Rins de forma, tamanho e contornos normais. Corpos vertebrais com altura e alinhamento preservados. Conclusão: Exame dentro dos limites da normalidade.",normal
2325,"Eletrocardiograma de repouso. Indicação: lombalgia crônica. Seios costofrênicos livres. Rins de forma, tamanho e contornos normais. Sem sinais de tromboembolismo. Conclusão: Sem alterações significativas.",normal
2326,Tomografia computadorizada de tórax. Indicação: dor torácica. Hematoma subdural agudo com efeito de massa. Corpos vertebrais com altura e alinhamento preservados. Conclusão: Achado crítico: comunicado à equipe assistente.,urgente
2327,"Angiotomografia de artérias pulmonares. Indicação: febre persistente. Não há sinais de perfuração. Parênquima pulmonar com transparência preservada. Vesícula biliar de paredes finas, sem cálculos.",normal
2328,Eletrocardiograma de repouso. Indicação: dor torácica. Fígado de dimensões e ecotextura normais. Ritmo sinusal com frequência cardíaca normal. Conclusão: Exame dentro dos limites da normalidade.,normal
2329,Ressonância magnética de coluna lombar. Indicação: trauma após queda. Falha de enchimento em artéria pulmonar principal compatível com tromboembolismo. Traçado sem alterações da repolarização ventricular. Conclusão: Necessita avaliação médica imediata.,urgente
2330,Tomografia computadorizada de crânio sem contraste. Indicação: dor torácica. Corpos vertebrais com altura e alinhamento preservados. Estruturas avaliadas com aspecto habitual. Sem evidência de pneumotórax. Conclusão: Sem alterações significativas.,normal
2331,Angiotomografia de artérias pulmonares. Indicação: cefaleia intensa. Ausência de sinais de hemorragia. Traçado sem alterações da repolarização ventricular. Cisto ovariano complexo de 4 cm.,atencao
2332,"Tomografia computadorizada de crânio sem contraste. Indicação: síncope. Sem evidência de pneumotórax. Ritmo sinusal com frequência cardíaca normal. Vesícula biliar de paredes finas, sem cálculos. Conclusão: Estudo sem achados relevantes.",normal
2333,Eletrocardiograma de repouso. Indicação: dispneia progressiva. Espessamento parietal da vesícula biliar sem sinais de complicação. Pneumoperitônio compatível com perfuração de víscera oca.,urgente
2334,Radiografia de tórax em PA e perfil. Indicação: avaliação pré-operatória. Falha de enchimento em artéria pulmonar principal compatível com tromboembolismo. Esteatose hepática moderada.,urgente
2335,Radiografia de tórax em PA e perfil. Indicação: avaliação pré-operatória. Sem sinais de tromboembolismo. Sistema ventricular de dimensões preservadas. Bloqueio de ramo direito incompleto. Conclusão: Achado que requer seguimento em consulta.,atencao
2336,Ressonância magnética de coluna lombar. Indicação: cefaleia intensa. Extrassístoles ventriculares frequentes. Falha de enchimento em artéria pulmonar principal compatível com tromboembolismo.,urgente
2337,Tomografia computadorizada de crânio sem contraste. Indicação: dispneia progressiva. Seios costofrênicos livres. Não há sinais de perfuração. Sistema ventricular de dimensões preservadas. Conclusão: Sem alterações significativas.,normal
2338,Ressonância magnética de coluna lombar. Indicação: dor abdominal. Não há supradesnivelamento do segmento ST. Aorta de calibre normal. Opacidade em vidro fosco periférica de pequena extensão.,atencao
2339,Eletrocardiograma de repouso. Indicação: síncope. Linfonodos mediastinais levemente aumentados. Dissecção de aorta torácica tipo A. Conclusão: Achado crítico: comunicado à equipe assistente.,urgente
2340,Radiografia de tórax em PA e perfil. Indicação: avaliação pré-operatória. Estruturas avaliadas com aspecto habitual. Espessamento parietal da vesícula biliar sem sinais de complicação. Ausência de sinais de hemorragia.,atencao
2341,Eletrocardiograma de repouso. Indicação: dor abdominal. Parênquima pulmonar com transparência preservada. Cálculo renal não obstrutivo de 6 mm à direita.,atencao
2342,"Tomografia computadorizada de tórax. Indicação: controle de rotina. Parênquima pulmonar com transparência preservada. Vesícula biliar de paredes finas, sem cálculos. Sem evidência de pneumotórax. Conclusão: Exame dentro dos limites da normalidade.",normal
2343,Radiografia de tórax em PA e perfil. Indicação: trauma após queda. Opacidade em vidro fosco periférica de pequena extensão. Sistema ventricular de dimensões preservadas. Conclusão: Sugere-se correlação clínica e controle evolutivo.,atencao
2344,"Radiografia de tórax em PA e perfil. Indicação: avaliação pré-operatória. Sem desvio da linha média. Vesícula biliar de paredes finas, sem cálculos. Aorta de calibre normal. Conclusão: Sem alterações significativas.",normal
2345,Angiotomografia de artérias pulmonares. Indicação: dispneia progressiva. Seios costofrênicos livres. Aorta de calibre normal.,normal
2346,Ressonância magnética de coluna lombar. Indicação: febre persistente. Ritmo sinusal com frequência cardíaca normal. Hemorragia intraparenquimatosa extensa com desvio da linha média. Conclusão: Necessita avaliação médica imediata.,urgente
2347,"Radiografia de tórax em PA e perfil. Indicação: lombalgia crônica. Vesícula biliar de paredes finas, sem cálculos. Estruturas avaliadas com aspecto habitual. Conclusão: Estudo sem achados relevantes.",normal
2348,"Ultrassonografia obstétrica. Indicação: dor torácica. Estruturas avaliadas com aspecto habitual. Hematoma subdural agudo com efeito de massa. Conclusão: Resultado crítico, acionar protocolo de emergência.",urgente
2349,Eletrocardiograma de repouso. Indicação: trauma após queda. Parênquima pulmonar com transparência preservada. Sem evidência de pneumotórax. Aorta de calibre normal. Conclusão: Sem alterações significativas.,normal
2350,Ressonância magnética de coluna lombar. Indicação: lombalgia crônica. Sistema ventricular de dimensões preservadas. Sem desvio da linha média. Nódulo pulmonar sólido de 8 mm no lobo superior direito. Conclusão: Recomenda-se acompanhamento ambulatorial.,atencao
2351,Angiotomografia de artérias pulmonares. Indicação: dor torácica. Corpos vertebrais com altura e alinhamento preservados. Fígado de dimensões e ecotextura normais. Conclusão: Sem alterações significativas.,normal
2352,Ultrassonografia obstétrica. Indicação: dor torácica. Espessamento parietal da vesícula biliar sem sinais de complicação. Corpos vertebrais com altura e alinhamento preservados.,atencao
2353,Radiografia de tórax em PA e perfil. Indicação: lombalgia crônica. Aorta de calibre normal. Traçado sem alterações da repolarização ventricular. Conclusão: Exame dentro dos limites da normalidade.,normal
2354,"Tomografia computadorizada de crânio sem contraste. Indicação: síncope. Rins de forma, tamanho e contornos normais. Sistema ventricular de dimensões preservadas. Conclusão: Sem alterações significativas.",normal
2355,Angiotomografia de artérias pulmonares. Indicação: controle de rotina. Bloqueio de ramo direito incompleto. Área cardíaca dentro dos limites da normalidade. Não há supradesnivelamento do segmento ST.,atencao
2356,Radiografia de tórax em PA e perfil. Indicação: controle de rotina. Sem sinais de tromboembolismo. Extrassístoles ventriculares frequentes. Seios costofrênicos livres. Conclusão: Sugere-se correlação clínica e controle evolutivo.,atencao
2357,Ultrassonografia obstétrica. Indicação: dor torácica. Seios costofrênicos livres. Ritmo sinusal com frequência cardíaca normal. Conclusão: Exame dentro dos limites da normalidade.,normal
2358,Radiografia de tórax em PA e perfil. Indicação: febre persistente. Discreta cardiomegalia. Apendicite aguda com sinais de perfuração e abscesso. Conclusão: Achado crítico: comunicado à equipe assistente.,urgente
2359,Tomografia computadorizada de crânio sem contraste. Indicação: febre persistente. Nódulo pulmonar sólido de 8 mm no lobo superior direito. Compressão medular aguda com sinais de mielopatia. Conclusão: Achado crítico: comunicado à equipe assistente.,urgente
2360,Tomografia computadorizada de crânio sem contraste. Indicação: controle de rotina. Ausência de sinais de hemorragia. Aorta de calibre normal. Nódulo pulmonar sólido de 8 mm no lobo superior direito. Conclusão: Achado que requer seguimento em consulta.,atencao
2361,Tomografia computadorizada de tórax. Indicação: trauma após queda. Compressão medular aguda com sinais de mielopatia. Protrusão discal L4-L5 com compressão radicular leve. Conclusão: Necessita avaliação médica imediata.,urgente
2362,Tomografia computadorizada de crânio sem contraste. Indicação: síncope. Área cardíaca dentro dos limites da normalidade. Linfonodos mediastinais levemente aumentados. Conclusão: Achado que requer seguimento em consulta.,atencao
2363,Radiografia de tórax em PA e perfil. Indicação: controle de rotina. Espessamento parietal da vesícula biliar sem sinais de complicação. Sistema ventricular de dimensões preservadas.,atencao
2364,"Eletrocardiograma de repouso. Indicação: dispneia progressiva. Rins de forma, tamanho e contornos normais. Linfonodos mediastinais levemente aumentados. Conclusão: Achado que requer seguimento em consulta.",atencao
2365,Eletrocardiograma de repouso. Indicação: dispneia progressiva. Ritmo sinusal com frequência cardíaca normal. Sistema ventricular de dimensões preservadas. Conclusão: Estudo sem achados relevantes.,normal
2366,Angiotomografia de artérias pulmonares. Indicação: dor abdominal. Falha de enchimento em artéria pulmonar principal compatível com tromboembolismo. Opacidade em vidro fosco periférica de pequena extensão.,urgente
2367,Ressonância magnética de coluna lombar. Indicação: febre persistente. Bloqueio de ramo direito incompleto. Área cardíaca dentro dos limites da normalidade. Conclusão: Sugere-se correlação clínica e controle evolutivo.,atencao
2368,Radiografia de tórax em PA e perfil. Indicação: dor abdominal. Sem evidência de pneumotórax. Aorta de calibre normal. Seios costofrênicos livres.,normal
2369,"Eletrocardiograma de repouso. Indicação: lombalgia crônica. Nódulo pulmonar sólido de 8 mm no lobo superior direito. Descolamento prematuro de placenta com sinais de sofrimento fetal. Conclusão: Resultado crítico, acionar protocolo de emergência.",urgente
2370,Angiotomografia de artérias pulmonares. Indicação: febre persistente. Nódulo pulmonar sólido de 8 mm no lobo superior direito. Ausência de sinais de hemorragia. Área cardíaca dentro dos limites da normalidade. Conclusão: Sugere-se correlação clínica e controle evolutivo.,atencao
2371,Radiografia de tórax em PA e perfil. Indicação: cefaleia intensa. Ritmo sinusal com frequência cardíaca normal. Corpos vertebrais com altura e alinhamento preservados. Conclusão: Exame dentro dos limites da normalidade.,normal
2372,Radiografia de tórax em PA e perfil. Indicação: dor abdominal. Opacidade em vidro fosco periférica de pequena extensão. Corpos vertebrais com altura e alinhamento preservados. Conclusão: Sugere-se correlação clínica e controle evolutivo.,atencao
2373,Ultrassonografia de abdome total. Indicação: trauma após queda. Cisto ovariano complexo de 4 cm. Sistema ventricular de dimensões preservadas. Conclusão: Sugere-se correlação clínica e controle evolutivo.,atencao
2374,Ressonância magnética de coluna lombar. Indicação: trauma após queda. Pequeno derrame pleural à esquerda. Traçado sem alterações da repolarização ventricular. Conclusão: Sugere-se correlação clínica e controle evolutivo.,atencao
2375,Tomografia computadorizada de crânio sem contraste. Indicação: síncope. Extrassístoles ventriculares frequentes. Parênquima pulmonar com transparência preservada. Conclusão: Achado que requer seguimento em consulta.,atencao
2376,Angiotomografia de artérias pulmonares. Indicação: síncope. Seios costofrênicos livres. Ritmo sinusal com frequência cardíaca normal. Ausência de sinais de hemorragia. Conclusão: Sem alterações significativas.,normal
2377,Ultrassonografia obstétrica. Indicação: dispneia progressiva. Linfonodos mediastinais levemente aumentados. Traçado sem alterações da repolarização ventricular. Conclusão: Recomenda-se acompanhamento ambulatorial.,atencao
2378,Ultrassonografia obstétrica. Indicação: dor torácica. Área cardíaca dentro dos limites da normalidade. Ritmo sinusal com frequência cardíaca normal.,normal
2379,Tomografia computadorizada de crânio sem contraste. Indicação: lombalgia crônica. Ritmo sinusal com frequência cardíaca normal. Cálculo renal não obstrutivo de 6 mm à direita. Conclusão: Recomenda-se acompanhamento ambulatorial.,urgente
2380,Angiotomografia de artérias pulmonares. Indicação: avaliação pré-operatória. Discreta cardiomegalia. Ritmo sinusal com frequência cardíaca normal. Sem evidência de pneumotórax. Conclusão: Achado que requer seguimento em consulta.,atencao
2381,Angiotomografia de artérias pulmonares. Indicação: dispneia progressiva. Sem sinais de tromboembolismo. Estruturas avaliadas com aspecto habitual. Cálculo renal não obstrutivo de 6 mm à direita. Conclusão: Recomenda-se acompanhamento ambulatorial.,atencao
2382,"Ultrassonografia obstétrica. Indicação: febre persistente. Rins de forma, tamanho e contornos normais. Aorta de calibre normal. Conclusão: Sem alterações significativas.",normal
2383,"Tomografia computadorizada de tórax. Indicação: trauma após queda. Vesícula biliar de paredes finas, sem cálculos. Extrassístoles ventriculares frequentes. Conclusão: Recomenda-se acompanhamento ambulatorial.",atencao
2384,Radiografia de tórax em PA e perfil. Indicação: síncope. Fígado de dimensões e ecotextura normais. Pequeno derrame pleural à esquerda. Conclusão: Achado que requer seguimento em consulta.,atencao
2385,Tomografia computadorizada de tórax. Indicação: lombalgia crônica. Não há sinais de perfuração. Fígado de dimensões e ecotextura normais. Aorta de calibre normal. Conclusão: Estudo sem achados relevantes.,normal
2386,Radiografia de tórax em PA e perfil. Indicação: avaliação pré-operatória. Sistema ventricular de dimensões preservadas. Aorta de calibre normal.,normal
2387,Tomografia computadorizada de tórax. Indicação: febre persistente. Corpos vertebrais com altura e alinhamento preservados. Nódulo pulmonar sólido de 8 mm no lobo superior direito. Conclusão: Recomenda-se acompanhamento ambulatorial.,atencao
2388,Radiografia de tórax em PA e perfil. Indicação: febre persistente. Sem evidência de pneumotórax. Ritmo sinusal com frequência cardíaca normal. Cálculo renal não obstrutivo de 6 mm à direita.,atencao
2389,Tomografia computadorizada de tórax. Indicação: controle de rotina. Corpos vertebrais com altura e alinhamento preservados. Espessamento parietal da vesícula biliar sem sinais de complicação. Conclusão: Recomenda-se acompanhamento ambulatorial.,atencao
2390,Radiografia de tórax em PA e perfil. Indicação: febre persistente. Fígado de dimensões e ecotextura normais. Bloqueio de ramo direito incompleto.,atencao
2391,Ultrassonografia de abdome total. Indicação: lombalgia crônica. Protrusão discal L4-L5 com compressão radicular leve. Ausência de sinais de hemorragia. Estruturas avaliadas com aspecto habitual. Conclusão: Achado que requer seguimento em consulta.,atencao
2392,Tomografia computadorizada de tórax. Indicação: dispneia progressiva. Pequeno derrame pleural à esquerda. Aorta de calibre normal.,atencao
2393,Radiografia de tórax em PA e perfil. Indicação: controle de rotina. Corpos vertebrais com altura e alinhamento preservados. Não há supradesnivelamento do segmento ST. Fígado de dimensões e ecotextura normais.,normal
2394,Tomografia computadorizada de tórax. Indicação: febre persistente. Sem sinais de tromboembolismo. Seios costofrênicos livres. Corpos vertebrais com altura e alinhamento preservados.,atencao
2395,"Ultrassonografia de abdome total. Indicação: febre persistente. Ritmo sinusal com frequência cardíaca normal. Vesícula biliar de paredes finas, sem cálculos. Conclusão: Sem alterações significativas.",normal
2396,Eletrocardiograma de repouso. Indicação: febre persistente. Extrassístoles ventriculares frequentes. Sem desvio da linha média. Parênquima pulmonar com transparência preservada. Conclusão: Achado que requer seguimento em consulta.,atencao
2397,"Tomografia computadorizada de crânio sem contraste. Indicação: lombalgia crônica. Ritmo sinusal com frequência cardíaca normal. Rins de forma, tamanho e contornos normais.",normal
2398,Eletrocardiograma de repouso. Indicação: síncope. Parênquima pulmonar com transparência preservada. Fígado de dimensões e ecotextura normais. Conclusão: Estudo sem achados relevantes.,normal
2399,Ressonância magnética de coluna lombar. Indicação: dor abdominal. Fígado de dimensões e ecotextura normais. Compressão medular aguda com sinais de mielopatia. Conclusão: Necessita avaliação médica imediata.,urgente
2400,Angiotomografia de artérias pulmonares. Indicação: dispneia progressiva. Ritmo sinusal com frequência cardíaca normal. Área cardíaca dentro dos limites da normalidade. Sem evidência de pneumotórax.,normal
2401,"Tomografia computadorizada de crânio sem contraste. Indicação: controle de rotina. Vesícula biliar de paredes finas, sem cálculos. Extrassístoles ventriculares frequentes. Conclusão: Recomenda-se acompanhamento ambulatorial.",atencao
2402,Eletrocardiograma de repouso. Indicação: lombalgia crônica. Ritmo sinusal com frequência cardíaca normal. Sistema ventricular de dimensões preservadas. Ausência de sinais de hemorragia. Conclusão: Sem alterações significativas.,normal
2403,"Tomografia computadorizada de tórax. Indicação: controle de rotina. Discreta cardiomegalia. Rins de forma, tamanho e contornos normais.",atencao
2404,Tomografia computadorizada de tórax. Indicação: dor abdominal. Seios costofrênicos livres. Corpos vertebrais com altura e alinhamento preservados. Conclusão: Estudo sem achados relevantes.,normal
2405,Tomografia computadorizada de tórax. Indicação: controle de rotina. Ritmo sinusal com frequência cardíaca normal. Corpos vertebrais com altura e alinhamento preservados. Conclusão: Estudo sem achados relevantes.,normal
2406,"Eletrocardiograma de repouso. Indicação: cefaleia intensa. Vesícula biliar de paredes finas, sem cálculos. Não há supradesnivelamento do segmento ST. Seios costofrênicos livres. Conclusão: Sem alterações significativas.",normal
2407,Ressonância magnética de coluna lombar. Indicação: febre persistente. Fígado de dimensões e ecotextura normais. Corpos vertebrais com altura e alinhamento preservados. Conclusão: Estudo sem achados relevantes.,normal
2408,Angiotomografia de artérias pulmonares. Indicação: avaliação pré-operatória. Cisto ovariano complexo de 4 cm. Fígado de dimensões e ecotextura normais. Conclusão: Achado que requer seguimento em consulta.,atencao
2409,Radiografia de tórax em PA e perfil. Indicação: síncope. Área cardíaca dentro dos limites da normalidade. Ausência de sinais de hemorragia. Corpos vertebrais com altura e alinhamento preservados. Conclusão: Exame dentro dos limites da normalidade.,normal
2410,Angiotomografia de artérias pulmonares. Indicação: febre persistente. Área cardíaca dentro dos limites da normalidade. Não há sinais de perfuração. Estruturas avaliadas com aspecto habitual.,normal
2411,Angiotomografia de artérias pulmonares. Indicação: dispneia progressiva. Protrusão discal L4-L5 com compressão radicular leve. Corpos vertebrais com altura e alinhamento preservados. Conclusão: Sugere-se correlação clínica e controle evolutivo.,atencao
2412,Ressonância magnética de coluna lombar. Indicação: cefaleia intensa. Esteatose hepática moderada. Fígado de dimensões e ecotextura normais. Conclusão: Recomenda-se acompanhamento ambulatorial.,atencao
2413,"Ultrassonografia obstétrica. Indicação: dor abdominal. Seios costofrênicos livres. Vesícula biliar de paredes finas, sem cálculos. Conclusão: Exame dentro dos limites da normalidade.",normal
2414,Angiotomografia de artérias pulmonares. Indicação: febre persistente. Sem evidência de pneumotórax. Fígado de dimensões e ecotextura normais. Sistema ventricular de dimensões preservadas.,normal
2415,Ultrassonografia obstétrica. Indicação: dispneia progressiva. Área cardíaca dentro dos limites da normalidade. Estruturas avaliadas com aspecto habitual. Conclusão: Sem alterações significativas.,normal
2416,Angiotomografia de artérias pulmonares. Indicação: dor torácica. Opacidade em vidro fosco periférica de pequena extensão. Ritmo sinusal com frequência cardíaca normal.,atencao
2417,Ultrassonografia obstétrica. Indicação: dor torácica. Discreta cardiomegalia. Sem sinais de tromboembolismo. Seios costofrênicos livres. Conclusão: Recomenda-se acompanhamento ambulatorial.,atencao
2418,Angiotomografia de artérias pulmonares. Indicação: dor torácica. Área cardíaca dentro dos limites da normalidade. Estruturas avaliadas com aspecto habitual.,normal
2419,Ultrassonografia de abdome total. Indicação: dor torácica. Fígado de dimensões e ecotextura normais. Cisto ovariano complexo de 4 cm. Conclusão: Achado que requer seguimento em consulta.,urgente
2420,Tomografia computadorizada de crânio sem contraste. Indicação: síncope. Descolamento prematuro de placenta com sinais de sofrimento fetal. Cisto ovariano complexo de 4 cm. Conclusão: Necessita avaliação médica imediata.,urgente
2421,Tomografia computadorizada de tórax. Indicação: lombalgia crônica. Cálculo renal não obstrutivo de 6 mm à direita. Parênquima pulmonar com transparência preservada. Sem desvio da linha média. Conclusão: Sugere-se correlação clínica e controle evolutivo.,atencao
2422,Radiografia de tórax em PA e perfil. Indicação: avaliação pré-operatória. Discreta cardiomegalia. Sistema ventricular de dimensões preservadas.,atencao
2423,Radiografia de tórax em PA e perfil. Indicação: síncope. Corpos vertebrais com altura e alinhamento preservados. Protrusão discal L4-L5 com compressão radicular leve. Conclusão: Achado que requer seguimento em consulta.,urgente
2424,Radiografia de tórax em PA e perfil. Indicação: controle de rotina. Traçado sem alterações da repolarização ventricular. Seios costofrênicos livres. Não há supradesnivelamento do segmento ST. Conclusão: Estudo sem achados relevantes.,normal
2425,Radiografia de tórax em PA e perfil. Indicação: trauma após queda. Sistema ventricular de dimensões preservadas. Pequeno derrame pleural à esquerda. Conclusão: Sugere-se correlação clínica e controle evolutivo.,atencao
2426,"Radiografia de tórax em PA e perfil. Indicação: avaliação pré-operatória. Fígado de dimensões e ecotextura normais. Supradesnivelamento do segmento ST em parede anterior. Conclusão: Resultado crítico, acionar protocolo de emergência.",urgente
2427,"Ultrassonografia obstétrica. Indicação: avaliação pré-operatória. Cálculo renal não obstrutivo de 6 mm à direita. Vesícula biliar de paredes finas, sem cálculos. Conclusão: Recomenda-se acompanhamento ambulatorial.",atencao
2428,Tomografia computadorizada de crânio sem contraste. Indicação: lombalgia crônica. Fígado de dimensões e ecotextura normais. Seios costofrênicos livres. Conclusão: Estudo sem achados relevantes.,normal
2429,Tomografia computadorizada de tórax. Indicação: síncope. Protrusão discal L4-L5 com compressão radicular leve. Traçado sem alterações da repolarização ventricular. Conclusão: Sugere-se correlação clínica e controle evolutivo.,atencao
2430,Angiotomografia de artérias pulmonares. Indicação: controle de rotina. Traçado sem alterações da repolarização ventricular. Ritmo sinusal com frequência cardíaca normal.,normal
2431,"Ressonância magnética de coluna lombar. Indicação: lombalgia crônica. Rins de forma, tamanho e contornos normais. Seios costofrênicos livres. Conclusão: Sem alterações significativas.",normal
2432,Ultrassonografia de abdome total. Indicação: cefaleia intensa. Espessamento parietal da vesícula biliar sem sinais de complicação. Ritmo sinusal com frequência cardíaca normal. Conclusão: Achado que requer seguimento em consulta.,atencao
2433,"Tomografia computadorizada de crânio sem contraste. Indicação: dor abdominal. Pneumotórax hipertensivo à direita com desvio do mediastino. Vesícula biliar de paredes finas, sem cálculos. Conclusão: Achado crítico: comunicado à equipe assistente.",urgente
2434,Tomografia computadorizada de tórax. Indicação: febre persistente. Protrusão discal L4-L5 com compressão radicular leve. Sistema ventricular de dimensões preservadas. Conclusão: Achado que requer seguimento em consulta.,atencao
2435,Angiotomografia de artérias pulmonares. Indicação: controle de rotina. Área cardíaca dentro dos limites da normalidade. Discreta cardiomegalia. Conclusão: Sugere-se correlação clínica e controle evolutivo.,atencao
2436,Radiografia de tórax em PA e perfil. Indicação: controle de rotina. Ritmo sinusal com frequência cardíaca normal. Sem sinais de tromboembolismo. Área cardíaca dentro dos limites da normalidade.,normal
2437,"Angiotomografia de artérias pulmonares. Indicação: dor abdominal. Fígado de dimensões e ecotextura normais. Vesícula biliar de paredes finas, sem cálculos. Conclusão: Estudo sem achados relevantes.",normal
2438,Ultrassonografia obstétrica. Indicação: avaliação pré-operatória. Sistema ventricular de dimensões preservadas. Cisto ovariano complexo de 4 cm. Conclusão: Sugere-se correlação clínica e controle evolutivo.,atencao
2439,"Ressonância magnética de coluna lombar. Indicação: dor abdominal. Rins de forma, tamanho e contornos normais. Ritmo sinusal com frequência cardíaca normal.",normal
2440,Ultrassonografia obstétrica. Indicação: lombalgia crônica. Parênquima pulmonar com transparência preservada. Sistema ventricular de dimensões preservadas. Conclusão: Exame dentro dos limites da normalidade.,normal
2441,"Eletrocardiograma de repouso. Indicação: dor abdominal. Vesícula biliar de paredes finas, sem cálculos. Rins de forma, tamanho e contornos normais. Conclusão: Estudo sem achados relevantes.",normal
2442,"Eletrocardiograma de repouso. Indicação: lombalgia crônica. Corpos vertebrais com altura e alinhamento preservados. Sem sinais de tromboembolismo. Vesícula biliar de paredes finas, sem cálculos.",normal
2443,Angiotomografia de artérias pulmonares. Indicação: cefaleia intensa. Ritmo sinusal com frequência cardíaca normal. Esteatose hepática moderada. Conclusão: Achado que requer seguimento em consulta.,atencao
2444,Radiografia de tórax em PA e perfil. Indicação: dor abdominal. Parênquima pulmonar com transparência preservada. Extrassístoles ventriculares frequentes. Conclusão: Achado que requer seguimento em consulta.,atencao
2445,Angiotomografia de artérias pulmonares. Indicação: cefaleia intensa. Área cardíaca dentro dos limites da normalidade. Opacidade em vidro fosco periférica de pequena extensão. Conclusão: Sugere-se correlação clínica e controle evolutivo.,urgente
2446,Angiotomografia de artérias pulmonares. Indicação: síncope. Parênquima pulmonar com transparência preservada. Sem sinais de tromboembolismo. Estruturas avaliadas com aspecto habitual. Conclusão: Exame dentro dos limites da normalidade.,normal
2447,"Tomografia computadorizada de tórax. Indicação: febre persistente. Rins de forma, tamanho e contornos normais. Opacidade em vidro fosco periférica de pequena extensão. Conclusão: Achado que requer seguimento em consulta.",atencao
2448,Angiotomografia de artérias pulmonares. Indicação: dispneia progressiva. Corpos vertebrais com altura e alinhamento preservados. Cisto ovariano complexo de 4 cm.,atencao
2449,"Ultrassonografia obstétrica. Indicação: dor abdominal. Vesícula biliar de paredes finas, sem cálculos. Espessamento parietal da vesícula biliar sem sinais de complicação.",atencao
2450,Ressonância magnética de coluna lombar. Indicação: avaliação pré-operatória. Corpos vertebrais com altura e alinhamento preservados. Não há supradesnivelamento do segmento ST. Estruturas avaliadas com aspecto habitual.,normal
2451,Ultrassonografia de abdome total. Indicação: cefaleia intensa. Protrusão discal L4-L5 com compressão radicular leve. Dissecção de aorta torácica tipo A. Conclusão: Necessita avaliação médica imediata.,urgente
2452,"Radiografia de tórax em PA e perfil. Indicação: dor abdominal. Pneumotórax hipertensivo à direita com desvio do mediastino. Traçado sem alterações da repolarização ventricular. Conclusão: Resultado crítico, acionar protocolo de emergência.",urgente
2453,Ultrassonografia de abdome total. Indicação: lombalgia crônica. Não há sinais de perfuração. Fígado de dimensões e ecotextura normais. Aorta de calibre normal. Conclusão: Exame dentro dos limites da normalidade.,normal
2454,Eletrocardiograma de repouso. Indicação: avaliação pré-operatória. Traçado sem alterações da repolarização ventricular. Estruturas avaliadas com aspecto habitual.,normal
2455,Ressonância magnética de coluna lombar. Indicação: dor torácica. Ritmo sinusal com frequência cardíaca normal. Seios costofrênicos livres. Conclusão: Estudo sem achados relevantes.,normal
2456,"Tomografia computadorizada de crânio sem contraste. Indicação: dor torácica. Rins de forma, tamanho e contornos normais. Traçado sem alterações da repolarização ventricular. Sem desvio da linha média. Conclusão: Exame dentro dos limites da normalidade.",normal
2457,Eletrocardiograma de repouso. Indicação: dispneia progressiva. Fibrilação ventricular. Bloqueio de ramo direito incompleto. Conclusão: Necessita avaliação médica imediata.,urgente
2458,Eletrocardiograma de repouso. Indicação: dor torácica. Ritmo sinusal com frequência cardíaca normal. Seios costofrênicos livres.,normal
2459,Tomografia computadorizada de crânio sem contraste. Indicação: febre persistente. Ritmo sinusal com frequência cardíaca normal. Área cardíaca dentro dos limites da normalidade. Conclusão: Sem alterações significativas.,normal
2460,Ultrassonografia de abdome total. Indicação: cefaleia intensa. Descolamento prematuro de placenta com sinais de sofrimento fetal. Cisto ovariano complexo de 4 cm. Conclusão: Achado crítico: comunicado à equipe assistente.,urgente
2461,Tomografia computadorizada de tórax. Indicação: avaliação pré-operatória. Parênquima pulmonar com transparência preservada. Discreta cardiomegalia.,atencao
2462,Tomografia computadorizada de crânio sem contraste. Indicação: dor abdominal. Opacidade em vidro fosco periférica de pequena extensão. Sistema ventricular de dimensões preservadas. Conclusão: Recomenda-se acompanhamento ambulatorial.,atencao
2463,Eletrocardiograma de repouso. Indicação: cefaleia intensa. Seios costofrênicos livres. Sistema ventricular de dimensões preservadas. Não há sinais de perfuração. Conclusão: Estudo sem achados relevantes.,normal
2464,Angiotomografia de artérias pulmonares. Indicação: dor torácica. Corpos vertebrais com altura e alinhamento preservados. Sem desvio da linha média. Ritmo sinusal com frequência cardíaca normal. Conclusão: Estudo sem achados relevantes.,normal
2465,Ressonância magnética de coluna lombar. Indicação: lombalgia crônica. Fígado de dimensões e ecotextura normais. Não há supradesnivelamento do segmento ST. Traçado sem alterações da repolarização ventricular.,normal
2466,Tomografia computadorizada de crânio sem contraste. Indicação: febre persistente. Corpos vertebrais com altura e alinhamento preservados. Ausência de sinais de hemorragia. Pequeno derrame pleural à esquerda. Conclusão: Achado que requer seguimento em consulta.,atencao
2467,Tomografia computadorizada de crânio sem contraste. Indicação: dispneia progressiva. Pequeno derrame pleural à esquerda. Ritmo sinusal com frequência cardíaca normal.,atencao
2468,Angiotomografia de artérias pulmonares. Indicação: dor torácica. Falha de enchimento em artéria pulmonar principal compatível com tromboembolismo. Opacidade em vidro fosco periférica de pequena extensão.,urgente
2469,Tomografia computadorizada de tórax. Indicação: síncope. Extrassístoles ventriculares frequentes. Área cardíaca dentro dos limites da normalidade. Conclusão: Recomenda-se acompanhamento ambulatorial.,atencao
2470,"Radiografia de tórax em PA e perfil. Indicação: controle de rotina. Linfonodos mediastinais levemente aumentados. Dissecção de aorta torácica tipo A. Conclusão: Resultado crítico, acionar protocolo de emergência.",urgente
2471,Tomografia computadorizada de tórax. Indicação: cefaleia intensa. Opacidade em vidro fosco periférica de pequena extensão. Ritmo sinusal com frequência cardíaca normal. Conclusão: Achado que requer seguimento em consulta.,atencao
2472,Angiotomografia de artérias pulmonares. Indicação: febre persistente. Seios costofrênicos livres. Parênquima pulmonar com transparência preservada. Não há sinais de perfuração.,normal
2473,Radiografia de tórax em PA e perfil. Indicação: controle de rotina. Área cardíaca dentro dos limites da normalidade. Esteatose hepática moderada. Conclusão: Achado que requer seguimento em consulta.,atencao
2474,Tomografia computadorizada de crânio sem contraste. Indicação: trauma após queda. Bloqueio de ramo direito incompleto. Fibrilação ventricular.,urgente
2475,"Radiografia de tórax em PA e perfil. Indicação: cefaleia intensa. Espessamento parietal da vesícula biliar sem sinais de complicação. Compressão medular aguda com sinais de mielopatia. Conclusão: Resultado crítico, acionar protocolo de emergência.",urgente
2476,Angiotomografia de artérias pulmonares. Indicação: cefaleia intensa. Aorta de calibre normal. Sem evidência de pneumotórax. Fígado de dimensões e ecotextura normais.,normal
2477,Ultrassonografia obstétrica. Indicação: dispneia progressiva. Não há sinais de perfuração. Sistema ventricular de dimensões preservadas. Seios costofrênicos livres.,normal
2478,Angiotomografia de artérias pulmonares. Indicação: trauma após queda. Corpos vertebrais com altura e alinhamento preservados. Área cardíaca dentro dos limites da normalidade. Ausência de sinais de hemorragia.,normal
2479,Ressonância magnética de coluna lombar. Indicação: dor abdominal. Cisto ovariano complexo de 4 cm. Área cardíaca dentro dos limites da normalidade. Conclusão: Sugere-se correlação clínica e controle evolutivo.,atencao
2480,"Eletrocardiograma de repouso. Indicação: cefaleia intensa. Cálculo renal não obstrutivo de 6 mm à direita. Rins de forma, tamanho e contornos normais. Sem evidência de pneumotórax. Conclusão: Recomenda-se acompanhamento ambulatorial.",atencao
2481,Ressonância magnética de coluna lombar. Indicação: dor abdominal. Parênquima pulmonar com transparência preservada. Ritmo sinusal com frequência cardíaca normal.,normal
2482,Eletrocardiograma de repouso. Indicação: lombalgia crônica. Corpos vertebrais com altura e alinhamento preservados. Bloqueio de ramo direito incompleto. Sem sinais de tromboembolismo. Conclusão: Sugere-se correlação clínica e controle evolutivo.,atencao
2483,Ultrassonografia de abdome total. Indicação: trauma após queda. Parênquima pulmonar com transparência preservada. Fígado de dimensões e ecotextura normais. Conclusão: Estudo sem achados relevantes.,normal
2484,Ressonância magnética de coluna lombar. Indicação: avaliação pré-operatória. Cisto ovariano complexo de 4 cm. Falha de enchimento em artéria pulmonar principal compatível com tromboembolismo. Conclusão: Achado crítico: comunicado à equipe assistente.,urgente
2485,Ultrassonografia obstétrica. Indicação: lombalgia crônica. Opacidade em vidro fosco periférica de pequena extensão. Corpos vertebrais com altura e alinhamento preservados. Conclusão: Recomenda-se acompanhamento ambulatorial.,atencao
2486,"Radiografia de tórax em PA e perfil. Indicação: dispneia progressiva. Estruturas avaliadas com aspecto habitual. Sem evidência de pneumotórax. Rins de forma, tamanho e contornos normais. Conclusão: Sem alterações significativas.",normal
2487,"Ultrassonografia de abdome total. Indicação: dor torácica. Vesícula biliar de paredes finas, sem cálculos. Aorta de calibre normal. Conclusão: Estudo sem achados relevantes.",normal
2488,Ultrassonografia obstétrica. Indicação: trauma após queda. Ausência de sinais de hemorragia. Pequeno derrame pleural à esquerda. Fígado de dimensões e ecotextura normais.,atencao
2489,"Angiotomografia de artérias pulmonares. Indicação: avaliação pré-operatória. Ausência de sinais de hemorragia. Seios costofrênicos livres. Vesícula biliar de paredes finas, sem cálculos.",normal
2490,"Ultrassonografia obstétrica. Indicação: cefaleia intensa. Nódulo pulmonar sólido de 8 mm no lobo superior direito. Rins de forma, tamanho e contornos normais. Conclusão: Recomenda-se acompanhamento ambulatorial.",atencao
2491,Ultrassonografia obstétrica. Indicação: dor torácica. Traçado sem alterações da repolarização ventricular. Seios costofrênicos livres. Conclusão: Sem alterações significativas.,normal
2492,Ultrassonografia de abdome total. Indicação: trauma após queda. Extrassístoles ventriculares frequentes. Parênquima pulmonar com transparência preservada. Conclusão: Achado que requer seguimento em consulta.,atencao
2493,Angiotomografia de artérias pulmonares. Indicação: dor torácica. Estruturas avaliadas com aspecto habitual. Área cardíaca dentro dos limites da normalidade. Sem evidência de pneumotórax.,normal
2494,Ressonância magnética de coluna lombar. Indicação: dor torácica. Sistema ventricular de dimensões preservadas. Linfonodos mediastinais levemente aumentados. Conclusão: Achado que requer seguimento em consulta.,atencao
2495,Eletrocardiograma de repouso. Indicação: controle de rotina. Ausência de sinais de hemorragia. Seios costofrênicos livres. Estruturas avaliadas com aspecto habitual. Conclusão: Sem alterações significativas.,normal
2496,Tomografia computadorizada de tórax. Indicação: dor torácica. Seios costofrênicos livres. Sem evidência de pneumotórax. Parênquima pulmonar com transparência preservada. Conclusão: Exame dentro dos limites da normalidade.,normal
2497,"Radiografia de tórax em PA e perfil. Indicação: dor abdominal. Rins de forma, tamanho e contornos normais. Não há supradesnivelamento do segmento ST. Ritmo sinusal com frequência cardíaca normal. Conclusão: Exame dentro dos limites da normalidade.",normal
2498,Tomografia computadorizada de crânio sem contraste. Indicação: síncope. Nódulo pulmonar sólido de 8 mm no lobo superior direito. Sem evidência de pneumotórax. Parênquima pulmonar com transparência preservada. Conclusão: Achado que requer seguimento em consulta.,atencao
2499,Ultrassonografia de abdome total. Indicação: controle de rotina. Área cardíaca dentro dos limites da normalidade. Sistema ventricular de dimensões preservadas.,normal
2500,Eletrocardiograma de repouso. Indicação: dor abdominal. Sem evidência de pneumotórax. Traçado sem alterações da repolarização ventricular. Bloqueio de ramo direito incompleto. Conclusão: Sugere-se correlação clínica e controle evolutivo.,atencao
2501,Eletrocardiograma de repouso. Indicação: síncope. Seios costofrênicos livres. Espessamento parietal da vesícula biliar sem sinais de complicação. Conclusão: Achado que requer seguimento em consulta.,atencao
2502,Ultrassonografia de abdome total. Indicação: dispneia progressiva. Área cardíaca dentro dos limites da normalidade. Estruturas avaliadas com aspecto habitual. Conclusão: Sem alterações significativas.,normal
2503,Ultrassonografia obstétrica. Indicação: trauma após queda. Cálculo renal não obstrutivo de 6 mm à direita. Traçado sem alterações da repolarização ventricular. Conclusão: Sugere-se correlação clínica e controle evolutivo.,atencao
2504,Ressonância magnética de coluna lombar. Indicação: febre persistente. Pequeno derrame pleural à esquerda. Sistema ventricular de dimensões preservadas.,atencao
2505,Ressonância magnética de coluna lombar. Indicação: síncope. Sem desvio da linha média. Fígado de dimensões e ecotextura normais. Parênquima pulmonar com transparência preservada.,normal
2506,Radiografia de tórax em PA e perfil. Indicação: síncope. Bloqueio de ramo direito incompleto. Seios costofrênicos livres. Conclusão: Sugere-se correlação clínica e controle evolutivo.,atencao
2507,Angiotomografia de artérias pulmonares. Indicação: síncope. Aorta de calibre normal. Sem desvio da linha média. Sistema ventricular de dimensões preservadas. Conclusão: Sem alterações significativas.,normal
2508,"Ressonância magnética de coluna lombar. Indicação: trauma após queda. Vesícula biliar de paredes finas, sem cálculos. Rins de forma, tamanho e contornos normais. Conclusão: Estudo sem achados relevantes.",normal
2509,Ressonância magnética de coluna lombar. Indicação: trauma após queda. Área cardíaca dentro dos limites da normalidade. Não há supradesnivelamento do segmento ST. Fígado de dimensões e ecotextura normais.,normal
2510,Tomografia computadorizada de crânio sem contraste. Indicação: dor abdominal. Espessamento parietal da vesícula biliar sem sinais de complicação. Parênquima pulmonar com transparência preservada. Sem desvio da linha média.,atencao
2511,Ultrassonografia de abdome total. Indicação: dor abdominal. Cálculo renal não obstrutivo de 6 mm à direita. Ritmo sinusal com frequência cardíaca normal. Conclusão: Sugere-se correlação clínica e controle evolutivo.,atencao
2512,"Angiotomografia de artérias pulmonares. Indicação: trauma após queda. Ausência de sinais de hemorragia. Traçado sem alterações da repolarização ventricular. Rins de forma, tamanho e contornos normais. Conclusão: Sem alterações significativas.",normal
2513,"Ultrassonografia de abdome total. Indicação: síncope. Vesícula biliar de paredes finas, sem cálculos. Cisto ovariano complexo de 4 cm. Conclusão: Sugere-se correlação clínica e controle evolutivo.",atencao
2514,Tomografia computadorizada de crânio sem contraste. Indicação: cefaleia intensa. Opacidade em vidro fosco periférica de pequena extensão. Hematoma subdural agudo com efeito de massa. Conclusão: Achado crítico: comunicado à equipe assistente.,normal
2515,Ultrassonografia obstétrica. Indicação: trauma após queda. Espessamento parietal da vesícula biliar sem sinais de complicação. Área cardíaca dentro dos limites da normalidade. Conclusão: Recomenda-se acompanhamento ambulatorial.,atencao
2516,Eletrocardiograma de repouso. Indicação: lombalgia crônica. Espessamento parietal da vesícula biliar sem sinais de complicação. Fibrilação ventricular. Conclusão: Achado crítico: comunicado à equipe assistente.,urgente
2517,Eletrocardiograma de repouso. Indicação: síncope. Discreta cardiomegalia. Ausência de sinais de hemorragia. Parênquima pulmonar com transparência preservada.,atencao
2518,Eletrocardiograma de repouso. Indicação: avaliação pré-operatória. Bloqueio de ramo direito incompleto. Área cardíaca dentro dos limites da normalidade.,atencao
2519,Tomografia computadorizada de tórax. Indicação: febre persistente. Protrusão discal L4-L5 com compressão radicular leve. Apendicite aguda com sinais de perfuração e abscesso.,urgente
2520,"Tomografia computadorizada de crânio sem contraste. Indicação: avaliação pré-operatória. Área cardíaca dentro dos limites da normalidade. Rins de forma, tamanho e contornos normais. Conclusão: Sem alterações significativas.",normal
2521,Eletrocardiograma de repouso. Indicação: lombalgia crônica. Parênquima pulmonar com transparência preservada. Traçado sem alterações da repolarização ventricular. Conclusão: Sem alterações significativas.,normal
2522,"Angiotomografia de artérias pulmonares. Indicação: dispneia progressiva. Compressão medular aguda com sinais de mielopatia. Pequeno derrame pleural à esquerda. Conclusão: Resultado crítico, acionar protocolo de emergência.",normal
2523,"Ultrassonografia de abdome total. Indicação: dor abdominal. Ausência de sinais de hemorragia. Discreta cardiomegalia. Rins de forma, tamanho e contornos normais. Conclusão: Achado que requer seguimento em consulta.",urgente
2524,Ultrassonografia de abdome total. Indicação: síncope. Extrassístoles ventriculares frequentes. Compressão medular aguda com sinais de mielopatia.,urgente
2525,Ultrassonografia de abdome total. Indicação: trauma após queda. Fígado de dimensões e ecotextura normais. Não há supradesnivelamento do segmento ST. Aorta de calibre normal. Conclusão: Exame dentro dos limites da normalidade.,normal
2526,Eletrocardiograma de repouso. Indicação: lombalgia crônica. Hemorragia intraparenquimatosa extensa com desvio da linha média. Fígado de dimensões e ecotextura normais. Conclusão: Achado crítico: comunicado à equipe assistente.,urgente
2527,"Angiotomografia de artérias pulmonares. Indicação: avaliação pré-operatória. Ritmo sinusal com frequência cardíaca normal. Rins de forma, tamanho e contornos normais. Não há sinais de perfuração. Conclusão: Exame dentro dos limites da normalidade.",normal
2528,Tomografia computadorizada de crânio sem contraste. Indicação: dor torácica. Fígado de dimensões e ecotextura normais. Nódulo pulmonar sólido de 8 mm no lobo superior direito.,atencao
2529,Angiotomografia de artérias pulmonares. Indicação: febre persistente. Seios costofrênicos livres. Fibrilação ventricular.,urgente
2530,Radiografia de tórax em PA e perfil. Indicação: trauma após queda. Cálculo renal não obstrutivo de 6 mm à direita. Sem evidência de pneumotórax. Área cardíaca dentro dos limites da normalidade. Conclusão: Sugere-se correlação clínica e controle evolutivo.,atencao
2531,Radiografia de tórax em PA e perfil. Indicação: trauma após queda. Protrusão discal L4-L5 com compressão radicular leve. Ritmo sinusal com frequência cardíaca normal. Ausência de sinais de hemorragia. Conclusão: Achado que requer seguimento em consulta.,atencao
2532,Tomografia computadorizada de crânio sem contraste. Indicação: trauma após queda. Não há sinais de perfuração. Opacidade em vidro fosco periférica de pequena extensão. Seios costofrênicos livres.,atencao
2533,Ultrassonografia obstétrica. Indicação: cefaleia intensa. Área cardíaca dentro dos limites da normalidade. Ritmo sinusal com frequência cardíaca normal. Conclusão: Sem alterações significativas.,normal
2534,"Radiografia de tórax em PA e perfil. Indicação: controle de rotina. Espessamento parietal da vesícula biliar sem sinais de complicação. Hematoma subdural agudo com efeito de massa. Conclusão: Resultado crítico, acionar protocolo de emergência.",urgente
2535,Tomografia computadorizada de crânio sem contraste. Indicação: dispneia progressiva. Parênquima pulmonar com transparência preservada. Sem sinais de tromboembolismo. Aorta de calibre normal. Conclusão: Sem alterações significativas.,normal
2536,Tomografia computadorizada de crânio sem contraste. Indicação: síncope. Ritmo sinusal com frequência cardíaca normal. Sem sinais de tromboembolismo. Seios costofrênicos livres. Conclusão: Sem alterações significativas.,normal
2537,Tomografia computadorizada de crânio sem contraste. Indicação: trauma após queda. Opacidade em vidro fosco periférica de pequena extensão. Não há supradesnivelamento do segmento ST. Parênquima pulmonar com transparência preservada. Conclusão: Recomenda-se acompanhamento ambulatorial.,atencao
2538,"Angiotomografia de artérias pulmonares. Indicação: cefaleia intensa. Fígado de dimensões e ecotextura normais. Não há supradesnivelamento do segmento ST. Rins de forma, tamanho e contornos normais. Conclusão: Exame dentro dos limites da normalidade.",normal
2539,Ultrassonografia de abdome total. Indicação: cefaleia intensa. Sistema ventricular de dimensões preservadas. Ritmo sinusal com frequência cardíaca normal. Sem desvio da linha média.,normal
2540,"Tomografia computadorizada de crânio sem contraste. Indicação: febre persistente. Vesícula biliar de paredes finas, sem cálculos. Fígado de dimensões e ecotextura normais. Conclusão: Sem alterações significativas.",normal
2541,Ultrassonografia obstétrica. Indicação: dispneia progressiva. Parênquima pulmonar com transparência preservada. Não há sinais de perfuração. Estruturas avaliadas com aspecto habitual.,normal
2542,"Ultrassonografia obstétrica. Indicação: síncope. Vesícula biliar de paredes finas, sem cálculos. Rins de forma, tamanho e contornos normais. Conclusão: Sem alterações significativas.",normal
2543,"Eletrocardiograma de repouso. Indicação: lombalgia crônica. Ausência de sinais de hemorragia. Rins de forma, tamanho e contornos normais. Cisto ovariano complexo de 4 cm. Conclusão: Achado que requer seguimento em consulta.",atencao
2544,Ressonância magnética de coluna lombar. Indicação: febre persistente. Espessamento parietal da vesícula biliar sem sinais de complicação. Sistema ventricular de dimensões preservadas. Conclusão: Sugere-se correlação clínica e controle evolutivo.,atencao
2545,Eletrocardiograma de repouso. Indicação: controle de rotina. Corpos vertebrais com altura e alinhamento preservados. Área cardíaca dentro dos limites da normalidade. Conclusão: Sem alterações significativas.,normal
2546,Ressonância magnética de coluna lombar. Indicação: febre persistente. Ausência de sinais de hemorragia. Sistema ventricular de dimensões preservadas. Estruturas avaliadas com aspecto habitual. Conclusão: Exame dentro dos limites da normalidade.,normal
2547,Eletrocardiograma de repouso. Indicação: cefaleia intensa. Discreta cardiomegalia. Estruturas avaliadas com aspecto habitual. Conclusão: Sugere-se correlação clínica e controle evolutivo.,atencao
2548,"Eletrocardiograma de repouso. Indicação: dor torácica. Vesícula biliar de paredes finas, sem cálculos. Ausência de sinais de hemorragia. Aorta de calibre normal.",normal
2549,"Angiotomografia de artérias pulmonares. Indicação: febre persistente. Não há sinais de perfuração. Rins de forma, tamanho e contornos normais. Opacidade em vidro fosco periférica de pequena extensão. Conclusão: Recomenda-se acompanhamento ambulatorial.",urgente
2550,"Tomografia computadorizada de tórax. Indicação: trauma após queda. Parênquima pulmonar com transparência preservada. Não há supradesnivelamento do segmento ST. Vesícula biliar de paredes finas, sem cálculos. Conclusão: Estudo sem achados relevantes.",normal
2551,Tomografia computadorizada de tórax. Indicação: lombalgia crônica. Área cardíaca dentro dos limites da normalidade. Não há sinais de perfuração. Fígado de dimensões e ecotextura normais.,normal
2552,"Ressonância magnética de coluna lombar. Indicação: síncope. Hemorragia intraparenquimatosa extensa com desvio da linha média. Nódulo pulmonar sólido de 8 mm no lobo superior direito. Conclusão: Resultado crítico, acionar protocolo de emergência.",urgente
2553,"Eletrocardiograma de repouso. Indicação: avaliação pré-operatória. Parênquima pulmonar com transparência preservada. Rins de forma, tamanho e contornos normais. Ausência de sinais de hemorragia.",normal
2554,Radiografia de tórax em PA e perfil. Indicação: dor abdominal. Discreta cardiomegalia. Sistema ventricular de dimensões preservadas.,atencao
2555,Tomografia computadorizada de tórax. Indicação: dor torácica. Bloqueio de ramo direito incompleto. Fígado de dimensões e ecotextura normais. Não há supradesnivelamento do segmento ST.,atencao
2556,"Radiografia de tórax em PA e perfil. Indicação: síncope. Vesícula biliar de paredes finas, sem cálculos. Corpos vertebrais com altura e alinhamento preservados. Sem evidência de pneumotórax.",urgente
2557,Tomografia computadorizada de crânio sem contraste. Indicação: síncope. Fígado de dimensões e ecotextura normais. Sistema ventricular de dimensões preservadas. Ausência de sinais de hemorragia.,normal
2558,Tomografia computadorizada de crânio sem contraste. Indicação: dispneia progressiva. Cálculo renal não obstrutivo de 6 mm à direita. Corpos vertebrais com altura e alinhamento preservados. Conclusão: Achado que requer seguimento em consulta.,atencao
2559,Radiografia de tórax em PA e perfil. Indicação: controle de rotina. Traçado sem alterações da repolarização ventricular. Parênquima pulmonar com transparência preservada. Conclusão: Exame dentro dos limites da normalidade.,normal
2560,Ultrassonografia obstétrica. Indicação: lombalgia crônica. Estruturas avaliadas com aspecto habitual. Traçado sem alterações da repolarização ventricular. Conclusão: Estudo sem achados relevantes.,normal
2561,Tomografia computadorizada de tórax. Indicação: cefaleia intensa. Ritmo sinusal com frequência cardíaca normal. Traçado sem alterações da repolarização ventricular. Conclusão: Exame dentro dos limites da normalidade.,normal
2562,"Angiotomografia de artérias pulmonares. Indicação: síncope. Rins de forma, tamanho e contornos normais. Estruturas avaliadas com aspecto habitual. Não há sinais de perfuração.",normal
2563,"Ressonância magnética de coluna lombar. Indicação: síncope. Hemorragia intraparenquimatosa extensa com desvio da linha média. Extrassístoles ventriculares frequentes. Conclusão: Resultado crítico, acionar protocolo de emergência.",atencao
2564,Angiotomografia de artérias pulmonares. Indicação: síncope. Pneumoperitônio compatível com perfuração de víscera oca. Aorta de calibre normal.,urgente
2565,Angiotomografia de artérias pulmonares. Indicação: dor torácica. Bloqueio de ramo direito incompleto. Parênquima pulmonar com transparência preservada. Conclusão: Sugere-se correlação clínica e controle evolutivo.,atencao
2566,Ultrassonografia obstétrica. Indicação: dispneia progressiva. Corpos vertebrais com altura e alinhamento preservados. Protrusão discal L4-L5 com compressão radicular leve. Conclusão: Recomenda-se acompanhamento ambulatorial.,atencao
2567,Tomografia computadorizada de crânio sem contraste. Indicação: trauma após queda. Seios costofrênicos livres. Traçado sem alterações da repolarização ventricular. Conclusão: Estudo sem achados relevantes.,normal
2568,Ressonância magnética de coluna lombar. Indicação: trauma após queda. Estruturas avaliadas com aspecto habitual. Traçado sem alterações da repolarização ventricular. Conclusão: Sem alterações significativas.,normal
2569,Tomografia computadorizada de tórax. Indicação: síncope. Sem desvio da linha média. Seios costofrênicos livres. Fígado de dimensões e ecotextura normais. Conclusão: Exame dentro dos limites da normalidade.,normal
2570,Tomografia computadorizada de tórax. Indicação: trauma após queda. Área cardíaca dentro dos limites da normalidade. Extrassístoles ventriculares frequentes. Conclusão: Achado que requer seguimento em consulta.,normal
2571,Eletrocardiograma de repouso. Indicação: cefaleia intensa. Corpos vertebrais com altura e alinhamento preservados. Não há supradesnivelamento do segmento ST. Área cardíaca dentro dos limites da normalidade. Conclusão: Sem alterações significativas.,normal
2572,Ressonância magnética de coluna lombar. Indicação: lombalgia crônica. Sistema ventricular de dimensões preservadas. Protrusão discal L4-L5 com compressão radicular leve. Conclusão: Sugere-se correlação clínica e controle evolutivo.,atencao
2573,Angiotomografia de artérias pulmonares. Indicação: dor torácica. Fígado de dimensões e ecotextura normais. Sem desvio da linha média. Área cardíaca dentro dos limites da normalidade.,normal
2574,Tomografia computadorizada de tórax. Indicação: síncope. Sistema ventricular de dimensões preservadas. Traçado sem alterações da repolarização ventricular. Conclusão: Exame dentro dos limites da normalidade.,normal
2575,"Ressonância magnética de coluna lombar. Indicação: lombalgia crônica. Ausência de sinais de hemorragia. Área cardíaca dentro dos limites da normalidade. Vesícula biliar de paredes finas, sem cálculos.",normal
2576,Angiotomografia de artérias pulmonares. Indicação: febre persistente. Aorta de calibre normal. Esteatose hepática moderada. Conclusão: Recomenda-se acompanhamento ambulatorial.,atencao
2577,Tomografia computadorizada de tórax. Indicação: síncope. Área cardíaca dentro dos limites da normalidade. Ausência de sinais de hemorragia. Aorta de calibre normal. Conclusão: Exame dentro dos limites da normalidade.,normal
2578,Ressonância magnética de coluna lombar. Indicação: trauma após queda. Cisto ovariano complexo de 4 cm. Área cardíaca dentro dos limites da normalidade. Conclusão: Sugere-se correlação clínica e controle evolutivo.,atencao
2579,Radiografia de tórax em PA e perfil. Indicação: febre persistente. Área cardíaca dentro dos limites da normalidade. Discreta cardiomegalia.,atencao
2580,"Ultrassonografia de abdome total. Indicação: síncope. Sem sinais de tromboembolismo. Esteatose hepática moderada. Vesícula biliar de paredes finas, sem cálculos. Conclusão: Recomenda-se acompanhamento ambulatorial.",atencao
2581,"Radiografia de tórax em PA e perfil. Indicação: cefaleia intensa. Ritmo sinusal com frequência cardíaca normal. Rins de forma, tamanho e contornos normais. Conclusão: Exame dentro dos limites da normalidade.",normal
2582,Ultrassonografia obstétrica. Indicação: cefaleia intensa. Estruturas avaliadas com aspecto habitual. Não há supradesnivelamento do segmento ST. Cisto ovariano complexo de 4 cm.,atencao
2583,Angiotomografia de artérias pulmonares. Indicação: cefaleia intensa. Seios costofrênicos livres. Não há sinais de perfuração. Área cardíaca dentro dos limites da normalidade.,normal
2584,"Ressonância magnética de coluna lombar. Indicação: dor abdominal. Aneurisma de aorta abdominal roto. Nódulo pulmonar sólido de 8 mm no lobo superior direito. Conclusão: Resultado crítico, acionar protocolo de emergência.",urgente
2585,Tomografia computadorizada de tórax. Indicação: trauma após queda. Fígado de dimensões e ecotextura normais. Dissecção de aorta torácica tipo A. Conclusão: Achado crítico: comunicado à equipe assistente.,urgente
2586,"Angiotomografia de artérias pulmonares. Indicação: avaliação pré-operatória. Corpos vertebrais com altura e alinhamento preservados. Vesícula biliar de paredes finas, sem cálculos. Conclusão: Sem alterações significativas.",normal
2587,Eletrocardiograma de repouso. Indicação: trauma após queda. Estruturas avaliadas com aspecto habitual. Espessamento parietal da vesícula biliar sem sinais de complicação. Conclusão: Sugere-se correlação clínica e controle evolutivo.,atencao
2588,Tomografia computadorizada de crânio sem contraste. Indicação: cefaleia intensa. Linfonodos mediastinais levemente aumentados. Corpos vertebrais com altura e alinhamento preservados.,atencao
2589,Ressonância magnética de coluna lombar. Indicação: dor torácica. Protrusão discal L4-L5 com compressão radicular leve. Área cardíaca dentro dos limites da normalidade. Conclusão: Recomenda-se acompanhamento ambulatorial.,atencao
2590,Tomografia computadorizada de tórax. Indicação: lombalgia crônica. Pequeno derrame pleural à esquerda. Aorta de calibre normal. Conclusão: Sugere-se correlação clínica e controle evolutivo.,atencao
2591,"Radiografia de tórax em PA e perfil. Indicação: controle de rotina. Ritmo sinusal com frequência cardíaca normal. Pneumotórax hipertensivo à direita com desvio do mediastino. Conclusão: Resultado crítico, acionar protocolo de emergência.",urgente
2592,Ultrassonografia obstétrica. Indicação: dor torácica. Seios costofrênicos livres. Traçado sem alterações da repolarização ventricular. Conclusão: Exame dentro dos limites da normalidade.,normal
2593,"Ultrassonografia de abdome total. Indicação: avaliação pré-operatória. Vesícula biliar de paredes finas, sem cálculos. Sem evidência de pneumotórax. Parênquima pulmonar com transparência preservada. Conclusão: Estudo sem achados relevantes.",normal
2594,Eletrocardiograma de repouso. Indicação: lombalgia crônica. Seios costofrênicos livres. Sem desvio da linha média. Protrusão discal L4-L5 com compressão radicular leve. Conclusão: Recomenda-se acompanhamento ambulatorial.,atencao
2595,Ultrassonografia de abdome total. Indicação: dor torácica. Aorta de calibre normal. Estruturas avaliadas com aspecto habitual. Conclusão: Sem alterações significativas.,normal
2596,"Ultrassonografia de abdome total. Indicação: síncope. Rins de forma, tamanho e contornos normais. Vesícula biliar de paredes finas, sem cálculos.",normal
2597,Tomografia computadorizada de crânio sem contraste. Indicação: trauma após queda. Área cardíaca dentro dos limites da normalidade. Fígado de dimensões e ecotextura normais. Sem sinais de tromboembolismo. Conclusão: Exame dentro dos limites da normalidade.,normal
2598,Ultrassonografia obstétrica. Indicação: lombalgia crônica. Pequeno derrame pleural à esquerda. Descolamento prematuro de placenta com sinais de sofrimento fetal.,urgente
2599,Ressonância magnética de coluna lombar. Indicação: síncope. Sistema ventricular de dimensões preservadas. Parênquima pulmonar com transparência preservada. Conclusão: Exame dentro dos limites da normalidade.,normal
2600,Radiografia de tórax em PA e perfil. Indicação: febre persistente. Sistema ventricular de dimensões preservadas. Área cardíaca dentro dos limites da normalidade. Conclusão: Sem alterações significativas.,normal
2601,Ultrassonografia de abdome total. Indicação: dor abdominal. Parênquima pulmonar com transparência preservada. Não há sinais de perfuração. Área cardíaca dentro dos limites da normalidade. Conclusão: Exame dentro dos limites da normalidade.,normal
2602,Ressonância magnética de coluna lombar. Indicação: febre persistente. Compressão medular aguda com sinais de mielopatia. Bloqueio de ramo direito incompleto.,urgente
2603,"Ultrassonografia obstétrica. Indicação: lombalgia crônica. Rins de forma, tamanho e contornos normais. Cálculo renal não obstrutivo de 6 mm à direita. Conclusão: Achado que requer seguimento em consulta.",atencao
2604,Ressonância magnética de coluna lombar. Indicação: cefaleia intensa. Sem evidência de pneumotórax. Estruturas avaliadas com aspecto habitual. Fígado de dimensões e ecotextura normais.,normal
2605,"Angiotomografia de artérias pulmonares. Indicação: dor abdominal. Opacidade em vidro fosco periférica de pequena extensão. Dissecção de aorta torácica tipo A. Conclusão: Resultado crítico, acionar protocolo de emergência.",urgente
2606,Angiotomografia de artérias pulmonares. Indicação: controle de rotina. Seios costofrênicos livres. Corpos vertebrais com altura e alinhamento preservados. Conclusão: Exame dentro dos limites da normalidade.,normal
2607,"Radiografia de tórax em PA e perfil. Indicação: síncope. Espessamento parietal da vesícula biliar sem sinais de complicação. Rins de forma, tamanho e contornos normais. Conclusão: Sugere-se correlação clínica e controle evolutivo.",atencao
2608,"Tomografia computadorizada de crânio sem contraste. Indicação: controle de rotina. Não há supradesnivelamento do segmento ST. Rins de forma, tamanho e contornos normais. Parênquima pulmonar com transparência preservada. Conclusão: Exame dentro dos limites da normalidade.",normal
2609,Ultrassonografia obstétrica. Indicação: avaliação pré-operatória. Dissecção de aorta torácica tipo A. Fígado de dimensões e ecotextura normais.,urgente
2610,"Tomografia computadorizada de tórax. Indicação: dor abdominal. Não há supradesnivelamento do segmento ST. Vesícula biliar de paredes finas, sem cálculos. Parênquima pulmonar com transparência preservada. Conclusão: Exame dentro dos limites da normalidade.",normal
2611,Tomografia computadorizada de tórax. Indicação: cefaleia intensa. Corpos vertebrais com altura e alinhamento preservados. Fígado de dimensões e ecotextura normais.,normal
2612,"Tomografia computadorizada de tórax. Indicação: dor torácica. Pneumotórax hipertensivo à direita com desvio do mediastino. Protrusão discal L4-L5 com compressão radicular leve. Conclusão: Resultado crítico, acionar protocolo de emergência.",urgente
2613,Angiotomografia de artérias pulmonares. Indicação: trauma após queda. Linfonodos mediastinais levemente aumentados. Falha de enchimento em artéria pulmonar principal compatível com tromboembolismo.,urgente
2614,Angiotomografia de artérias pulmonares. Indicação: trauma após queda. Parênquima pulmonar com transparência preservada. Sem evidência de pneumotórax. Estruturas avaliadas com aspecto habitual.,normal
2615,Eletrocardiograma de repouso. Indicação: lombalgia crônica. Área cardíaca dentro dos limites da normalidade. Fígado de dimensões e ecotextura normais. Não há sinais de perfuração. Conclusão: Exame dentro dos limites da normalidade.,normal
2616,Ultrassonografia obstétrica. Indicação: síncope. Nódulo pulmonar sólido de 8 mm no lobo superior direito. Fibrilação ventricular.,urgente
2617,Angiotomografia de artérias pulmonares. Indicação: avaliação pré-operatória. Sem evidência de pneumotórax. Aorta de calibre normal. Traçado sem alterações da repolarização ventricular.,normal
2618,Eletrocardiograma de repouso. Indicação: síncope. Seios costofrênicos livres. Fígado de dimensões e ecotextura normais. Conclusão: Sem alterações significativas.,normal
2619,Eletrocardiograma de repouso. Indicação: síncope. Sem evidência de pneumotórax. Estruturas avaliadas com aspecto habitual. Aorta de calibre normal. Conclusão: Exame dentro dos limites da normalidade.,normal
2620,Ultrassonografia de abdome total. Indicação: dor abdominal. Traçado sem alterações da repolarização ventricular. Nódulo pulmonar sólido de 8 mm no lobo superior direito. Conclusão: Sugere-se correlação clínica e controle evolutivo.,atencao
2621,"Tomografia computadorizada de crânio sem contraste. Indicação: avaliação pré-operatória. Vesícula biliar de paredes finas, sem cálculos. Sistema ventricular de dimensões preservadas. Conclusão: Exame dentro dos limites da normalidade.",normal
2622,Radiografia de tórax em PA e perfil. Indicação: dispneia progressiva. Não há sinais de perfuração. Traçado sem alterações da repolarização ventricular. Cálculo renal não obstrutivo de 6 mm à direita. Conclusão: Sugere-se correlação clínica e controle evolutivo.,atencao
2623,"Ressonância magnética de coluna lombar. Indicação: cefaleia intensa. Sistema ventricular de dimensões preservadas. Falha de enchimento em artéria pulmonar principal compatível com tromboembolismo. Conclusão: Resultado crítico, acionar protocolo de emergência.",urgente
2624,Eletrocardiograma de repouso. Indicação: avaliação pré-operatória. Aorta de calibre normal. Sistema ventricular de dimensões preservadas. Conclusão: Estudo sem achados relevantes.,urgente
2625,Ressonância magnética de coluna lombar. Indicação: febre persistente. Cálculo renal não obstrutivo de 6 mm à direita. Corpos vertebrais com altura e alinhamento preservados. Sem desvio da linha média. Conclusão: Achado que requer seguimento em consulta.,atencao
2626,Ultrassonografia obstétrica. Indicação: cefaleia intensa. Cisto ovariano complexo de 4 cm. Fibrilação ventricular. Conclusão: Achado crítico: comunicado à equipe assistente.,urgente
2627,"Tomografia computadorizada de crânio sem contraste. Indicação: dor abdominal. Sem sinais de tromboembolismo. Vesícula biliar de paredes finas, sem cálculos. Seios costofrênicos livres. Conclusão: Estudo sem achados relevantes.",normal
2628,"Angiotomografia de artérias pulmonares. Indicação: avaliação pré-operatória. Rins de forma, tamanho e contornos normais. Sistema ventricular de dimensões preservadas. Conclusão: Exame dentro dos limites da normalidade.",normal
2629,Ultrassonografia obstétrica. Indicação: dor torácica. Extrassístoles ventriculares frequentes. Sistema ventricular de dimensões preservadas.,atencao
2630,Ressonância magnética de coluna lombar. Indicação: trauma após queda. Sistema ventricular de dimensões preservadas. Fígado de dimensões e ecotextura normais. Conclusão: Sem alterações significativas.,normal
2631,Tomografia computadorizada de tórax. Indicação: lombalgia crônica. Ritmo sinusal com frequência cardíaca normal. Sem evidência de pneumotórax. Sistema ventricular de dimensões preservadas. Conclusão: Sem alterações significativas.,normal
2632,Tomografia computadorizada de tórax. Indicação: cefaleia intensa. Aorta de calibre normal. Espessamento parietal da vesícula biliar sem sinais de complicação. Conclusão: Sugere-se correlação clínica e controle evolutivo.,atencao
2633,"Eletrocardiograma de repouso. Indicação: febre persistente. Vesícula biliar de paredes finas, sem cálculos. Sem evidência de pneumotórax. Seios costofrênicos livres. Conclusão: Estudo sem achados relevantes.",normal
2634,"Tomografia computadorizada de tórax. Indicação: avaliação pré-operatória. Apendicite aguda com sinais de perfuração e abscesso. Corpos vertebrais com altura e alinhamento preservados. Conclusão: Resultado crítico, acionar protocolo de emergência.",urgente
2635,Ressonância magnética de coluna lombar. Indicação: cefaleia intensa. Sistema ventricular de dimensões preservadas. Linfonodos mediastinais levemente aumentados. Conclusão: Recomenda-se acompanhamento ambulatorial.,atencao
2636,Ressonância magnética de coluna lombar. Indicação: dispneia progressiva. Parênquima pulmonar com transparência preservada. Seios costofrênicos livres.,normal
2637,"Ultrassonografia de abdome total. Indicação: dor torácica. Rins de forma, tamanho e contornos normais. Opacidade em vidro fosco periférica de pequena extensão.",atencao
2638,"Ultrassonografia obstétrica. Indicação: trauma após queda. Vesícula biliar de paredes finas, sem cálculos. Área cardíaca dentro dos limites da normalidade. Conclusão: Estudo sem achados relevantes.",normal
2639,"Tomografia computadorizada de crânio sem contraste. Indicação: cefaleia intensa. Vesícula biliar de paredes finas, sem cálculos. Fígado de dimensões e ecotextura normais. Sem evidência de pneumotórax. Conclusão: Sem alterações significativas.",normal
2640,Radiografia de tórax em PA e perfil. Indicação: dor torácica. Ausência de sinais de hemorragia. Parênquima pulmonar com transparência preservada. Espessamento parietal da vesícula biliar sem sinais de complicação. Conclusão: Sugere-se correlação clínica e controle evolutivo.,atencao
2641,Ultrassonografia obstétrica. Indicação: trauma após queda. Aneurisma de aorta abdominal roto. Sistema ventricular de dimensões preservadas.,urgente
2642,"Ultrassonografia obstétrica. Indicação: avaliação pré-operatória. Pequeno derrame pleural à esquerda. Rins de forma, tamanho e contornos normais.",atencao
2643,Ultrassonografia obstétrica. Indicação: cefaleia intensa. Seios costofrênicos livres. Sistema ventricular de dimensões preservadas. Conclusão: Sem alterações significativas.,normal
2644,Ultrassonografia obstétrica. Indicação: febre persistente. Fígado de dimensões e ecotextura normais. Estruturas avaliadas com aspecto habitual. Conclusão: Exame dentro dos limites da normalidade.,normal
2645,"Eletrocardiograma de repouso. Indicação: dor torácica. Aneurisma de aorta abdominal roto. Rins de forma, tamanho e contornos normais. Conclusão: Necessita avaliação médica imediata.",urgente
2646,Angiotomografia de artérias pulmonares. Indicação: dor abdominal. Corpos vertebrais com altura e alinhamento preservados. Discreta cardiomegalia. Conclusão: Recomenda-se acompanhamento ambulatorial.,atencao
2647,"Eletrocardiograma de repouso. Indicação: trauma após queda. Rins de forma, tamanho e contornos normais. Estruturas avaliadas com aspecto habitual. Não há sinais de perfuração. Conclusão: Exame dentro dos limites da normalidade.",normal
2648,Tomografia computadorizada de crânio sem contraste. Indicação: dor abdominal. Linfonodos mediastinais levemente aumentados. Compressão medular aguda com sinais de mielopatia. Conclusão: Necessita avaliação médica imediata.,urgente
2649,Tomografia computadorizada de crânio sem contraste. Indicação: dor torácica. Seios costofrênicos livres. Parênquima pulmonar com transparência preservada. Conclusão: Exame dentro dos limites da normalidade.,normal
2650,"Tomografia computadorizada de tórax. Indicação: febre persistente. Vesícula biliar de paredes finas, sem cálculos. Protrusão discal L4-L5 com compressão radicular leve. Conclusão: Sugere-se correlação clínica e controle evolutivo.",atencao
2651,Ultrassonografia obstétrica. Indicação: lombalgia crônica. Aorta de calibre normal. Ritmo sinusal com frequência cardíaca normal. Sem sinais de tromboembolismo. Conclusão: Exame dentro dos limites da normalidade.,normal
2652,"Tomografia computadorizada de crânio sem contraste. Indicação: dispneia progressiva. Rins de forma, tamanho e contornos normais. Ausência de sinais de hemorragia. Seios costofrênicos livres. Conclusão: Estudo sem achados relevantes.",normal
2653,Angiotomografia de artérias pulmonares. Indicação: febre persistente. Traçado sem alterações da repolarização ventricular. Fígado de dimensões e ecotextura normais. Conclusão: Exame dentro dos limites da normalidade.,normal
2654,Ultrassonografia obstétrica. Indicação: controle de rotina. Seios costofrênicos livres. Traçado sem alterações da repolarização ventricular. Sem evidência de pneumotórax. Conclusão: Estudo sem achados relevantes.,normal
2655,Tomografia computadorizada de tórax. Indicação: avaliação pré-operatória. Área cardíaca dentro dos limites da normalidade. Ausência de sinais de hemorragia. Traçado sem alterações da repolarização ventricular. Conclusão: Sem alterações significativas.,normal
2656,Tomografia computadorizada de crânio sem contraste. Indicação: dispneia progressiva. Traçado sem alterações da repolarização ventricular. Seios costofrênicos livres. Conclusão: Exame dentro dos limites da normalidade.,normal
2657,Ressonância magnética de coluna lombar. Indicação: dispneia progressiva. Área cardíaca dentro dos limites da normalidade. Discreta cardiomegalia. Conclusão: Achado que requer seguimento em consulta.,atencao
2658,Radiografia de tórax em PA e perfil. Indicação: trauma após queda. Sistema ventricular de dimensões preservadas. Discreta cardiomegalia. Conclusão: Achado que requer seguimento em consulta.,atencao
2659,"Ultrassonografia de abdome total. Indicação: dor torácica. Estruturas avaliadas com aspecto habitual. Hemorragia intraparenquimatosa extensa com desvio da linha média. Conclusão: Resultado crítico, acionar protocolo de emergência.",urgente
2660,Ultrassonografia de abdome total. Indicação: cefaleia intensa. Corpos vertebrais com altura e alinhamento preservados. Opacidade em vidro fosco periférica de pequena extensão.,atencao
2661,"Radiografia de tórax em PA e perfil. Indicação: controle de rotina. Traçado sem alterações da repolarização ventricular. Vesícula biliar de paredes finas, sem cálculos. Conclusão: Sem alterações significativas.",normal
2662,"Tomografia computadorizada de tórax. Indicação: síncope. Rins de forma, tamanho e contornos normais. Aneurisma de aorta abdominal roto. Conclusão: Necessita avaliação médica imediata.",urgente
2663,Ultrassonografia obstétrica. Indicação: febre persistente. Sem desvio da linha média. Seios costofrênicos livres. Parênquima pulmonar com transparência preservada. Conclusão: Estudo sem achados relevantes.,atencao
2664,Tomografia computadorizada de tórax. Indicação: controle de rotina. Pneumotórax hipertensivo à direita com desvio do mediastino. Opacidade em vidro fosco periférica de pequena extensão.,urgente
2665,Eletrocardiograma de repouso. Indicação: avaliação pré-operatória. Fígado de dimensões e ecotextura normais. Extrassístoles ventriculares frequentes.,atencao
2666,Ultrassonografia de abdome total. Indicação: cefaleia intensa. Estruturas avaliadas com aspecto habitual. Parênquima pulmonar com transparência preservada. Conclusão: Estudo sem achados relevantes.,normal
2667,"Angiotomografia de artérias pulmonares. Indicação: avaliação pré-operatória. Discreta cardiomegalia. Rins de forma, tamanho e contornos normais.",atencao
2668,Tomografia computadorizada de crânio sem contraste. Indicação: dispneia progressiva. Área cardíaca dentro dos limites da normalidade. Sem evidência de pneumotórax. Traçado sem alterações da repolarização ventricular.,normal
2669,Radiografia de tórax em PA e perfil. Indicação: cefaleia intensa. Corpos vertebrais com altura e alinhamento preservados. Bloqueio de ramo direito incompleto. Conclusão: Sugere-se correlação clínica e controle evolutivo.,atencao
2670,"Tomografia computadorizada de tórax. Indicação: lombalgia crônica. Vesícula biliar de paredes finas, sem cálculos. Sem evidência de pneumotórax. Ritmo sinusal com frequência cardíaca normal. Conclusão: Estudo sem achados relevantes.",normal
2671,Tomografia computadorizada de tórax. Indicação: avaliação pré-operatória. Área cardíaca dentro dos limites da normalidade. Seios costofrênicos livres. Conclusão: Sem alterações significativas.,normal
2672,Radiografia de tórax em PA e perfil. Indicação: síncope. Hematoma subdural agudo com efeito de massa. Corpos vertebrais com altura e alinhamento preservados. Conclusão: Necessita avaliação médica imediata.,urgente
2673,"Ressonância magnética de coluna lombar. Indicação: controle de rotina. Vesícula biliar de paredes finas, sem cálculos. Área cardíaca dentro dos limites da normalidade. Conclusão: Estudo sem achados relevantes.",normal
2674,"Ressonância magnética de coluna lombar. Indicação: síncope. Vesícula biliar de paredes finas, sem cálculos. Parênquima pulmonar com transparência preservada. Não há sinais de perfuração. Conclusão: Exame dentro dos limites da normalidade.",normal
2675,Ultrassonografia obstétrica. Indicação: febre persistente. Estruturas avaliadas com aspecto habitual. Fígado de dimensões e ecotextura normais.,normal
2676,Radiografia de tórax em PA e perfil. Indicação: dor abdominal. Nódulo pulmonar sólido de 8 mm no lobo superior direito. Parênquima pulmonar com transparência preservada. Conclusão: Sugere-se correlação clínica e controle evolutivo.,atencao
2677,"Angiotomografia de artérias pulmonares. Indicação: dor abdominal. Vesícula biliar de paredes finas, sem cálculos. Corpos vertebrais com altura e alinhamento preservados.",normal
2678,Ressonância magnética de coluna lombar. Indicação: febre persistente. Sistema ventricular de dimensões preservadas. Parênquima pulmonar com transparência preservada. Conclusão: Exame dentro dos limites da normalidade.,normal
2679,Eletrocardiograma de repouso. Indicação: lombalgia crônica. Não há supradesnivelamento do segmento ST. Bloqueio de ramo direito incompleto. Estruturas avaliadas com aspecto habitual. Conclusão: Achado que requer seguimento em consulta.,atencao
2680,Eletrocardiograma de repouso. Indicação: síncope. Extrassístoles ventriculares frequentes. Traçado sem alterações da repolarização ventricular. Sem desvio da linha média. Conclusão: Sugere-se correlação clínica e controle evolutivo.,atencao
2681,"Ultrassonografia de abdome total. Indicação: dor torácica. Rins de forma, tamanho e contornos normais. Ausência de sinais de hemorragia. Esteatose hepática moderada. Conclusão: Recomenda-se acompanhamento ambulatorial.",atencao
2682,Angiotomografia de artérias pulmonares. Indicação: dor torácica. Espessamento parietal da vesícula biliar sem sinais de complicação. Ausência de sinais de hemorragia. Fígado de dimensões e ecotextura normais. Conclusão: Recomenda-se acompanhamento ambulatorial.,atencao
2683,"Ultrassonografia de abdome total. Indicação: febre persistente. Ritmo sinusal com frequência cardíaca normal. Rins de forma, tamanho e contornos normais. Conclusão: Exame dentro dos limites da normalidade.",urgente
2684,Ultrassonografia de abdome total. Indicação: dor torácica. Área cardíaca dentro dos limites da normalidade. Fígado de dimensões e ecotextura normais. Conclusão: Sem alterações significativas.,normal
2685,Ultrassonografia obstétrica. Indicação: dor abdominal. Ritmo sinusal com frequência cardíaca normal. Corpos vertebrais com altura e alinhamento preservados.,normal
2686,Ressonância magnética de coluna lombar. Indicação: avaliação pré-operatória. Aorta de calibre normal. Parênquima pulmonar com transparência preservada. Conclusão: Estudo sem achados relevantes.,normal
2687,Ressonância magnética de coluna lombar. Indicação: febre persistente. Linfonodos mediastinais levemente aumentados. Não há supradesnivelamento do segmento ST. Corpos vertebrais com altura e alinhamento preservados.,atencao
2688,Eletrocardiograma de repouso. Indicação: dispneia progressiva. Não há supradesnivelamento do segmento ST. Ritmo sinusal com frequência cardíaca normal. Protrusão discal L4-L5 com compressão radicular leve. Conclusão: Sugere-se correlação clínica e controle evolutivo.,atencao
2689,"Angiotomografia de artérias pulmonares. Indicação: dor abdominal. Vesícula biliar de paredes finas, sem cálculos. Ritmo sinusal com frequência cardíaca normal. Conclusão: Sem alterações significativas.",normal
2690,"Ultrassonografia de abdome total. Indicação: dor abdominal. Vesícula biliar de paredes finas, sem cálculos. Traçado sem alterações da repolarização ventricular.",normal
2691,Ultrassonografia de abdome total. Indicação: febre persistente. Fígado de dimensões e ecotextura normais. Seios costofrênicos livres. Conclusão: Estudo sem achados relevantes.,normal
2692,"Ultrassonografia obstétrica. Indicação: dor abdominal. Vesícula biliar de paredes finas, sem cálculos. Corpos vertebrais com altura e alinhamento preservados. Sem sinais de tromboembolismo. Conclusão: Estudo sem achados relevantes.",normal
2693,Ultrassonografia de abdome total. Indicação: dispneia progressiva. Fígado de dimensões e ecotextura normais. Ritmo sinusal com frequência cardíaca normal.,normal
2694,Radiografia de tórax em PA e perfil. Indicação: dor abdominal. Nódulo pulmonar sólido de 8 mm no lobo superior direito. Aorta de calibre normal.,atencao
2695,"Radiografia de tórax em PA e perfil. Indicação: síncope. Vesícula biliar de paredes finas, sem cálculos. Sem desvio da linha média. Esteatose hepática moderada. Conclusão: Recomenda-se acompanhamento ambulatorial.",atencao
2696,Ultrassonografia de abdome total. Indicação: síncope. Aorta de calibre normal. Nódulo pulmonar sólido de 8 mm no lobo superior direito.,atencao
2697,Tomografia computadorizada de tórax. Indicação: síncope. Sistema ventricular de dimensões preservadas. Fígado de dimensões e ecotextura normais. Conclusão: Estudo sem achados relevantes.,atencao
2698,Tomografia computadorizada de crânio sem contraste. Indicação: febre persistente. Esteatose hepática moderada. Sistema ventricular de dimensões preservadas. Conclusão: Recomenda-se acompanhamento ambulatorial.,atencao
2699,Radiografia de tórax em PA e perfil. Indicação: dispneia progressiva. Estruturas avaliadas com aspecto habitual. Sistema ventricular de dimensões preservadas. Conclusão: Sem alterações significativas.,normal
2700,"Tomografia computadorizada de crânio sem contraste. Indicação: controle de rotina. Rins de forma, tamanho e contornos normais. Espessamento parietal da vesícula biliar sem sinais de complicação. Não há supradesnivelamento do segmento ST.",atencao
2701,Ressonância magnética de coluna lombar. Indicação: trauma após queda. Parênquima pulmonar com transparência preservada. Aorta de calibre normal. Sem evidência de pneumotórax. Conclusão: Sem alterações significativas.,normal
2702,Tomografia computadorizada de tórax. Indicação: febre persistente. Protrusão discal L4-L5 com compressão radicular leve. Área cardíaca dentro dos limites da normalidade. Conclusão: Sugere-se correlação clínica e controle evolutivo.,atencao
2703,Angiotomografia de artérias pulmonares. Indicação: controle de rotina. Traçado sem alterações da repolarização ventricular. Sistema ventricular de dimensões preservadas. Ausência de sinais de hemorragia. Conclusão: Estudo sem achados relevantes.,normal
2704,Ressonância magnética de coluna lombar. Indicação: dor abdominal. Fígado de dimensões e ecotextura normais. Sistema ventricular de dimensões preservadas. Conclusão: Sem alterações significativas.,normal
2705,Tomografia computadorizada de crânio sem contraste. Indicação: síncope. Discreta cardiomegalia. Sistema ventricular de dimensões preservadas. Sem desvio da linha média. Conclusão: Sugere-se correlação clínica e controle evolutivo.,atencao
2706,Ultrassonografia de abdome total. Indicação: avaliação pré-operatória. Aorta de calibre normal. Estruturas avaliadas com aspecto habitual. Conclusão: Exame dentro dos limites da normalidade.,normal
2707,Tomografia computadorizada de crânio sem contraste. Indicação: febre persistente. Não há sinais de perfuração. Espessamento parietal da vesícula biliar sem sinais de complicação. Ritmo sinusal com frequência cardíaca normal.,atencao
2708,Tomografia computadorizada de crânio sem contraste. Indicação: dor abdominal. Sistema ventricular de dimensões preservadas. Espessamento parietal da vesícula biliar sem sinais de complicação.,atencao
2709,Tomografia computadorizada de crânio sem contraste. Indicação: controle de rotina. Estruturas avaliadas com aspecto habitual. Bloqueio de ramo direito incompleto. Conclusão: Achado que requer seguimento em consulta.,atencao
2710,"Tomografia computadorizada de tórax. Indicação: dor torácica. Rins de forma, tamanho e contornos normais. Aorta de calibre normal. Conclusão: Exame dentro dos limites da normalidade.",normal
2711,Angiotomografia de artérias pulmonares. Indicação: trauma após queda. Estruturas avaliadas com aspecto habitual. Ritmo sinusal com frequência cardíaca normal.,normal
2712,Ultrassonografia obstétrica. Indicação: dor torácica. Sistema ventricular de dimensões preservadas. Fígado de dimensões e ecotextura normais. Não há sinais de perfuração.,normal
2713,Angiotomografia de artérias pulmonares. Indicação: avaliação pré-operatória. Traçado sem alterações da repolarização ventricular. Ritmo sinusal com frequência cardíaca normal.,normal
2714,"Ultrassonografia de abdome total. Indicação: lombalgia crônica. Opacidade em vidro fosco periférica de pequena extensão. Vesícula biliar de paredes finas, sem cálculos. Conclusão: Recomenda-se acompanhamento ambulatorial.",atencao
2715,Tomografia computadorizada de tórax. Indicação: dor torácica. Sistema ventricular de dimensões preservadas. Compressão medular aguda com sinais de mielopatia. Conclusão: Necessita avaliação médica imediata.,urgente
2716,Tomografia computadorizada de tórax. Indicação: lombalgia crônica. Não há sinais de perfuração. Ritmo sinusal com frequência cardíaca normal. Área cardíaca dentro dos limites da normalidade. Conclusão: Sem alterações significativas.,normal
2717,"Ultrassonografia obstétrica. Indicação: controle de rotina. Rins de forma, tamanho e contornos normais. Não há supradesnivelamento do segmento ST. Aorta de calibre normal. Conclusão: Estudo sem achados relevantes.",normal
2718,"Eletrocardiograma de repouso. Indicação: trauma após queda. Vesícula biliar de paredes finas, sem cálculos. Pequeno derrame pleural à esquerda. Conclusão: Recomenda-se acompanhamento ambulatorial.",atencao
2719,Ressonância magnética de coluna lombar. Indicação: trauma após queda. Estruturas avaliadas com aspecto habitual. Pequeno derrame pleural à esquerda. Conclusão: Achado que requer seguimento em consulta.,atencao
2720,Tomografia computadorizada de crânio sem contraste. Indicação: cefaleia intensa. Estruturas avaliadas com aspecto habitual. Sistema ventricular de dimensões preservadas. Não há supradesnivelamento do segmento ST.,normal
2721,Tomografia computadorizada de tórax. Indicação: febre persistente. Parênquima pulmonar com transparência preservada. Sistema ventricular de dimensões preservadas.,normal
2722,"Angiotomografia de artérias pulmonares. Indicação: controle de rotina. Linfonodos mediastinais levemente aumentados. Rins de forma, tamanho e contornos normais. Ausência de sinais de hemorragia. Conclusão: Achado que requer seguimento em consulta.",atencao
2723,Tomografia computadorizada de crânio sem contraste. Indicação: síncope. Seios costofrênicos livres. Compressão medular aguda com sinais de mielopatia.,urgente
2724,Ultrassonografia obstétrica. Indicação: febre persistente. Corpos vertebrais com altura e alinhamento preservados. Parênquima pulmonar com transparência preservada. Conclusão: Estudo sem achados relevantes.,normal
2725,Ultrassonografia obstétrica. Indicação: dor torácica. Pneumoperitônio compatível com perfuração de víscera oca. Linfonodos mediastinais levemente aumentados.,urgente
2726,Tomografia computadorizada de crânio sem contraste. Indicação: dor abdominal. Estruturas avaliadas com aspecto habitual. Não há sinais de perfuração. Ritmo sinusal com frequência cardíaca normal.,normal
2727,"Tomografia computadorizada de tórax. Indicação: febre persistente. Vesícula biliar de paredes finas, sem cálculos. Extrassístoles ventriculares frequentes. Sem desvio da linha média.",atencao
2728,Eletrocardiograma de repouso. Indicação: dor abdominal. Compressão medular aguda com sinais de mielopatia. Área cardíaca dentro dos limites da normalidade. Conclusão: Necessita avaliação médica imediata.,urgente
2729,"Radiografia de tórax em PA e perfil. Indicação: trauma após queda. Fígado de dimensões e ecotextura normais. Hemorragia intraparenquimatosa extensa com desvio da linha média. Conclusão: Resultado crítico, acionar protocolo de emergência.",urgente
2730,Ressonância magnética de coluna lombar. Indicação: dispneia progressiva. Parênquima pulmonar com transparência preservada. Traçado sem alterações da repolarização ventricular. Conclusão: Sem alterações significativas.,normal
2731,Tomografia computadorizada de crânio sem contraste. Indicação: dor torácica. Ritmo sinusal com frequência cardíaca normal. Parênquima pulmonar com transparência preservada. Conclusão: Exame dentro dos limites da normalidade.,normal
2732,Ressonância magnética de coluna lombar. Indicação: cefaleia intensa. Ausência de sinais de hemorragia. Aorta de calibre normal. Ritmo sinusal com frequência cardíaca normal. Conclusão: Exame dentro dos limites da normalidade.,normal
2733,Tomografia computadorizada de tórax. Indicação: dor abdominal. Área cardíaca dentro dos limites da normalidade. Discreta cardiomegalia. Sem sinais de tromboembolismo. Conclusão: Recomenda-se acompanhamento ambulatorial.,atencao
2734,Angiotomografia de artérias pulmonares. Indicação: lombalgia crônica. Pequeno derrame pleural à esquerda. Aorta de calibre normal. Conclusão: Recomenda-se acompanhamento ambulatorial.,atencao
2735,Tomografia computadorizada de crânio sem contraste. Indicação: avaliação pré-operatória. Ritmo sinusal com frequência cardíaca normal. Seios costofrênicos livres.,normal
2736,Eletrocardiograma de repouso. Indicação: avaliação pré-operatória. Ausência de sinais de hemorragia. Corpos vertebrais com altura e alinhamento preservados. Seios costofrênicos livres. Conclusão: Sem alterações significativas.,normal
2737,Tomografia computadorizada de crânio sem contraste. Indicação: dor torácica. Nódulo pulmonar sólido de 8 mm no lobo superior direito. Descolamento prematuro de placenta com sinais de sofrimento fetal. Conclusão: Necessita avaliação médica imediata.,urgente
2738,"Radiografia de tórax em PA e perfil. Indicação: lombalgia crônica. Pequeno derrame pleural à esquerda. Supradesnivelamento do segmento ST em parede anterior. Conclusão: Resultado crítico, acionar protocolo de emergência.",urgente
2739,"Tomografia computadorizada de crânio sem contraste. Indicação: síncope. Parênquima pulmonar com transparência preservada. Não há supradesnivelamento do segmento ST. Rins de forma, tamanho e contornos normais. Conclusão: Sem alterações significativas.",normal
2740,Ultrassonografia obstétrica. Indicação: controle de rotina. Cisto ovariano complexo de 4 cm. Seios costofrênicos livres.,atencao
2741,Ultrassonografia obstétrica. Indicação: febre persistente. Parênquima pulmonar com transparência preservada. Espessamento parietal da vesícula biliar sem sinais de complicação. Sem desvio da linha média. Conclusão: Achado que requer seguimento em consulta.,atencao
2742,Angiotomografia de artérias pulmonares. Indicação: controle de rotina. Bloqueio de ramo direito incompleto. Ritmo sinusal com frequência cardíaca normal. Conclusão: Achado que requer seguimento em consulta.,atencao
2743,Angiotomografia de artérias pulmonares. Indicação: avaliação pré-operatória. Opacidade em vidro fosco periférica de pequena extensão. Ritmo sinusal com frequência cardíaca normal. Conclusão: Recomenda-se acompanhamento ambulatorial.,atencao
2744,Ultrassonografia de abdome total. Indicação: lombalgia crônica. Corpos vertebrais com altura e alinhamento preservados. Opacidade em vidro fosco periférica de pequena extensão. Conclusão: Recomenda-se acompanhamento ambulatorial.,atencao
2745,Eletrocardiograma de repouso. Indicação: febre persistente. Pneumoperitônio compatível com perfuração de víscera oca. Fígado de dimensões e ecotextura normais.,urgente
2746,Angiotomografia de artérias pulmonares. Indicação: trauma após queda. Ritmo sinusal com frequência cardíaca normal. Não há supradesnivelamento do segmento ST. Aorta de calibre normal.,normal
2747,Tomografia computadorizada de crânio sem contraste. Indicação: dispneia progressiva. Área cardíaca dentro dos limites da normalidade. Traçado sem alterações da repolarização ventricular. Conclusão: Estudo sem achados relevantes.,normal
2748,Angiotomografia de artérias pulmonares. Indicação: lombalgia crônica. Aorta de calibre normal. Sem desvio da linha média. Seios costofrênicos livres. Conclusão: Sem alterações significativas.,normal
2749,Angiotomografia de artérias pulmonares. Indicação: lombalgia crônica. Cisto ovariano complexo de 4 cm. Seios costofrênicos livres.,atencao
2750,Ultrassonografia de abdome total. Indicação: dor torácica. Nódulo pulmonar sólido de 8 mm no lobo superior direito. Fígado de dimensões e ecotextura normais. Conclusão: Achado que requer seguimento em consulta.,atencao
2751,"Ultrassonografia de abdome total. Indicação: cefaleia intensa. Rins de forma, tamanho e contornos normais. Sistema ventricular de dimensões preservadas.",normal
2752,Tomografia computadorizada de crânio sem contraste. Indicação: controle de rotina. Estruturas avaliadas com aspecto habitual. Espessamento parietal da vesícula biliar sem sinais de complicação. Conclusão: Recomenda-se acompanhamento ambulatorial.,atencao
2753,Radiografia de tórax em PA e perfil. Indicação: febre persistente. Ausência de sinais de hemorragia. Traçado sem alterações da repolarização ventricular. Extrassístoles ventriculares frequentes. Conclusão: Achado que requer seguimento em consulta.,atencao
2754,Ultrassonografia obstétrica. Indicação: cefaleia intensa. Sem sinais de tromboembolismo. Ritmo sinusal com frequência cardíaca normal. Opacidade em vidro fosco periférica de pequena extensão. Conclusão: Sugere-se correlação clínica e controle evolutivo.,atencao
2755,Ultrassonografia obstétrica. Indicação: dor abdominal. Traçado sem alterações da repolarização ventricular. Corpos vertebrais com altura e alinhamento preservados.,normal
2756,Eletrocardiograma de repouso. Indicação: síncope. Cisto ovariano complexo de 4 cm. Compressão medular aguda com sinais de mielopatia. Conclusão: Achado crítico: comunicado à equipe assistente.,urgente
2757,"Tomografia computadorizada de crânio sem contraste. Indicação: cefaleia intensa. Fígado de dimensões e ecotextura normais. Vesícula biliar de paredes finas, sem cálculos.",normal
2758,"Tomografia computadorizada de crânio sem contraste. Indicação: lombalgia crônica. Vesícula biliar de paredes finas, sem cálculos. Cisto ovariano complexo de 4 cm. Conclusão: Sugere-se correlação clínica e controle evolutivo.",atencao
2759,Ressonância magnética de coluna lombar. Indicação: febre persistente. Parênquima pulmonar com transparência preservada. Apendicite aguda com sinais de perfuração e abscesso.,urgente
2760,Ultrassonografia obstétrica. Indicação: dor abdominal. Sistema ventricular de dimensões preservadas. Corpos vertebrais com altura e alinhamento preservados. Conclusão: Estudo sem achados relevantes.,normal
2761,"Angiotomografia de artérias pulmonares. Indicação: trauma após queda. Vesícula biliar de paredes finas, sem cálculos. Corpos vertebrais com altura e alinhamento preservados. Conclusão: Exame dentro dos limites da normalidade.",normal
2762,Radiografia de tórax em PA e perfil. Indicação: febre persistente. Área cardíaca dentro dos limites da normalidade. Opacidade em vidro fosco periférica de pequena extensão.,atencao
2763,"Radiografia de tórax em PA e perfil. Indicação: avaliação pré-operatória. Descolamento prematuro de placenta com sinais de sofrimento fetal. Seios costofrênicos livres. Conclusão: Resultado crítico, acionar protocolo de emergência.",urgente
2764,Tomografia computadorizada de crânio sem contraste. Indicação: febre persistente. Aorta de calibre normal. Ausência de sinais de hemorragia. Discreta cardiomegalia. Conclusão: Achado que requer seguimento em consulta.,atencao
2765,"Radiografia de tórax em PA e perfil. Indicação: dor torácica. Rins de forma, tamanho e contornos normais. Fígado de dimensões e ecotextura normais. Conclusão: Exame dentro dos limites da normalidade.",normal
2766,"Eletrocardiograma de repouso. Indicação: dor abdominal. Vesícula biliar de paredes finas, sem cálculos. Sistema ventricular de dimensões preservadas. Conclusão: Exame dentro dos limites da normalidade.",normal
2767,Tomografia computadorizada de crânio sem contraste. Indicação: controle de rotina. Fígado de dimensões e ecotextura normais. Corpos vertebrais com altura e alinhamento preservados. Conclusão: Exame dentro dos limites da normalidade.,normal
2768,Ressonância magnética de coluna lombar. Indicação: dor abdominal. Corpos vertebrais com altura e alinhamento preservados. Parênquima pulmonar com transparência preservada.,normal
2769,Tomografia computadorizada de tórax. Indicação: dor abdominal. Aneurisma de aorta abdominal roto. Traçado sem alterações da repolarização ventricular.,urgente
2770,Tomografia computadorizada de tórax. Indicação: cefaleia intensa. Aorta de calibre normal. Área cardíaca dentro dos limites da normalidade.,normal
2771,"Angiotomografia de artérias pulmonares. Indicação: trauma após queda. Aorta de calibre normal. Não há sinais de perfuração. Rins de forma, tamanho e contornos normais.",normal
2772,Ressonância magnética de coluna lombar. Indicação: trauma após queda. Sistema ventricular de dimensões preservadas. Apendicite aguda com sinais de perfuração e abscesso.,urgente
2773,Radiografia de tórax em PA e perfil. Indicação: avaliação pré-operatória. Hematoma subdural agudo com efeito de massa. Opacidade em vidro fosco periférica de pequena extensão.,urgente
2774,"Angiotomografia de artérias pulmonares. Indicação: dispneia progressiva. Rins de forma, tamanho e contornos normais. Sistema ventricular de dimensões preservadas. Conclusão: Estudo sem achados relevantes.",normal
2775,Tomografia computadorizada de tórax. Indicação: cefaleia intensa. Corpos vertebrais com altura e alinhamento preservados. Espessamento parietal da vesícula biliar sem sinais de complicação. Conclusão: Recomenda-se acompanhamento ambulatorial.,atencao
2776,Tomografia computadorizada de crânio sem contraste. Indicação: cefaleia intensa. Compressão medular aguda com sinais de mielopatia. Ritmo sinusal com frequência cardíaca normal. Conclusão: Necessita avaliação médica imediata.,urgente
2777,Ultrassonografia obstétrica. Indicação: controle de rotina. Parênquima pulmonar com transparência preservada. Corpos vertebrais com altura e alinhamento preservados.,normal
2778,Tomografia computadorizada de tórax. Indicação: dispneia progressiva. Esteatose hepática moderada. Traçado sem alterações da repolarização ventricular. Sem evidência de pneumotórax. Conclusão: Achado que requer seguimento em consulta.,atencao
2779,Ultrassonografia de abdome total. Indicação: dor torácica. Traçado sem alterações da repolarização ventricular. Seios costofrênicos livres.,normal
2780,"Eletrocardiograma de repouso. Indicação: dor torácica. Parênquima pulmonar com transparência preservada. Não há sinais de perfuração. Vesícula biliar de paredes finas, sem cálculos. Conclusão: Estudo sem achados relevantes.",normal
2781,Eletrocardiograma de repouso. Indicação: controle de rotina. Não há supradesnivelamento do segmento ST. Traçado sem alterações da repolarização ventricular. Aorta de calibre normal.,normal
2782,Radiografia de tórax em PA e perfil. Indicação: síncope. Corpos vertebrais com altura e alinhamento preservados. Não há supradesnivelamento do segmento ST. Fígado de dimensões e ecotextura normais. Conclusão: Estudo sem achados relevantes.,normal
2783,Tomografia computadorizada de crânio sem contraste. Indicação: dor abdominal. Sem sinais de tromboembolismo. Bloqueio de ramo direito incompleto. Fígado de dimensões e ecotextura normais. Conclusão: Sugere-se correlação clínica e controle evolutivo.,atencao
2784,Tomografia computadorizada de crânio sem contraste. Indicação: trauma após queda. Estruturas avaliadas com aspecto habitual. Espessamento parietal da vesícula biliar sem sinais de complicação. Conclusão: Sugere-se correlação clínica e controle evolutivo.,atencao
2785,Radiografia de tórax em PA e perfil. Indicação: lombalgia crônica. Seios costofrênicos livres. Esteatose hepática moderada. Conclusão: Recomenda-se acompanhamento ambulatorial.,atencao
2786,Ressonância magnética de coluna lombar. Indicação: síncope. Área cardíaca dentro dos limites da normalidade. Cálculo renal não obstrutivo de 6 mm à direita. Conclusão: Recomenda-se acompanhamento ambulatorial.,atencao
2787,Angiotomografia de artérias pulmonares. Indicação: febre persistente. Hematoma subdural agudo com efeito de massa. Cisto ovariano complexo de 4 cm. Conclusão: Achado crítico: comunicado à equipe assistente.,urgente
2788,Ultrassonografia de abdome total. Indicação: trauma após queda. Compressão medular aguda com sinais de mielopatia. Pequeno derrame pleural à esquerda. Conclusão: Achado crítico: comunicado à equipe assistente.,urgente
2789,Ultrassonografia de abdome total. Indicação: síncope. Estruturas avaliadas com aspecto habitual. Linfonodos mediastinais levemente aumentados.,atencao
2790,Eletrocardiograma de repouso. Indicação: controle de rotina. Estruturas avaliadas com aspecto habitual. Não há supradesnivelamento do segmento ST. Fígado de dimensões e ecotextura normais. Conclusão: Exame dentro dos limites da normalidade.,normal
2791,"Eletrocardiograma de repouso. Indicação: lombalgia crônica. Sem evidência de pneumotórax. Vesícula biliar de paredes finas, sem cálculos. Rins de forma, tamanho e contornos normais. Conclusão: Exame dentro dos limites da normalidade.",normal
2792,Angiotomografia de artérias pulmonares. Indicação: febre persistente. Cisto ovariano complexo de 4 cm. Fígado de dimensões e ecotextura normais.,atencao
2793,Eletrocardiograma de repouso. Indicação: controle de rotina. Ritmo sinusal com frequência cardíaca normal. Fígado de dimensões e ecotextura normais. Conclusão: Estudo sem achados relevantes.,normal
2794,Ressonância magnética de coluna lombar. Indicação: dor abdominal. Não há sinais de perfuração. Corpos vertebrais com altura e alinhamento preservados. Nódulo pulmonar sólido de 8 mm no lobo superior direito. Conclusão: Achado que requer seguimento em consulta.,atencao
2795,Ressonância magnética de coluna lombar. Indicação: síncope. Espessamento parietal da vesícula biliar sem sinais de complicação. Hematoma subdural agudo com efeito de massa. Conclusão: Necessita avaliação médica imediata.,urgente
2796,Angiotomografia de artérias pulmonares. Indicação: dispneia progressiva. Ritmo sinusal com frequência cardíaca normal. Protrusão discal L4-L5 com compressão radicular leve.,atencao
2797,Ressonância magnética de coluna lombar. Indicação: dor torácica. Corpos vertebrais com altura e alinhamento preservados. Fígado de dimensões e ecotextura normais. Sem sinais de tromboembolismo. Conclusão: Estudo sem achados relevantes.,normal
2798,"Ressonância magnética de coluna lombar. Indicação: dispneia progressiva. Área cardíaca dentro dos limites da normalidade. Vesícula biliar de paredes finas, sem cálculos. Conclusão: Sem alterações significativas.",normal
2799,Angiotomografia de artérias pulmonares. Indicação: febre persistente. Opacidade em vidro fosco periférica de pequena extensão. Seios costofrênicos livres. Conclusão: Sugere-se correlação clínica e controle evolutivo.,atencao
2800,"Ultrassonografia obstétrica. Indicação: dor torácica. Bloqueio de ramo direito incompleto. Rins de forma, tamanho e contornos normais. Não há sinais de perfuração.",atencao
2801,Ultrassonografia de abdome total. Indicação: lombalgia crônica. Extrassístoles ventriculares frequentes. Descolamento prematuro de placenta com sinais de sofrimento fetal. Conclusão: Necessita avaliação médica imediata.,urgente
2802,Angiotomografia de artérias pulmonares. Indicação: febre persistente. Não há sinais de perfuração. Sistema ventricular de dimensões preservadas. Aorta de calibre normal.,normal
2803,Angiotomografia de artérias pulmonares. Indicação: avaliação pré-operatória. Fígado de dimensões e ecotextura normais. Traçado sem alterações da repolarização ventricular. Não há supradesnivelamento do segmento ST. Conclusão: Estudo sem achados relevantes.,normal
2804,Ressonância magnética de coluna lombar. Indicação: síncope. Linfonodos mediastinais levemente aumentados. Seios costofrênicos livres. Conclusão: Sugere-se correlação clínica e controle evolutivo.,atencao
2805,Radiografia de tórax em PA e perfil. Indicação: dor abdominal. Aorta de calibre normal. Seios costofrênicos livres. Conclusão: Sem alterações significativas.,normal
2806,Eletrocardiograma de repouso. Indicação: controle de rotina. Seios costofrênicos livres. Opacidade em vidro fosco periférica de pequena extensão. Não há supradesnivelamento do segmento ST.,atencao
2807,Tomografia computadorizada de crânio sem contraste. Indicação: dispneia progressiva. Não há supradesnivelamento do segmento ST. Área cardíaca dentro dos limites da normalidade. Estruturas avaliadas com aspecto habitual.,normal
2808,Angiotomografia de artérias pulmonares. Indicação: controle de rotina. Cálculo renal não obstrutivo de 6 mm à direita. Fibrilação ventricular. Conclusão: Achado crítico: comunicado à equipe assistente.,urgente
2809,Eletrocardiograma de repouso. Indicação: síncope. Aorta de calibre normal. Apendicite aguda com sinais de perfuração e abscesso. Conclusão: Achado crítico: comunicado à equipe assistente.,urgente
2810,Ressonância magnética de coluna lombar. Indicação: trauma após queda. Ausência de sinais de hemorragia. Parênquima pulmonar com transparência preservada. Estruturas avaliadas com aspecto habitual. Conclusão: Sem alterações significativas.,normal
2811,Tomografia computadorizada de crânio sem contraste. Indicação: síncope. Traçado sem alterações da repolarização ventricular. Ritmo sinusal com frequência cardíaca normal. Não há sinais de perfuração. Conclusão: Estudo sem achados relevantes.,normal
2812,Ressonância magnética de coluna lombar. Indicação: lombalgia crônica. Seios costofrênicos livres. Sem evidência de pneumotórax. Corpos vertebrais com altura e alinhamento preservados. Conclusão: Exame dentro dos limites da normalidade.,normal
2813,Angiotomografia de artérias pulmonares. Indicação: trauma após queda. Aorta de calibre normal. Fígado de dimensões e ecotextura normais. Conclusão: Sem alterações significativas.,normal
2814,Angiotomografia de artérias pulmonares. Indicação: trauma após queda. Parênquima pulmonar com transparência preservada. Discreta cardiomegalia. Conclusão: Sugere-se correlação clínica e controle evolutivo.,atencao
2815,Angiotomografia de artérias pulmonares. Indicação: cefaleia intensa. Sem evidência de pneumotórax. Estruturas avaliadas com aspecto habitual. Corpos vertebrais com altura e alinhamento preservados. Conclusão: Sem alterações significativas.,normal
2816,Angiotomografia de artérias pulmonares. Indicação: controle de rotina. Traçado sem alterações da repolarização ventricular. Seios costofrênicos livres. Conclusão: Sem alterações significativas.,normal
2817,"Ressonância magnética de coluna lombar. Indicação: dor torácica. Opacidade em vidro fosco periférica de pequena extensão. Rins de forma, tamanho e contornos normais.",atencao
2818,"Ultrassonografia obstétrica. Indicação: dor abdominal. Fígado de dimensões e ecotextura normais. Rins de forma, tamanho e contornos normais.",normal
2819,Ressonância magnética de coluna lombar. Indicação: controle de rotina. Descolamento prematuro de placenta com sinais de sofrimento fetal. Discreta cardiomegalia.,urgente
2820,Radiografia de tórax em PA e perfil. Indicação: trauma após queda. Corpos vertebrais com altura e alinhamento preservados. Sem sinais de tromboembolismo. Seios costofrênicos livres. Conclusão: Exame dentro dos limites da normalidade.,urgente
2821,Angiotomografia de artérias pulmonares. Indicação: avaliação pré-operatória. Protrusão discal L4-L5 com compressão radicular leve. Parênquima pulmonar com transparência preservada. Conclusão: Sugere-se correlação clínica e controle evolutivo.,atencao
2822,Ressonância magnética de coluna lombar. Indicação: avaliação pré-operatória. Traçado sem alterações da repolarização ventricular. Discreta cardiomegalia. Conclusão: Recomenda-se acompanhamento ambulatorial.,atencao
2823,Radiografia de tórax em PA e perfil. Indicação: síncope. Fígado de dimensões e ecotextura normais. Estruturas avaliadas com aspecto habitual. Conclusão: Estudo sem achados relevantes.,normal
2824,Ultrassonografia de abdome total. Indicação: dispneia progressiva. Extrassístoles ventriculares frequentes. Fígado de dimensões e ecotextura normais. Conclusão: Sugere-se correlação clínica e controle evolutivo.,atencao
2825,Ressonância magnética de coluna lombar. Indicação: controle de rotina. Supradesnivelamento do segmento ST em parede anterior. Traçado sem alterações da repolarização ventricular. Conclusão: Achado crítico: comunicado à equipe assistente.,urgente
2826,"Radiografia de tórax em PA e perfil. Indicação: dor torácica. Espessamento parietal da vesícula biliar sem sinais de complicação. Hemorragia intraparenquimatosa extensa com desvio da linha média. Conclusão: Resultado crítico, acionar protocolo de emergência.",urgente
2827,"Eletrocardiograma de repouso. Indicação: síncope. Bloqueio de ramo direito incompleto. Pneumotórax hipertensivo à direita com desvio do mediastino. Conclusão: Resultado crítico, acionar protocolo de emergência.",urgente
2828,Angiotomografia de artérias pulmonares. Indicação: dor abdominal. Parênquima pulmonar com transparência preservada. Fibrilação ventricular. Conclusão: Necessita avaliação médica imediata.,urgente
2829,Ultrassonografia obstétrica. Indicação: dispneia progressiva. Pneumotórax hipertensivo à direita com desvio do mediastino. Bloqueio de ramo direito incompleto.,urgente
2830,"Angiotomografia de artérias pulmonares. Indicação: cefaleia intensa. Vesícula biliar de paredes finas, sem cálculos. Traçado sem alterações da repolarização ventricular. Conclusão: Estudo sem achados relevantes.",urgente
2831,Angiotomografia de artérias pulmonares. Indicação: febre persistente. Opacidade em vidro fosco periférica de pequena extensão. Supradesnivelamento do segmento ST em parede anterior.,urgente
2832,"Ressonância magnética de coluna lombar. Indicação: febre persistente. Rins de forma, tamanho e contornos normais. Sistema ventricular de dimensões preservadas. Conclusão: Estudo sem achados relevantes.",normal
2833,Tomografia computadorizada de tórax. Indicação: trauma após queda. Ritmo sinusal com frequência cardíaca normal. Extrassístoles ventriculares frequentes. Sem evidência de pneumotórax. Conclusão: Sugere-se correlação clínica e controle evolutivo.,atencao
2834,Ressonância magnética de coluna lombar. Indicação: dispneia progressiva. Sem sinais de tromboembolismo. Corpos vertebrais com altura e alinhamento preservados. Traçado sem alterações da repolarização ventricular.,normal
2835,Radiografia de tórax em PA e perfil. Indicação: dor abdominal. Pequeno derrame pleural à esquerda. Ritmo sinusal com frequência cardíaca normal. Conclusão: Sugere-se correlação clínica e controle evolutivo.,atencao
2836,"Ultrassonografia obstétrica. Indicação: trauma após queda. Vesícula biliar de paredes finas, sem cálculos. Ritmo sinusal com frequência cardíaca normal. Conclusão: Estudo sem achados relevantes.",normal
2837,Ressonância magnética de coluna lombar. Indicação: controle de rotina. Corpos vertebrais com altura e alinhamento preservados. Não há sinais de perfuração. Fígado de dimensões e ecotextura normais. Conclusão: Estudo sem achados relevantes.,normal
2838,Tomografia computadorizada de crânio sem contraste. Indicação: dor torácica. Não há supradesnivelamento do segmento ST. Traçado sem alterações da repolarização ventricular. Extrassístoles ventriculares frequentes. Conclusão: Sugere-se correlação clínica e controle evolutivo.,atencao
2839,Angiotomografia de artérias pulmonares. Indicação: febre persistente. Corpos vertebrais com altura e alinhamento preservados. Ausência de sinais de hemorragia. Fígado de dimensões e ecotextura normais.,normal
2840,Tomografia computadorizada de crânio sem contraste. Indicação: lombalgia crônica. Linfonodos mediastinais levemente aumentados. Ritmo sinusal com frequência cardíaca normal. Não há sinais de perfuração. Conclusão: Sugere-se correlação clínica e controle evolutivo.,atencao
2841,"Tomografia computadorizada de crânio sem contraste. Indicação: dor abdominal. Ritmo sinusal com frequência cardíaca normal. Rins de forma, tamanho e contornos normais. Conclusão: Estudo sem achados relevantes.",normal
2842,"Ressonância magnética de coluna lombar. Indicação: dor abdominal. Fibrilação ventricular. Rins de forma, tamanho e contornos normais.",urgente
2843,Tomografia computadorizada de crânio sem contraste. Indicação: controle de rotina. Protrusão discal L4-L5 com compressão radicular leve. Dissecção de aorta torácica tipo A. Conclusão: Necessita avaliação médica imediata.,urgente
2844,"Tomografia computadorizada de tórax. Indicação: trauma após queda. Parênquima pulmonar com transparência preservada. Compressão medular aguda com sinais de mielopatia. Conclusão: Resultado crítico, acionar protocolo de emergência.",urgente
2845,"Radiografia de tórax em PA e perfil. Indicação: dor torácica. Não há sinais de perfuração. Ritmo sinusal com frequência cardíaca normal. Vesícula biliar de paredes finas, sem cálculos. Conclusão: Estudo sem achados relevantes.",normal
2846,Tomografia computadorizada de tórax. Indicação: dispneia progressiva. Esteatose hepática moderada. Parênquima pulmonar com transparência preservada. Conclusão: Achado que requer seguimento em consulta.,atencao
2847,Radiografia de tórax em PA e perfil. Indicação: síncope. Pneumotórax hipertensivo à direita com desvio do mediastino. Área cardíaca dentro dos limites da normalidade. Conclusão: Achado crítico: comunicado à equipe assistente.,urgente
2848,Tomografia computadorizada de crânio sem contraste. Indicação: dispneia progressiva. Sem evidência de pneumotórax. Seios costofrênicos livres. Aorta de calibre normal.,normal
2849,Ultrassonografia de abdome total. Indicação: dor torácica. Sistema ventricular de dimensões preservadas. Falha de enchimento em artéria pulmonar principal compatível com tromboembolismo. Conclusão: Necessita avaliação médica imediata.,urgente
2850,"Ultrassonografia obstétrica. Indicação: avaliação pré-operatória. Parênquima pulmonar com transparência preservada. Vesícula biliar de paredes finas, sem cálculos.",normal
2851,"Angiotomografia de artérias pulmonares. Indicação: dor abdominal. Cisto ovariano complexo de 4 cm. Vesícula biliar de paredes finas, sem cálculos. Conclusão: Sugere-se correlação clínica e controle evolutivo.",atencao
2852,Angiotomografia de artérias pulmonares. Indicação: trauma após queda. Fígado de dimensões e ecotextura normais. Não há sinais de perfuração. Aorta de calibre normal. Conclusão: Exame dentro dos limites da normalidade.,normal
2853,Eletrocardiograma de repouso. Indicação: dor abdominal. Estruturas avaliadas com aspecto habitual. Esteatose hepática moderada.,atencao
2854,Tomografia computadorizada de crânio sem contraste. Indicação: dor torácica. Bloqueio de ramo direito incompleto. Parênquima pulmonar com transparência preservada.,atencao
2855,Tomografia computadorizada de crânio sem contraste. Indicação: dor torácica. Aorta de calibre normal. Aneurisma de aorta abdominal roto. Conclusão: Necessita avaliação médica imediata.,urgente
2856,Tomografia computadorizada de crânio sem contraste. Indicação: febre persistente. Área cardíaca dentro dos limites da normalidade. Opacidade em vidro fosco periférica de pequena extensão. Conclusão: Recomenda-se acompanhamento ambulatorial.,atencao
2857,Ultrassonografia obstétrica. Indicação: dor abdominal. Linfonodos mediastinais levemente aumentados. Seios costofrênicos livres. Sem desvio da linha média.,atencao
2858,"Ultrassonografia de abdome total. Indicação: dispneia progressiva. Rins de forma, tamanho e contornos normais. Corpos vertebrais com altura e alinhamento preservados.",atencao
2859,Tomografia computadorizada de tórax. Indicação: dor abdominal. Supradesnivelamento do segmento ST em parede anterior. Esteatose hepática moderada. Conclusão: Achado crítico: comunicado à equipe assistente.,urgente
2860,Radiografia de tórax em PA e perfil. Indicação: dor torácica. Linfonodos mediastinais levemente aumentados. Traçado sem alterações da repolarização ventricular. Conclusão: Achado que requer seguimento em consulta.,atencao
2861,"Tomografia computadorizada de tórax. Indicação: dispneia progressiva. Vesícula biliar de paredes finas, sem cálculos. Descolamento prematuro de placenta com sinais de sofrimento fetal. Conclusão: Necessita avaliação médica imediata.",urgente
2862,Ressonância magnética de coluna lombar. Indicação: controle de rotina. Estruturas avaliadas com aspecto habitual. Aorta de calibre normal. Sem sinais de tromboembolismo.,normal
2863,Angiotomografia de artérias pulmonares. Indicação: dor torácica. Nódulo pulmonar sólido de 8 mm no lobo superior direito. Pneumoperitônio compatível com perfuração de víscera oca. Conclusão: Achado crítico: comunicado à equipe assistente.,urgente
2864,Angiotomografia de artérias pulmonares. Indicação: dor abdominal. Fígado de dimensões e ecotextura normais. Corpos vertebrais com altura e alinhamento preservados. Sem desvio da linha média. Conclusão: Estudo sem achados relevantes.,atencao
2865,Ressonância magnética de coluna lombar. Indicação: febre persistente. Seios costofrênicos livres. Ausência de sinais de hemorragia. Fígado de dimensões e ecotextura normais. Conclusão: Sem alterações significativas.,normal
2866,"Tomografia computadorizada de tórax. Indicação: trauma após queda. Vesícula biliar de paredes finas, sem cálculos. Aorta de calibre normal. Sem sinais de tromboembolismo.",normal
2867,"Angiotomografia de artérias pulmonares. Indicação: síncope. Ritmo sinusal com frequência cardíaca normal. Rins de forma, tamanho e contornos normais. Sem desvio da linha média. Conclusão: Exame dentro dos limites da normalidade.",normal
2868,Tomografia computadorizada de tórax. Indicação: síncope. Parênquima pulmonar com transparência preservada. Nódulo pulmonar sólido de 8 mm no lobo superior direito. Conclusão: Recomenda-se acompanhamento ambulatorial.,atencao
2869,Ultrassonografia obstétrica. Indicação: síncope. Traçado sem alterações da repolarização ventricular. Cálculo renal não obstrutivo de 6 mm à direita.,atencao
2870,Ultrassonografia de abdome total. Indicação: lombalgia crônica. Estruturas avaliadas com aspecto habitual. Ritmo sinusal com frequência cardíaca normal. Não há supradesnivelamento do segmento ST.,normal
2871,"Ressonância magnética de coluna lombar. Indicação: trauma após queda. Vesícula biliar de paredes finas, sem cálculos. Área cardíaca dentro dos limites da normalidade. Conclusão: Estudo sem achados relevantes.",normal
2872,"Tomografia computadorizada de crânio sem contraste. Indicação: dispneia progressiva. Espessamento parietal da vesícula biliar sem sinais de complicação. Rins de forma, tamanho e contornos normais. Conclusão: Sugere-se correlação clínica e controle evolutivo.",atencao
2873,Ultrassonografia de abdome total. Indicação: síncope. Protrusão discal L4-L5 com compressão radicular leve. Parênquima pulmonar com transparência preservada. Conclusão: Achado que requer seguimento em consulta.,atencao
2874,Ressonância magnética de coluna lombar. Indicação: trauma após queda. Esteatose hepática moderada. Traçado sem alterações da repolarização ventricular. Conclusão: Achado que requer seguimento em consulta.,atencao
2875,Angiotomografia de artérias pulmonares. Indicação: lombalgia crônica. Extrassístoles ventriculares frequentes. Seios costofrênicos livres. Conclusão: Achado que requer seguimento em consulta.,atencao
2876,Tomografia computadorizada de tórax. Indicação: dor abdominal. Traçado sem alterações da repolarização ventricular. Linfonodos mediastinais levemente aumentados.,atencao
2877,Tomografia computadorizada de tórax. Indicação: lombalgia crônica. Parênquima pulmonar com transparência preservada. Estruturas avaliadas com aspecto habitual. Conclusão: Exame dentro dos limites da normalidade.,normal
2878,Ressonância magnética de coluna lombar. Indicação: febre persistente. Opacidade em vidro fosco periférica de pequena extensão. Sem desvio da linha média. Aorta de calibre normal. Conclusão: Achado que requer seguimento em consulta.,urgente
2879,Eletrocardiograma de repouso. Indicação: dor abdominal. Opacidade em vidro fosco periférica de pequena extensão. Ritmo sinusal com frequência cardíaca normal.,atencao
2880,Ultrassonografia obstétrica. Indicação: dor abdominal. Parênquima pulmonar com transparência preservada. Não há supradesnivelamento do segmento ST. Área cardíaca dentro dos limites da normalidade.,normal
2881,"Ressonância magnética de coluna lombar. Indicação: dor abdominal. Aneurisma de aorta abdominal roto. Vesícula biliar de paredes finas, sem cálculos. Conclusão: Resultado crítico, acionar protocolo de emergência.",urgente
2882,Eletrocardiograma de repouso. Indicação: cefaleia intensa. Traçado sem alterações da repolarização ventricular. Parênquima pulmonar com transparência preservada.,normal
2883,Tomografia computadorizada de tórax. Indicação: febre persistente. Sistema ventricular de dimensões preservadas. Corpos vertebrais com altura e alinhamento preservados.,normal
2884,Angiotomografia de artérias pulmonares. Indicação: dispneia progressiva. Protrusão discal L4-L5 com compressão radicular leve. Sem desvio da linha média. Ritmo sinusal com frequência cardíaca normal. Conclusão: Sugere-se correlação clínica e controle evolutivo.,atencao
2885,"Angiotomografia de artérias pulmonares. Indicação: dispneia progressiva. Apendicite aguda com sinais de perfuração e abscesso. Rins de forma, tamanho e contornos normais. Conclusão: Necessita avaliação médica imediata.",urgente
2886,Radiografia de tórax em PA e perfil. Indicação: dor torácica. Ritmo sinusal com frequência cardíaca normal. Cisto ovariano complexo de 4 cm. Conclusão: Recomenda-se acompanhamento ambulatorial.,atencao
2887,Ultrassonografia de abdome total. Indicação: dor torácica. Pequeno derrame pleural à esquerda. Aorta de calibre normal. Conclusão: Recomenda-se acompanhamento ambulatorial.,atencao
2888,"Eletrocardiograma de repouso. Indicação: controle de rotina. Vesícula biliar de paredes finas, sem cálculos. Pneumoperitônio compatível com perfuração de víscera oca. Conclusão: Resultado crítico, acionar protocolo de emergência.",urgente
2889,"Ultrassonografia obstétrica. Indicação: febre persistente. Seios costofrênicos livres. Vesícula biliar de paredes finas, sem cálculos. Não há supradesnivelamento do segmento ST. Conclusão: Estudo sem achados relevantes.",normal
2890,Tomografia computadorizada de crânio sem contraste. Indicação: lombalgia crônica. Sem evidência de pneumotórax. Fígado de dimensões e ecotextura normais. Estruturas avaliadas com aspecto habitual. Conclusão: Exame dentro dos limites da normalidade.,normal
2891,Ressonância magnética de coluna lombar. Indicação: trauma após queda. Espessamento parietal da vesícula biliar sem sinais de complicação. Sem sinais de tromboembolismo. Aorta de calibre normal.,atencao
2892,Ressonância magnética de coluna lombar. Indicação: dor abdominal. Ausência de sinais de hemorragia. Fígado de dimensões e ecotextura normais. Aorta de calibre normal. Conclusão: Sem alterações significativas.,normal
2893,Angiotomografia de artérias pulmonares. Indicação: avaliação pré-operatória. Seios costofrênicos livres. Fígado de dimensões e ecotextura normais. Conclusão: Exame dentro dos limites da normalidade.,normal
2894,Ultrassonografia de abdome total. Indicação: febre persistente. Fígado de dimensões e ecotextura normais. Aorta de calibre normal. Conclusão: Estudo sem achados relevantes.,normal
2895,Ressonância magnética de coluna lombar. Indicação: febre persistente. Aorta de calibre normal. Espessamento parietal da vesícula biliar sem sinais de complicação.,atencao
2896,Radiografia de tórax em PA e perfil. Indicação: controle de rotina. Sistema ventricular de dimensões preservadas. Parênquima pulmonar com transparência preservada. Conclusão: Exame dentro dos limites da normalidade.,normal
2897,"Ultrassonografia obstétrica. Indicação: dor abdominal. Sem evidência de pneumotórax. Sistema ventricular de dimensões preservadas. Vesícula biliar de paredes finas, sem cálculos. Conclusão: Exame dentro dos limites da normalidade.",normal
2898,Ressonância magnética de coluna lombar. Indicação: febre persistente. Corpos vertebrais com altura e alinhamento preservados. Traçado sem alterações da repolarização ventricular.,atencao
2899,Ultrassonografia obstétrica. Indicação: dor abdominal. Traçado sem alterações da repolarização ventricular. Parênquima pulmonar com transparência preservada. Conclusão: Exame dentro dos limites da normalidade.,normal
2900,Ressonância magnética de coluna lombar. Indicação: dor abdominal. Parênquima pulmonar com transparência preservada. Área cardíaca dentro dos limites da normalidade. Conclusão: Sem alterações significativas.,normal
2901,Tomografia computadorizada de tórax. Indicação: dor abdominal. Pneumotórax hipertensivo à direita com desvio do mediastino. Traçado sem alterações da repolarização ventricular.,urgente
2902,Tomografia computadorizada de tórax. Indicação: lombalgia crônica. Traçado sem alterações da repolarização ventricular. Ritmo sinusal com frequência cardíaca normal. Conclusão: Sem alterações significativas.,normal
2903,Ultrassonografia obstétrica. Indicação: febre persistente. Seios costofrênicos livres. Protrusão discal L4-L5 com compressão radicular leve. Conclusão: Sugere-se correlação clínica e controle evolutivo.,atencao
2904,Eletrocardiograma de repouso. Indicação: trauma após queda. Apendicite aguda com sinais de perfuração e abscesso. Discreta cardiomegalia. Conclusão: Achado crítico: comunicado à equipe assistente.,urgente
2905,Angiotomografia de artérias pulmonares. Indicação: síncope. Área cardíaca dentro dos limites da normalidade. Aneurisma de aorta abdominal roto.,urgente
2906,Radiografia de tórax em PA e perfil. Indicação: avaliação pré-operatória. Ausência de sinais de hemorragia. Seios costofrênicos livres. Ritmo sinusal com frequência cardíaca normal. Conclusão: Sem alterações significativas.,normal
2907,Radiografia de tórax em PA e perfil. Indicação: dor torácica. Pequeno derrame pleural à esquerda. Parênquima pulmonar com transparência preservada. Conclusão: Recomenda-se acompanhamento ambulatorial.,atencao
2908,Eletrocardiograma de repouso. Indicação: trauma após queda. Linfonodos mediastinais levemente aumentados. Parênquima pulmonar com transparência preservada. Conclusão: Sugere-se correlação clínica e controle evolutivo.,atencao
2909,"Ressonância magnética de coluna lombar. Indicação: dor abdominal. Vesícula biliar de paredes finas, sem cálculos. Não há sinais de perfuração. Corpos vertebrais com altura e alinhamento preservados. Conclusão: Estudo sem achados relevantes.",normal
2910,Ultrassonografia obstétrica. Indicação: dispneia progressiva. Parênquima pulmonar com transparência preservada. Seios costofrênicos livres. Conclusão: Estudo sem achados relevantes.,normal
2911,"Tomografia computadorizada de tórax. Indicação: trauma após queda. Esteatose hepática moderada. Vesícula biliar de paredes finas, sem cálculos. Conclusão: Recomenda-se acompanhamento ambulatorial.",atencao
2912,"Ressonância magnética de coluna lombar. Indicação: avaliação pré-operatória. Sem desvio da linha média. Aorta de calibre normal. Rins de forma, tamanho e contornos normais. Conclusão: Sem alterações significativas.",normal
2913,"Eletrocardiograma de repouso. Indicação: cefaleia intensa. Seios costofrênicos livres. Supradesnivelamento do segmento ST em parede anterior. Conclusão: Resultado crítico, acionar protocolo de emergência.",urgente
2914,Eletrocardiograma de repouso. Indicação: avaliação pré-operatória. Hemorragia intraparenquimatosa extensa com desvio da linha média. Fígado de dimensões e ecotextura normais. Conclusão: Necessita avaliação médica imediata.,urgente
2915,Ultrassonografia obstétrica. Indicação: cefaleia intensa. Fígado de dimensões e ecotextura normais. Corpos vertebrais com altura e alinhamento preservados.,normal
2916,"Ultrassonografia de abdome total. Indicação: dispneia progressiva. Dissecção de aorta torácica tipo A. Vesícula biliar de paredes finas, sem cálculos. Conclusão: Achado crítico: comunicado à equipe assistente.",urgente
2917,Ultrassonografia de abdome total. Indicação: avaliação pré-operatória. Aneurisma de aorta abdominal roto. Protrusão discal L4-L5 com compressão radicular leve. Conclusão: Necessita avaliação médica imediata.,atencao
2918,Tomografia computadorizada de crânio sem contraste. Indicação: dor torácica. Corpos vertebrais com altura e alinhamento preservados. Dissecção de aorta torácica tipo A. Conclusão: Achado crítico: comunicado à equipe assistente.,urgente
2919,Ultrassonografia obstétrica. Indicação: dor torácica. Seios costofrênicos livres. Corpos vertebrais com altura e alinhamento preservados. Conclusão: Sem alterações significativas.,normal
2920,"Tomografia computadorizada de tórax. Indicação: lombalgia crônica. Protrusão discal L4-L5 com compressão radicular leve. Hematoma subdural agudo com efeito de massa. Conclusão: Resultado crítico, acionar protocolo de emergência.",urgente
2921,Ressonância magnética de coluna lombar. Indicação: síncope. Ritmo sinusal com frequência cardíaca normal. Traçado sem alterações da repolarização ventricular. Conclusão: Estudo sem achados relevantes.,normal
2922,Ultrassonografia de abdome total. Indicação: febre persistente. Espessamento parietal da vesícula biliar sem sinais de complicação. Ritmo sinusal com frequência cardíaca normal.,atencao
2923,Radiografia de tórax em PA e perfil. Indicação: avaliação pré-operatória. Corpos vertebrais com altura e alinhamento preservados. Nódulo pulmonar sólido de 8 mm no lobo superior direito. Sem sinais de tromboembolismo. Conclusão: Recomenda-se acompanhamento ambulatorial.,atencao
2924,Ultrassonografia de abdome total. Indicação: dor abdominal. Ritmo sinusal com frequência cardíaca normal. Parênquima pulmonar com transparência preservada. Conclusão: Exame dentro dos limites da normalidade.,normal
2925,Eletrocardiograma de repouso. Indicação: controle de rotina. Traçado sem alterações da repolarização ventricular. Espessamento parietal da vesícula biliar sem sinais de complicação. Conclusão: Achado que requer seguimento em consulta.,atencao
2926,Ressonância magnética de coluna lombar. Indicação: avaliação pré-operatória. Pneumotórax hipertensivo à direita com desvio do mediastino. Espessamento parietal da vesícula biliar sem sinais de complicação. Conclusão: Achado crítico: comunicado à equipe assistente.,urgente
2927,Radiografia de tórax em PA e perfil. Indicação: dor torácica. Espessamento parietal da vesícula biliar sem sinais de complicação. Traçado sem alterações da repolarização ventricular.,atencao
2928,Ressonância magnética de coluna lombar. Indicação: lombalgia crônica. Seios costofrênicos livres. Hemorragia intraparenquimatosa extensa com desvio da linha média.,urgente
2929,"Angiotomografia de artérias pulmonares. Indicação: trauma após queda. Cisto ovariano complexo de 4 cm. Pneumoperitônio compatível com perfuração de víscera oca. Conclusão: Resultado crítico, acionar protocolo de emergência.",urgente
2930,"Angiotomografia de artérias pulmonares. Indicação: febre persistente. Parênquima pulmonar com transparência preservada. Rins de forma, tamanho e contornos normais. Sem evidência de pneumotórax.",normal
2931,Tomografia computadorizada de tórax. Indicação: cefaleia intensa. Fígado de dimensões e ecotextura normais. Traçado sem alterações da repolarização ventricular.,normal
2932,"Tomografia computadorizada de crânio sem contraste. Indicação: cefaleia intensa. Corpos vertebrais com altura e alinhamento preservados. Rins de forma, tamanho e contornos normais.",normal
2933,Eletrocardiograma de repouso. Indicação: febre persistente. Sistema ventricular de dimensões preservadas. Corpos vertebrais com altura e alinhamento preservados. Conclusão: Sem alterações significativas.,normal
2934,Tomografia computadorizada de tórax. Indicação: dor abdominal. Sistema ventricular de dimensões preservadas. Ausência de sinais de hemorragia. Traçado sem alterações da repolarização ventricular.,normal
2935,Ressonância magnética de coluna lombar. Indicação: cefaleia intensa. Seios costofrênicos livres. Descolamento prematuro de placenta com sinais de sofrimento fetal. Conclusão: Achado crítico: comunicado à equipe assistente.,urgente
2936,"Tomografia computadorizada de tórax. Indicação: dor torácica. Vesícula biliar de paredes finas, sem cálculos. Ritmo sinusal com frequência cardíaca normal. Conclusão: Exame dentro dos limites da normalidade.",normal
2937,Angiotomografia de artérias pulmonares. Indicação: lombalgia crônica. Fígado de dimensões e ecotextura normais. Parênquima pulmonar com transparência preservada.,normal
2938,"Eletrocardiograma de repouso. Indicação: febre persistente. Área cardíaca dentro dos limites da normalidade. Hemorragia intraparenquimatosa extensa com desvio da linha média. Conclusão: Resultado crítico, acionar protocolo de emergência.",urgente
2939,Ultrassonografia de abdome total. Indicação: dor abdominal. Estruturas avaliadas com aspecto habitual. Fígado de dimensões e ecotextura normais. Conclusão: Exame dentro dos limites da normalidade.,normal
2940,Angiotomografia de artérias pulmonares. Indicação: dor torácica. Discreta cardiomegalia. Estruturas avaliadas com aspecto habitual.,atencao
2941,"Ultrassonografia obstétrica. Indicação: dor torácica. Extrassístoles ventriculares frequentes. Rins de forma, tamanho e contornos normais. Sem desvio da linha média. Conclusão: Achado que requer seguimento em consulta.",atencao
2942,Ultrassonografia obstétrica. Indicação: febre persistente. Compressão medular aguda com sinais de mielopatia. Aorta de calibre normal. Conclusão: Necessita avaliação médica imediata.,urgente
2943,"Tomografia computadorizada de crânio sem contraste. Indicação: febre persistente. Parênquima pulmonar com transparência preservada. Descolamento prematuro de placenta com sinais de sofrimento fetal. Conclusão: Resultado crítico, acionar protocolo de emergência.",urgente
2944,Angiotomografia de artérias pulmonares. Indicação: lombalgia crônica. Sem sinais de tromboembolismo. Estruturas avaliadas com aspecto habitual. Traçado sem alterações da repolarização ventricular. Conclusão: Estudo sem achados relevantes.,normal
2945,Eletrocardiograma de repouso. Indicação: dor abdominal. Bloqueio de ramo direito incompleto. Fígado de dimensões e ecotextura normais. Conclusão: Achado que requer seguimento em consulta.,atencao
2946,Angiotomografia de artérias pulmonares. Indicação: dor torácica. Traçado sem alterações da repolarização ventricular. Sistema ventricular de dimensões preservadas. Conclusão: Sem alterações significativas.,normal
2947,Radiografia de tórax em PA e perfil. Indicação: síncope. Aorta de calibre normal. Extrassístoles ventriculares frequentes. Conclusão: Recomenda-se acompanhamento ambulatorial.,atencao
2948,Tomografia computadorizada de crânio sem contraste. Indicação: síncope. Sem sinais de tromboembolismo. Traçado sem alterações da repolarização ventricular. Corpos vertebrais com altura e alinhamento preservados. Conclusão: Exame dentro dos limites da normalidade.,normal
2949,Tomografia computadorizada de tórax. Indicação: síncope. Bloqueio de ramo direito incompleto. Corpos vertebrais com altura e alinhamento preservados. Conclusão: Recomenda-se acompanhamento ambulatorial.,atencao
2950,Ultrassonografia de abdome total. Indicação: cefaleia intensa. Cisto ovariano complexo de 4 cm. Ritmo sinusal com frequência cardíaca normal.,atencao
2951,Ressonância magnética de coluna lombar. Indicação: controle de rotina. Ausência de sinais de hemorragia. Seios costofrênicos livres. Estruturas avaliadas com aspecto habitual. Conclusão: Estudo sem achados relevantes.,normal
2952,Eletrocardiograma de repouso. Indicação: lombalgia crônica. Área cardíaca dentro dos limites da normalidade. Estruturas avaliadas com aspecto habitual. Conclusão: Sem alterações significativas.,normal
2953,Eletrocardiograma de repouso. Indicação: trauma após queda. Apendicite aguda com sinais de perfuração e abscesso. Estruturas avaliadas com aspecto habitual. Conclusão: Necessita avaliação médica imediata.,urgente
2954,Ultrassonografia obstétrica. Indicação: dispneia progressiva. Fígado de dimensões e ecotextura normais. Protrusão discal L4-L5 com compressão radicular leve.,atencao
2955,Tomografia computadorizada de crânio sem contraste. Indicação: dor torácica. Aorta de calibre normal. Ausência de sinais de hemorragia. Esteatose hepática moderada.,atencao
2956,Tomografia computadorizada de crânio sem contraste. Indicação: síncope. Sistema ventricular de dimensões preservadas. Aorta de calibre normal. Conclusão: Exame dentro dos limites da normalidade.,normal
2957,Ressonância magnética de coluna lombar. Indicação: síncope. Espessamento parietal da vesícula biliar sem sinais de complicação. Parênquima pulmonar com transparência preservada. Conclusão: Sugere-se correlação clínica e controle evolutivo.,atencao
2958,Ultrassonografia de abdome total. Indicação: dor torácica. Seios costofrênicos livres. Sistema ventricular de dimensões preservadas.,normal
2959,Tomografia computadorizada de tórax. Indicação: dispneia progressiva. Aorta de calibre normal. Ausência de sinais de hemorragia. Seios costofrênicos livres. Conclusão: Exame dentro dos limites da normalidade.,normal
2960,Ressonância magnética de coluna lombar. Indicação: trauma após queda. Discreta cardiomegalia. Corpos vertebrais com altura e alinhamento preservados. Conclusão: Achado que requer seguimento em consulta.,atencao
2961,Angiotomografia de artérias pulmonares. Indicação: avaliação pré-operatória. Ausência de sinais de hemorragia. Traçado sem alterações da repolarização ventricular. Corpos vertebrais com altura e alinhamento preservados. Conclusão: Sem alterações significativas.,normal
2962,Ultrassonografia obstétrica. Indicação: trauma após queda. Traçado sem alterações da repolarização ventricular. Parênquima pulmonar com transparência preservada. Conclusão: Exame dentro dos limites da normalidade.,normal
2963,Angiotomografia de artérias pulmonares. Indicação: avaliação pré-operatória. Sistema ventricular de dimensões preservadas. Corpos vertebrais com altura e alinhamento preservados.,normal
2964,Radiografia de tórax em PA e perfil. Indicação: dispneia progressiva. Fígado de dimensões e ecotextura normais. Opacidade em vidro fosco periférica de pequena extensão. Conclusão: Achado que requer seguimento em consulta.,atencao
2965,"Ultrassonografia obstétrica. Indicação: trauma após queda. Não há sinais de perfuração. Pequeno derrame pleural à esquerda. Vesícula biliar de paredes finas, sem cálculos.",atencao
2966,Tomografia computadorizada de tórax. Indicação: avaliação pré-operatória. Compressão medular aguda com sinais de mielopatia. Corpos vertebrais com altura e alinhamento preservados.,urgente
2967,Eletrocardiograma de repouso. Indicação: avaliação pré-operatória. Seios costofrênicos livres. Ausência de sinais de hemorragia. Parênquima pulmonar com transparência preservada. Conclusão: Sem alterações significativas.,normal
2968,Ressonância magnética de coluna lombar. Indicação: febre persistente. Sem sinais de tromboembolismo. Sistema ventricular de dimensões preservadas. Corpos vertebrais com altura e alinhamento preservados. Conclusão: Estudo sem achados relevantes.,normal
2969,Eletrocardiograma de repouso. Indicação: lombalgia crônica. Fígado de dimensões e ecotextura normais. Sistema ventricular de dimensões preservadas.,normal
2970,Eletrocardiograma de repouso. Indicação: febre persistente. Extrassístoles ventriculares frequentes. Apendicite aguda com sinais de perfuração e abscesso.,urgente
2971,Tomografia computadorizada de tórax. Indicação: febre persistente. Pequeno derrame pleural à esquerda. Ritmo sinusal com frequência cardíaca normal.,atencao
2972,Ultrassonografia obstétrica. Indicação: avaliação pré-operatória. Corpos vertebrais com altura e alinhamento preservados. Aorta de calibre normal. Conclusão: Estudo sem achados relevantes.,normal
2973,Angiotomografia de artérias pulmonares. Indicação: controle de rotina. Ritmo sinusal com frequência cardíaca normal. Bloqueio de ramo direito incompleto.,atencao
2974,Ultrassonografia obstétrica. Indicação: cefaleia intensa. Sem desvio da linha média. Parênquima pulmonar com transparência preservada. Linfonodos mediastinais levemente aumentados. Conclusão: Achado que requer seguimento em consulta.,atencao
2975,Tomografia computadorizada de tórax. Indicação: controle de rotina. Seios costofrênicos livres. Fibrilação ventricular. Conclusão: Achado crítico: comunicado à equipe assistente.,urgente
2976,Ultrassonografia de abdome total. Indicação: dor torácica. Ritmo sinusal com frequência cardíaca normal. Compressão medular aguda com sinais de mielopatia. Conclusão: Necessita avaliação médica imediata.,atencao
2977,Radiografia de tórax em PA e perfil. Indicação: febre persistente. Extrassístoles ventriculares frequentes. Falha de enchimento em artéria pulmonar principal compatível com tromboembolismo. Conclusão: Necessita avaliação médica imediata.,urgente
2978,"Ultrassonografia de abdome total. Indicação: dor abdominal. Corpos vertebrais com altura e alinhamento preservados. Vesícula biliar de paredes finas, sem cálculos.",normal
2979,Tomografia computadorizada de crânio sem contraste. Indicação: controle de rotina. Sistema ventricular de dimensões preservadas. Não há supradesnivelamento do segmento ST. Opacidade em vidro fosco periférica de pequena extensão.,atencao
2980,"Eletrocardiograma de repouso. Indicação: dispneia progressiva. Vesícula biliar de paredes finas, sem cálculos. Sem sinais de tromboembolismo. Aorta de calibre normal. Conclusão: Exame dentro dos limites da normalidade.",normal
2981,Radiografia de tórax em PA e perfil. Indicação: dispneia progressiva. Dissecção de aorta torácica tipo A. Sistema ventricular de dimensões preservadas.,urgente
2982,Radiografia de tórax em PA e perfil. Indicação: dor abdominal. Discreta cardiomegalia. Corpos vertebrais com altura e alinhamento preservados.,atencao
2983,"Radiografia de tórax em PA e perfil. Indicação: avaliação pré-operatória. Vesícula biliar de paredes finas, sem cálculos. Seios costofrênicos livres. Conclusão: Exame dentro dos limites da normalidade.",normal
2984,"Radiografia de tórax em PA e perfil. Indicação: trauma após queda. Rins de forma, tamanho e contornos normais. Aorta de calibre normal. Conclusão: Exame dentro dos limites da normalidade.",normal
2985,"Radiografia de tórax em PA e perfil. Indicação: cefaleia intensa. Rins de forma, tamanho e contornos normais. Sistema ventricular de dimensões preservadas.",normal
2986,"Tomografia computadorizada de tórax. Indicação: lombalgia crônica. Corpos vertebrais com altura e alinhamento preservados. Rins de forma, tamanho e contornos normais. Conclusão: Estudo sem achados relevantes.",normal
2987,Tomografia computadorizada de crânio sem contraste. Indicação: dispneia progressiva. Área cardíaca dentro dos limites da normalidade. Fígado de dimensões e ecotextura normais. Conclusão: Exame dentro dos limites da normalidade.,normal
2988,Angiotomografia de artérias pulmonares. Indicação: dispneia progressiva. Parênquima pulmonar com transparência preservada. Cálculo renal não obstrutivo de 6 mm à direita. Conclusão: Recomenda-se acompanhamento ambulatorial.,atencao
2989,Radiografia de tórax em PA e perfil. Indicação: avaliação pré-operatória. Estruturas avaliadas com aspecto habitual. Dissecção de aorta torácica tipo A.,urgente
2990,Ultrassonografia obstétrica. Indicação: dispneia progressiva. Traçado sem alterações da repolarização ventricular. Ausência de sinais de hemorragia. Sistema ventricular de dimensões preservadas.,normal
2991,Radiografia de tórax em PA e perfil. Indicação: cefaleia intensa. Extrassístoles ventriculares frequentes. Corpos vertebrais com altura e alinhamento preservados.,atencao
2992,Eletrocardiograma de repouso. Indicação: lombalgia crônica. Cisto ovariano complexo de 4 cm. Supradesnivelamento do segmento ST em parede anterior. Conclusão: Necessita avaliação médica imediata.,urgente
2993,Tomografia computadorizada de tórax. Indicação: avaliação pré-operatória. Traçado sem alterações da repolarização ventricular. Sistema ventricular de dimensões preservadas. Conclusão: Sem alterações significativas.,normal
2994,Ultrassonografia obstétrica. Indicação: dispneia progressiva. Área cardíaca dentro dos limites da normalidade. Fígado de dimensões e ecotextura normais.,normal
2995,Ultrassonografia obstétrica. Indicação: lombalgia crônica. Fígado de dimensões e ecotextura normais. Sistema ventricular de dimensões preservadas. Conclusão: Estudo sem achados relevantes.,normal
2996,"Ultrassonografia obstétrica. Indicação: controle de rotina. Vesícula biliar de paredes finas, sem cálculos. Ritmo sinusal com frequência cardíaca normal. Sem sinais de tromboembolismo. Conclusão: Exame dentro dos limites da normalidade.",normal
2997,"Ressonância magnética de coluna lombar. Indicação: avaliação pré-operatória. Sem desvio da linha média. Rins de forma, tamanho e contornos normais. Área cardíaca dentro dos limites da normalidade. Conclusão: Estudo sem achados relevantes.",normal
2998,Tomografia computadorizada de crânio sem contraste. Indicação: síncope. Corpos vertebrais com altura e alinhamento preservados. Não há sinais de perfuração. Traçado sem alterações da repolarização ventricular. Conclusão: Sem alterações significativas.,normal
2999,"Ultrassonografia obstétrica. Indicação: controle de rotina. Rins de forma, tamanho e contornos normais. Estruturas avaliadas com aspecto habitual. Ausência de sinais de hemorragia. Conclusão: Estudo sem achados relevantes.",normal
3000,Ressonância magnética de coluna lombar. Indicação: controle de rotina. Ritmo sinusal com frequência cardíaca normal. Aneurisma de aorta abdominal roto.,urgente
